from,to,distance,ntrains
AADR,UHL,28.0,10
AADR,DLPC,15.0,6
AAG,WKA,6.0,1
AAG,MKPT,7.0,1
AAL,BUH,9.0,14
AAL,APR,13.0,16
AAL,SDL,29.0,2
AAM,CQA,7.0,2
AAM,PKQ,6.0,2
AAR,RDHP,76.0,4
AAR,SIOB,58.0,4
AAR,LAA,6.0,2
AAR,BUBR,9.0,2
AAS,BNO,17.0,2
AAS,PPR,15.0,2
AAY,VLY,18.0,4
AAY,NJT,18.0,4
AB,KPD,52.0,18
AB,JTJ,32.0,8
AB,GYM,27.0,3
AB,VN,16.0,15
AB,MPI,12.0,2
ABD,VG,48.0,8
ABD,GNC,28.0,2
ABD,CBCC,6.0,4
ABD,CLDY,6.0,2
ABI,DG,11.0,2
ABI,KQN,15.0,2
ABKA,GPAE,7.0,1
ABKA,BGRA,4.0,1
ABKA,BDC,42.0,13
ABKA,NDAE,24.0,13
ABKP,BSPR,19.0,6
ABKP,SJQ,39.0,2
ABLE,JJR,17.0,1
ABLE,PUNE,41.0,1
ABO,KRZ,6.0,1
ABO,ROK,6.0,1
ABP,MLPR,19.0,18
ABP,AY,53.0,8
ABP,GGJ,23.0,24
ABP,SHG,43.0,20
ABP,AYC,61.0,12
ABP,BSB,134.0,4
ABP,JNU,77.0,2
ABR,JWB,82.0,14
ABR,PNU,53.0,110
ABR,FA,98.0,44
ABR,PDWA,43.0,36
ABR,SRPJ,26.0,4
ABR,MJ,165.0,12
ABR,ADI,186.0,2
ABR,JU,269.0,2
ABR,MSH,117.0,2
ABR,AII,305.0,2
ABRV,MTSI,13.0,1
ABRV,ARPR,14.0,1
ABS,MOT,29.0,10
ABS,SGNR,53.0,12
ABS,PJK,14.0,2
ABS,PKK,15.0,3
ABS,FKA,43.0,4
ABS,BFE,8.0,2
ABS,KLWL,8.0,1
ABSA,AGTL,67.0,14
ABSA,DMR,73.0,16
ABSA,KUGT,40.0,4
ABSA,TLMR,29.0,8
ABSA,MANU,20.0,2
ABSA,MGKM,18.0,2
ABSA,JWNR,5.0,2
ABU,MAS,15.0,1
ABU,TRL,33.0,2
ABU,PER,9.0,1
ACG,VNA,6.0,1
ACG,BDWD,12.0,1
ACH,KURO,5.0,1
ACH,BAHP,4.0,1
ACL,AML,3.0,5
ACL,VDH,4.0,5
ACLE,MGLE,20.0,1
ACLE,AZ,1.0,1
ACN,TRK,7.0,1
ACN,AND,6.0,1
ACPR,SPTR,9.0,2
ACPR,DIPA,10.0,2
ACRN,VBW,9.0,2
ACRN,NAN,7.0,2
AD,MALM,41.0,47
AD,GTL,51.0,50
AD,RC,70.0,2
AD,KGL,15.0,1
AD,KO,28.0,3
AD,BAY,96.0,3
ADB,KNVT,45.0,12
ADB,PMKT,21.0,5
ADB,WANI,87.0,3
ADH,MMCT,17.0,2
ADH,BVI,13.0,15
ADH,BDTS,7.0,13
ADHL,ASK,8.0,1
ADHL,HVL,5.0,1
ADI,ND,46.0,156
ADI,VG,66.0,78
ADI,MSH,68.0,51
ADI,MAN,3.0,38
ADI,CLDY,11.0,10
ADI,MHD,28.0,4
ADI,GNC,29.0,8
ADI,MMCT,490.0,2
ADI,SUNR,130.0,16
ADI,ST,228.0,2
ADI,BRC,98.0,46
ADI,ANND,64.0,50
ADI,DHG,131.0,8
ADI,CYI,95.0,8
ADI,SEJ,31.0,4
ADI,SBIB,6.0,20
ADI,PNU,134.0,4
ADI,SBT,6.0,8
ADI,JVN,134.0,4
ADI,GDA,143.0,2
ADI,GIMB,300.0,2
ADI,HVD,162.0,3
ADI,BLDI,160.0,2
ADI,SRGT,132.0,2
ADL,KGP,103.0,6
ADL,DKAE,19.0,6
ADPT,USLP,21.0,2
ADPT,TENI,18.0,2
ADR,KBKN,11.0,2
ADR,JKHI,13.0,2
ADR,HSR,29.0,11
ADR,BHT,18.0,9
ADR,SSA,53.0,2
ADRA,PRR,39.0,6
ADRA,BQA,53.0,34
ADRA,BLS,286.0,2
ADRA,GAYA,242.0,1
ADRA,DDU,446.0,1
ADRA,ASN,41.0,21
ADRA,BJE,30.0,2
ADRA,JPH,30.0,2
ADRA,ANR,14.0,6
ADRA,CJN,39.0,6
ADRA,SNTD,23.0,6
ADRA,MDF,20.0,3
ADRA,IBL,13.0,2
ADRA,MYX,7.0,3
ADRA,GRB,7.0,2
ADRA,SNKR,7.0,3
ADRA,GMO,73.0,2
ADST,BDC,4.0,1
ADST,MUG,3.0,1
ADT,KTM,11.0,6
ADT,KMU,11.0,8
ADT,MV,20.0,2
ADTL,JBP,8.0,8
ADTL,DOE,9.0,6
ADTP,TATA,4.0,6
ADTP,GMH,7.0,6
ADVI,RN,32.0,16
ADVI,RAJP,32.0,2
ADVI,NIV,16.0,2
ADVI,VRLI,10.0,2
ADVI,VID,16.0,14
ADX,RXL,12.0,2
ADX,CAO,12.0,2
AED,RBS,5.0,2
AED,FTS,9.0,2
AEH,SMTL,5.0,2
AEH,ARI,10.0,2
AEK,HLE,10.0,1
AEK,HSRA,14.0,1
AEL,RE,38.0,4
AEL,NNL,14.0,5
AEL,KUND,15.0,1
AF,JAB,2.0,3
AF,IDH,2.0,14
AF,TDL,23.0,64
AF,AH,26.0,19
AF,SWM,226.0,4
AF,SMVJ,127.0,4
AF,GGC,161.0,6
AF,BXN,85.0,15
AF,AGC,4.0,4
AF,ETUE,18.0,2
AF,ALJN,95.0,2
AF,FTS,37.0,5
AF,BKI,151.0,2
AF,KOTA,333.0,3
AF,BTE,53.0,2
AF,CNB,253.0,2
AFK,CKI,15.0,31
AFK,AWY,9.0,38
AFK,TCR,45.0,6
AFK,KUC,5.0,1
AFR,DUB,10.0,2
AFR,CH,14.0,2
AGAS,KRYR,5.0,2
AGAS,BHAL,3.0,2
AGB,KPRR,7.0,2
AGB,AGZ,10.0,2
AGC,DHO,52.0,52
AGC,MTJ,54.0,100
AGC,RKM,4.0,21
AGC,MRA,80.0,23
AGC,BHA,10.0,2
AGC,GWL,118.0,84
AGC,NZM,187.0,29
AGC,VGLJ,217.0,10
AGC,FAB,46.0,4
AGC,NDLS,194.0,9
AGC,AH,26.0,6
AGC,DSJ,191.0,2
AGC,FDB,166.0,6
AGC,ETW,126.0,4
AGC,TDL,28.0,6
AGC,FTS,36.0,6
AGC,BXN,85.0,2
AGC,SSDT,28.0,2
AGC,GGC,162.0,2
AGI,NCH,18.0,2
AGI,NMT,11.0,3
AGI,MXN,28.0,4
AGI,SLGR,26.0,4
AGI,SLX,5.0,1
AGMN,BDYR,8.0,4
AGMN,DBB,34.0,4
AGN,G,23.0,14
AGN,DGG,50.0,6
AGN,SKS,15.0,8
AGR,PCN,9.0,2
AGR,BMI,4.0,2
AGTL,DMR,140.0,2
AGTL,UDPU,43.0,2
AGTL,TLMR,38.0,6
AGTL,JGNR,4.0,4
AGTL,SKKE,6.0,2
AGV,DNT,4.0,2
AGV,LXD,6.0,2
AGZ,NKX,8.0,2
AH,IDH,24.0,10
AH,BTE,28.0,35
AH,MTJ,38.0,4
AH,CIK,9.0,1
AH,RAI,6.0,1
AHA,KIUL,23.0,38
AHA,JMP,21.0,40
AHA,KJH,7.0,24
AHA,DRH,10.0,19
AHA,MSDN,5.0,3
AHH,MET,19.0,10
AHH,LDH,26.0,10
AHN,JRLE,6.0,2
AHN,SPLE,7.0,2
AI,AJE,7.0,12
AI,GIMB,9.0,14
AI,BHUJ,49.0,2
AIA,HSI,12.0,2
AIA,BWL,12.0,2
AIA,MJNL,6.0,2
AIA,KNAR,6.0,2
AII,KSG,25.0,108
AII,DOZ,7.0,5
AII,HTD,10.0,2
AII,JP,135.0,28
AII,FA,206.0,6
AII,NSD,23.0,31
AII,BER,52.0,53
AII,BJNR,65.0,10
AII,FL,80.0,8
AII,MJ,139.0,5
AII,BHL,132.0,18
AII,MDJN,7.0,5
AII,RANI,191.0,2
AIT,MOTH,34.0,10
AIT,ORAI,25.0,12
AIT,VGLJ,89.0,2
AJE,BHUJ,42.0,14
AJE,GIMB,16.0,2
AJI,HRI,32.0,12
AJI,SPN,30.0,11
AJI,ROZA,23.0,1
AJJ,RU,66.0,11
AJJ,PER,69.0,63
AJJ,MS,81.0,3
AJJ,TRT,13.0,18
AJJ,MAS,75.0,27
AJJ,WJR,36.0,6
AJJ,KPD,61.0,75
AJJ,TRL,27.0,29
AJJ,SHU,21.0,9
AJJ,MCN,44.0,1
AJJ,AVN,12.0,2
AJJ,CTRE,8.0,2
AJJ,CJ,31.0,4
AJJ,AVD,54.0,2
AJK,SRNR,3.0,2
AJK,WPR,6.0,2
AJNI,SNI,44.0,3
AJNI,NGP,3.0,8
AJNI,WR,75.0,5
AJP,RRB,18.0,11
AJP,HSD,21.0,4
AJP,SHV,10.0,7
AJR,BRKY,5.0,1
AJR,DKDE,8.0,1
AK,SEG,37.0,62
AK,BD,79.0,71
AK,MZR,38.0,32
AK,WHM,81.0,42
AK,BSL,140.0,41
AK,BGN,19.0,2
AK,MKU,89.0,22
AK,NN,62.0,4
AK,NGP,253.0,6
AK,GAO,12.0,1
AK,YAD,8.0,1
AK,NAVI,84.0,2
AK,WR,174.0,2
AKD,KSH,18.0,12
AKD,SJP,13.0,22
AKD,BCH,30.0,6
AKD,MKC,49.0,2
AKD,BLX,12.0,2
AKE,KMC,27.0,10
AKE,MZL,10.0,11
AKE,LSMP,4.0,1
AKJ,NHH,15.0,2
AKJ,HGH,17.0,2
AKN,BGP,14.0,10
AKN,SGG,10.0,12
AKN,CTMP,4.0,1
AKN,MVV,4.0,1
AKN,NAT,10.0,2
AKOR,SUR,35.0,10
AKOR,DUD,28.0,8
AKOR,GUR,51.0,4
AKOR,TLT,14.0,1
AKOR,HG,20.0,1
AKP,TUNI,64.0,23
AKP,VSKP,33.0,8
AKP,DVD,15.0,69
AKP,YLM,24.0,34
AKP,SLO,118.0,10
AKP,EE,258.0,2
AKP,ANV,81.0,4
AKP,NASP,17.0,2
AKP,KSK,6.0,2
AKRD,DEHR,5.0,5
AKRD,CCH,3.0,5
AKT,NIA,15.0,21
AKT,BSP,27.0,28
AKT,CPH,26.0,6
AKT,KTSH,6.0,2
AKT,KPNA,9.0,4
AKT,JRMG,13.0,1
AKV,BRC,80.0,50
AKV,ST,50.0,53
AKV,KSB,18.0,12
AKV,BH,10.0,22
AKV,PAO,10.0,7
AKVD,BVRT,18.0,36
AKVD,KKLR,17.0,38
AKVD,UNDI,10.0,2
ALAT,RDG,31.0,2
ALAT,KYND,16.0,2
ALB,WTJ,12.0,4
ALB,HAPA,10.0,4
ALER,ZN,14.0,18
ALER,BG,23.0,14
ALER,YADD,17.0,4
ALGP,HKD,8.0,3
ALGP,KTX,11.0,3
ALJN,TDL,78.0,38
ALJN,GZB,106.0,27
ALJN,ETW,170.0,5
ALJN,NDLS,132.0,9
ALJN,HRS,30.0,20
ALJN,KRJ,44.0,20
ALJN,CNB,309.0,19
ALJN,JJK,246.0,1
ALJN,ANVT,119.0,20
ALJN,DLI,126.0,5
ALJN,DIB,42.0,2
ALJN,ETUE,77.0,2
ALJN,BBA,55.0,4
ALJN,MWUE,6.0,1
ALJN,DAQ,7.0,1
ALLP,SRTL,23.0,23
ALLP,KYJ,44.0,24
ALLP,ERS,57.0,30
ALLP,QLN,85.0,10
ALLP,AMPA,13.0,18
ALLP,MAKM,13.0,5
ALM,KUK,7.0,4
ALM,KPL,9.0,4
ALMR,NGA,8.0,1
ALMR,UJ,7.0,1
ALPR,KRNT,7.0,1
ALPR,SBBJ,2.0,1
ALS,HTW,9.0,2
ALS,SVC,6.0,2
ALU,VRI,53.0,27
ALU,LLI,43.0,2
ALU,SRGM,58.0,20
ALU,TPJ,70.0,9
ALU,KKPM,25.0,2
ALU,PNDM,35.0,2
ALU,VM,107.0,4
ALUR,HAS,13.0,4
ALUR,SKLR,29.0,4
ALW,BOZ,1.0,1
ALW,CVB,2.0,1
AMB,MNGD,25.0,12
AMB,KSNG,48.0,4
AMB,NRLR,25.0,4
AMB,LJR,13.0,8
AMB,DKLU,12.0,4
AMBR,LTRR,13.0,1
AMBR,KTKR,8.0,1
AMC,JRU,13.0,3
AMC,CTA,21.0,3
AME,RBL,60.0,18
AME,MBDP,35.0,36
AME,JAIS,31.0,4
AME,GNG,13.0,24
AME,MCDA,14.0,9
AME,MFL,7.0,1
AMG,HRI,96.0,9
AMG,LKO,6.0,18
AMG,SAN,43.0,8
AMG,MLD,20.0,1
AMG,KKJ,8.0,1
AMG,LNWT,4.0,1
AMGA,DDNI,10.0,2
AMGA,RGJI,10.0,2
AMH,SMZ,26.0,8
AMH,MMA,21.0,20
AMH,MAU,43.0,6
AMH,KRND,35.0,11
AMH,SHG,57.0,9
AMH,SAA,12.0,2
AMI,BD,9.0,12
AMI,CND,38.0,4
AML,BIM,5.0,13
AML,NVS,16.0,8
AMLA,NRKR,82.0,4
AMLA,BZU,22.0,44
AMLA,JKR,12.0,2
AMLA,PAR,64.0,8
AMLA,MTY,23.0,20
AMLA,NGP,166.0,8
AMLA,BYS,10.0,3
AMLA,LLD,7.0,4
AMLA,BXY,27.0,4
AMLI,RWJ,8.0,4
AMLI,IDG,13.0,4
AMLP,VAN,3.0,1
AMLP,SAK,5.0,1
AMM,PKT,12.0,10
AMM,TTP,38.0,2
AMM,MTT,15.0,8
AMNE,HTLA,8.0,1
AMO,BHWR,4.0,1
AMO,NKE,13.0,1
AMP,PNE,15.0,6
AMP,SNT,13.0,14
AMP,BHP,20.0,8
AMP,KPLE,9.0,3
AMP,BSLE,6.0,3
AMPA,HAD,18.0,18
AMPL,MZC,4.0,1
AMPL,PPT,4.0,1
AMPR,RMH,8.0,1
AMPR,PGK,7.0,1
AMQ,CVB,1.0,1
AMQ,RKO,1.0,1
AMRO,MB,30.0,36
AMRO,GJL,23.0,16
AMRO,HPU,74.0,18
AMRO,GZB,110.0,2
AMSA,GBB,25.0,4
AMSA,TTR,27.0,4
AMSA,BSN,6.0,1
AMSA,SPGR,5.0,1
AN,SNK,41.0,6
AN,DXG,25.0,16
AN,JL,56.0,31
AN,NDB,95.0,23
AN,NDN,28.0,10
AN,BRTK,7.0,4
AN,TKHE,12.0,4
AN,DDE,61.0,16
AN,BSL,79.0,10
AN,ST,255.0,2
ANA,PHA,14.0,2
ANA,DMO,12.0,2
ANAS,BIO,8.0,2
ANAS,MGN,14.0,4
ANAS,DHD,19.0,2
ANB,OGL,15.0,8
ANB,CJM,14.0,8
ANB,RPRL,3.0,2
ANB,KRV,7.0,2
ANCR,BQA,11.0,1
ANCR,CJN,3.0,1
AND,TNI,4.0,1
ANDI,NUR,17.0,2
ANDI,SZM,6.0,3
ANDI,SNP,34.0,1
ANDN,SDDN,31.0,9
ANDN,GKP,42.0,13
ANDN,CM,8.0,6
ANDN,BMJ,13.0,6
ANDN,PJ,18.0,2
ANDN,LIR,21.0,6
ANE,KOU,7.0,2
ANE,OBVP,6.0,2
ANF,SRF,27.0,6
ANF,ARU,15.0,4
ANF,SMET,56.0,2
ANG,DDCC,82.0,50
ANG,BAP,67.0,40
ANG,KPG,111.0,22
ANG,MMR,153.0,2
ANG,DD,84.0,14
ANG,NYDO,12.0,1
ANG,PUNE,154.0,2
ANG,SNSI,103.0,2
ANGL,SBP,156.0,8
ANGL,TLHR,19.0,14
ANGL,SBPY,151.0,14
ANGL,TLHD,12.0,25
ANGL,BONA,39.0,10
ANGL,DNKL,60.0,12
ANGL,KPJG,14.0,2
ANGL,JRPD,24.0,2
ANGL,RAIR,85.0,17
ANGL,BBS,122.0,2
ANGR,BSRX,4.0,1
ANGR,WDL,5.0,1
ANI,KNW,12.0,1
ANI,ATR,17.0,1
ANK,MMR,15.0,2
ANK,NSL,9.0,2
ANKL,KAWR,28.0,14
ANKL,BYNR,97.0,4
ANKL,GOK,8.0,12
ANKL,HAA,15.0,2
ANMD,LAE,7.0,2
ANMD,BLSN,9.0,2
ANND,ND,18.0,169
ANND,BRC,34.0,169
ANND,CYI,31.0,51
ANND,MAN,61.0,4
ANND,VDA,15.0,7
ANND,KBRV,8.0,4
ANND,SNA,7.0,1
ANND,VLYN,5.0,2
ANO,KHED,14.0,3
ANO,CHI,16.0,3
ANPR,SKTN,21.0,2
ANPR,CPU,61.0,2
ANR,PRR,26.0,14
ANR,JOC,14.0,6
ANR,GRB,7.0,2
ANR,KSU,14.0,2
ANR,CKP,145.0,2
ANR,GMO,66.0,2
ANR,ASN,50.0,2
ANSB,KART,8.0,6
ANSB,NLDM,20.0,14
ANSB,RPAR,35.0,8
ANSB,CDG,105.0,2
ANSB,UHL,36.0,2
ANT,QG,19.0,2
ANT,ATPA,19.0,2
ANV,TUNI,17.0,35
ANV,SLO,37.0,27
ANV,PAP,24.0,15
ANV,GLP,19.0,3
ANV,YLM,56.0,8
ANV,DGDG,10.0,2
ANVR,CNJ,2.0,1
ANVR,MWC,4.0,1
ANVR,SBB,6.0,2
ANVR,TKJ,10.0,2
ANVT,MB,153.0,10
ANVT,CNB,428.0,43
ANVT,GZB,12.0,49
ANVT,MTC,60.0,4
ANVT,SBB,6.0,2
ANVT,TDL,197.0,2
ANVT,GOY,424.0,5
ANW,UNI,8.0,2
ANW,DOLK,6.0,2
ANY,KZB,6.0,2
ANY,KZY,2.0,2
AO,NSU,7.0,2
AO,KEG,12.0,2
AO,SPN,91.0,10
AO,CH,42.0,12
AO,DUB,18.0,2
AO,BE,24.0,4
APA,SEU,8.0,1
APA,BER,6.0,1
APDJ,HOJ,26.0,2
APDJ,NBQ,112.0,6
APDJ,HSA,35.0,12
APDJ,NCB,22.0,8
APDJ,KOJ,81.0,10
APDJ,BNV,69.0,2
APDJ,NMZ,114.0,2
APDJ,RVK,11.0,2
APDJ,DLO,60.0,4
APK,VPT,22.0,11
APK,MNM,45.0,9
APK,KKDI,105.0,2
APL,MCVM,7.0,2
APL,BPP,9.0,2
APMR,GJWL,11.0,2
APMR,NCRM,6.0,2
APN,VGE,19.0,2
APN,SXT,8.0,2
APR,BUH,21.0,11
APR,KTMA,31.0,10
APR,SDL,41.0,28
APR,PND,50.0,37
APR,JTI,14.0,14
APR,BJRI,48.0,2
APT,SLO,26.0,26
APT,RJY,24.0,7
APT,DWP,4.0,22
APT,BVL,9.0,3
APTA,PNVL,15.0,3
APTA,JITE,10.0,9
APTA,RSYI,4.0,6
AQG,RDRA,8.0,2
AQG,JSM,102.0,2
AQG,POK,4.0,1
AQG,OCH,17.0,1
ARA,BXR,69.0,151
ARA,DNR,39.0,114
ARA,PNBE,49.0,49
ARA,BTA,22.0,26
ARA,BEA,22.0,20
ARA,DURE,53.0,12
ARA,DDU,159.0,6
ARA,GQN,19.0,2
ARA,PIRO,39.0,2
ARA,MTBH,6.0,1
ARA,KUA,10.0,1
ARA,PPTA,46.0,4
ARCL,BPB,23.0,2
ARCL,JRBM,50.0,2
ARCL,SCA,8.0,3
ARCL,SCL,7.0,3
ARD,RGT,6.0,4
ARD,BTS,6.0,4
ARGP,RDI,5.0,1
ARGP,BSN,5.0,1
ARI,STLI,15.0,2
ARJ,BSB,35.0,23
ARJ,MAU,57.0,10
ARJ,BCY,31.0,12
ARJ,GCT,40.0,39
ARJ,SRNT,24.0,8
ARJ,KDQ,14.0,4
ARJ,NDJ,22.0,2
ARJ,DHE,21.0,10
ARJ,DLR,37.0,4
ARJ,SDT,19.0,8
ARJ,KCT,30.0,2
ARJ,JNU,59.0,4
ARK,KRPU,85.0,2
ARK,SUP,79.0,2
ARK,ARKV,6.0,2
ARK,GPJ,10.0,2
ARKV,SMLG,6.0,2
ARL,BLU,10.0,2
ARL,KJN,16.0,2
ARNA,KVGM,5.0,2
ARNA,BKI,6.0,2
ARPL,GWD,8.0,2
ARPL,SRNR,4.0,2
ARQ,FBG,29.0,6
ARQ,PRNA,38.0,6
ARU,KMSI,15.0,4
ARV,VLR,36.0,4
ARV,PRL,16.0,2
ARV,TNM,47.0,2
AS,MHJ,15.0,7
AS,SOG,47.0,4
AS,RJS,16.0,3
ASAF,RECH,14.0,4
ASAF,SKZR,14.0,4
ASCE,KUW,6.0,1
ASCE,SRO,6.0,1
ASD,SMD,16.0,2
ASD,KKY,15.0,4
ASD,KIC,4.0,4
ASD,PCM,27.0,2
ASE,BGZ,8.0,1
ASE,ROHN,5.0,1
ASH,CNB,76.0,22
ASH,MBP,8.0,2
ASH,BNZ,9.0,32
ASH,ON,58.0,20
ASH,LJN,3.0,2
ASH,LC,3.0,8
ASH,HRN,27.0,2
ASH,BST,211.0,4
ASH,GD,121.0,2
ASK,DRU,39.0,43
ASK,TTR,26.0,51
ASK,HAS,47.0,10
ASK,RRB,45.0,47
ASK,TK,96.0,37
ASK,DVG,159.0,10
ASK,BSN,46.0,2
ASK,BVR,16.0,1
ASKN,MNV,46.0,10
ASKN,GUNA,44.0,27
ASKN,PIA,27.0,8
ASKN,SHDR,15.0,4
ASKN,SGO,143.0,6
ASKN,HPKA,8.0,1
ASKN,RIKA,8.0,1
ASKN,BINA,74.0,4
ASKN,MAKR,72.0,3
ASL,PSO,9.0,2
ASL,NKI,8.0,2
ASN,ULT,13.0,4
ASN,RNG,18.0,35
ASN,DHN,58.0,65
ASN,DGR,42.0,93
ASN,CRJ,25.0,82
ASN,BWN,104.0,10
ASN,MDP,82.0,18
ASN,HWH,199.0,14
ASN,JSME,111.0,8
ASN,KOAA,205.0,8
ASN,BRR,16.0,4
ASN,STN,9.0,6
ASN,JOC,37.0,12
ASN,KMME,18.0,2
ASN,KPK,5.0,2
ASN,BCQ,5.0,2
ASN,UDL,26.0,8
ASN,BURN,5.0,7
ASN,SHM,208.0,2
ASN,JMT,40.0,4
ASN,SDAH,212.0,2
ASR,JNL,19.0,9
ASR,BEAS,42.0,87
ASR,BAT,38.0,8
ASR,VKA,8.0,2
ASR,UMB,249.0,2
ASR,SRE,331.0,2
AST,PWL,11.0,2
AST,BVH,10.0,2
ASV,SDGM,4.0,7
ASV,NHM,26.0,1
AT,LOL,8.0,2
AT,KAWR,8.0,2
ATC,STPD,1.0,1
ATC,JOO,1.0,1
ATE,BNDA,31.0,24
ATE,CKTD,37.0,26
ATE,KHU,13.0,4
ATE,BUS,9.0,2
ATH,BAZ,21.0,8
ATH,KOTA,45.0,6
ATH,DXD,29.0,2
ATL,BARH,9.0,11
ATL,BKP,9.0,9
ATL,KRNN,9.0,2
ATNR,BAGL,5.0,1
ATNR,DGA,6.0,1
ATP,GTL,68.0,37
ATP,DMM,34.0,76
ATP,YNK,195.0,4
ATP,DHNE,111.0,14
ATP,GY,57.0,23
ATP,KRNT,164.0,4
ATP,GYJ,54.0,2
ATP,PSPY,5.0,3
ATP,TAC,7.0,3
ATP,GDE,17.0,1
ATP,ZPL,13.0,1
ATPA,SINA,23.0,2
ATQ,KKDI,28.0,12
ATQ,PVI,25.0,10
ATQ,PKT,46.0,2
ATR,KTKH,9.0,1
ATRU,CAG,29.0,2
ATRU,BAZ,30.0,6
ATRU,SYL,14.0,4
ATRU,POR,7.0,1
ATRU,RTA,69.0,1
ATS,SBP,24.0,4
ATS,BRGA,18.0,6
ATS,HKG,17.0,2
ATU,SA,56.0,4
ATU,CHSM,31.0,6
ATU,ETP,16.0,2
ATUL,PAD,4.0,5
ATUL,BL,6.0,5
ATX,KTNR,8.0,1
ATX,SRSI,4.0,1
AUB,DLK,59.0,2
AUB,NJP,56.0,24
AUB,KNE,30.0,30
AUB,TKG,20.0,8
AUBR,DOS,16.0,59
AUBR,GAYA,69.0,37
AUBR,RFJ,31.0,16
AUBR,SSM,34.0,2
AUBR,PES,9.0,8
AUBR,SEB,11.0,2
AUBR,JHN,20.0,2
AUI,SKHK,3.0,1
AUI,SKEN,4.0,1
AUN,HNS,7.0,3
AUN,JKZ,3.0,3
AUNG,BKO,6.0,3
AUNG,SSL,18.0,2
AUNG,KBN,6.0,1
AUS,TSD,19.0,4
AUS,SDMK,10.0,4
AVD,KPD,115.0,3
AVD,PER,14.0,4
AVD,MAS,21.0,2
AVD,TRL,27.0,1
AVK,ONR,4.0,2
AVK,KXT,6.0,10
AVK,WEL,2.0,8
AVN,SHU,9.0,4
AVN,CTRE,4.0,2
AVRD,SVX,11.0,19
AVRD,SGR,13.0,18
AVRD,KDVI,6.0,1
AVS,PUU,8.0,14
AVS,KKZ,11.0,10
AVS,KIF,4.0,4
AWB,LSR,33.0,15
AWB,J,63.0,45
AWB,MMR,113.0,12
AWB,NSL,89.0,14
AWB,RGO,61.0,3
AWB,MKDD,6.0,6
AWB,DLB,12.0,2
AWR,RE,74.0,31
AWR,BKI,61.0,26
AWR,KRH,27.0,33
AWR,JP,150.0,16
AWR,GVH,46.0,4
AWR,RHG,36.0,18
AWR,DEC,142.0,4
AWR,DO,90.0,10
AWR,GGN,125.0,2
AWR,MKH,19.0,4
AWR,MWW,11.0,2
AWR,PSL,13.0,4
AWR,GZKA,8.0,2
AWR,RAH,26.0,2
AWR,GADJ,145.0,2
AWY,TCR,54.0,102
AWY,ERS,20.0,62
AWY,ERN,17.0,73
AWY,IPL,11.0,5
AWY,KLMR,6.0,2
AWY,CKI,25.0,2
AXA,WKR,8.0,1
AXA,SDD,5.0,1
AY,AYC,8.0,46
AY,GGJ,31.0,23
AY,BLG,15.0,1
AY,MUR,38.0,18
AY,SHG,98.0,10
AY,LKO,135.0,8
AY,KEA,8.0,2
AY,BSB,188.0,2
AY,GTNR,127.0,2
AY,BST,100.0,2
AY,RDL,45.0,2
AYC,RDL,38.0,13
AYC,SLW,15.0,12
AYC,LKO,127.0,32
AYC,DYD,61.0,2
AYC,KJA,27.0,2
AYC,MEQ,19.0,2
AYC,BBK,99.0,1
AYC,GTNR,120.0,2
AYC,SHG,105.0,8
AYC,BSB,196.0,2
AYC,SLN,58.0,6
AYD,MMP,4.0,1
AYD,TRK,14.0,1
AYU,GLPT,34.0,4
AYU,BLPA,50.0,2
AYU,MZQ,8.0,2
AYU,JPZ,16.0,2
AYU,CHAA,27.0,2
AYV,SCT,15.0,2
AYV,TML,13.0,2
AYV,BJM,9.0,2
AYV,AYVN,4.0,2
AYVN,EDP,2.0,2
AZ,KWAE,73.0,11
AZ,JRLE,35.0,26
AZ,SDI,18.0,4
AZ,KGLE,15.0,23
AZ,GALE,29.0,1
AZ,LCAE,7.0,1
AZ,NFK,82.0,4
AZ,MLDT,117.0,5
AZ,NDAE,112.0,2
AZA,MRZA,12.0,2
AZA,KYQ,13.0,2
AZR,KDPR,14.0,2
AZR,DLK,42.0,2
AZR,BOE,13.0,8
AZR,KWE,8.0,4
AZR,LAV,20.0,2
AZR,KIR,43.0,2
BAB,BZY,12.0,4
BAB,VGLJ,24.0,20
BAB,TBT,25.0,6
BAB,LAR,64.0,10
BABH,KRKH,7.0,4
BABH,MAHM,8.0,4
BABR,RRGA,5.0,4
BABR,SHNR,14.0,3
BABR,BRGL,3.0,2
BABR,GLY,15.0,1
BAF,SIRD,18.0,1
BAF,MAAR,22.0,1
BAGD,VAPI,7.0,1
BAGD,UVD,3.0,1
BAGJ,RKL,8.0,1
BAGJ,POU,7.0,1
BAGL,DGA,11.0,2
BAGL,DRI,4.0,3
BAH,DEOR,17.0,2
BAH,RDHP,24.0,4
BAH,MITA,7.0,2
BAH,DVGM,12.0,2
BAH,BCOB,175.0,2
BAH,BLDI,43.0,4
BAHI,CTA,20.0,5
BAHI,CHKE,15.0,5
BAHL,QG,17.0,2
BAHP,TKRP,3.0,1
BAI,KUT,9.0,2
BAI,JHIR,7.0,2
BAJ,SNA,4.0,1
BAJ,OD,6.0,1
BAK,DO,11.0,2
BAK,KVGM,7.0,2
BAKA,MRHA,7.0,2
BAKA,DGHR,55.0,2
BAKA,BGP,51.0,2
BAKT,SKEN,3.0,1
BAKT,RBN,4.0,1
BAL,TJ,17.0,9
BAL,TPJ,33.0,7
BAL,TRB,22.0,2
BALU,CAP,55.0,27
BALU,KUR,71.0,54
BALU,BAM,76.0,31
BALU,KAPG,28.0,10
BALU,KIT,17.0,10
BALU,NKP,45.0,2
BALU,KUU,21.0,2
BALU,GNGD,13.0,4
BALU,CLKA,7.0,4
BAM,IPM,24.0,38
BAM,CAP,21.0,41
BAM,VZM,216.0,25
BAM,KUR,147.0,76
BAM,PSA,74.0,62
BAM,VSKP,276.0,8
BAM,CHE,147.0,6
BAM,JNP,9.0,2
BAM,GTA,10.0,2
BAM,SPT,42.0,13
BAMA,BXN,4.0,2
BAMA,BR,5.0,2
BAMR,BONA,31.0,4
BAMR,RAIR,16.0,6
BAMR,SRGP,9.0,2
BAND,YPR,12.0,8
BAND,HSRA,51.0,6
BAND,BAW,19.0,4
BAND,SMVB,2.0,4
BAND,CRLM,15.0,2
BAND,KJM,7.0,4
BAND,TK,76.0,4
BAND,HEB,7.0,1
BAND,BLRR,13.0,1
BANE,LUNI,25.0,4
BANE,JU,6.0,2
BANE,BGKT,4.0,2
BANO,HTE,93.0,2
BANO,ROU,71.0,5
BANO,GBX,52.0,4
BANO,NXN,43.0,3
BANO,RNC,100.0,2
BANO,ORGA,36.0,4
BANO,PKF,31.0,4
BAO,RRU,6.0,2
BAO,NUB,6.0,2
BAP,PB,20.0,4
BAP,KPG,44.0,32
BAP,SNSI,36.0,4
BAPR,RDN,5.0,2
BAPR,DRO,6.0,2
BAQ,GLG,18.0,8
BAQ,MABA,29.0,16
BAQ,BHS,39.0,46
BAQ,BINA,46.0,34
BAQ,BET,9.0,2
BAQ,KAH,19.0,2
BAR,HP,11.0,1
BAR,SEU,9.0,1
BARH,MKA,26.0,52
BARH,BKP,18.0,50
BARH,KIUL,60.0,2
BARH,LEB,8.0,2
BARH,PHK,11.0,5
BARL,HPU,29.0,1
BARL,BSC,12.0,1
BAT,DHW,19.0,8
BAT,VKA,31.0,2
BAT,PTK,69.0,2
BAU,RV,21.0,12
BAU,NPNR,26.0,12
BAU,BSL,54.0,46
BAU,KNW,69.0,50
BAU,MKU,98.0,2
BAU,WGA,11.0,2
BAW,TK,57.0,13
BAW,SMVB,21.0,8
BAW,YPR,9.0,18
BAW,KIGL,59.0,1
BAW,NMGA,14.0,8
BAW,DBL,23.0,3
BAW,KIAT,50.0,4
BAW,SDVL,3.0,1
BAWD,DWD,7.0,1
BAWD,KBH,7.0,1
BAY,HPT,66.0,10
BAY,GTL,48.0,26
BAY,RDG,53.0,2
BAY,OBM,15.0,7
BAY,KDN,19.0,5
BAY,TNGL,33.0,15
BAY,BLL,37.0,2
BAY,MOMU,68.0,2
BAY,CTA,151.0,4
BAY,HDD,6.0,4
BAY,HGI,13.0,2
BAY,BYC,5.0,2
BAZ,GUNA,118.0,12
BAZ,KOTA,67.0,16
BAZ,CAG,59.0,4
BAZ,POR,22.0,1
BAZ,SGAC,64.0,3
BAZ,SYL,43.0,4
BBA,RG,6.0,2
BBA,BJ,27.0,4
BBA,CH,43.0,2
BBAI,LKKD,5.0,5
BBAI,NWU,12.0,5
BBD,SVG,7.0,1
BBD,KLBG,6.0,1
BBGN,GLGT,32.0,2
BBGN,JTTN,28.0,2
BBGN,RNGG,6.0,2
BBGN,MOBD,10.0,2
BBHT,NERH,4.3,2
BBHT,BELA,3.0,2
BBK,LKO,28.0,56
BBK,JLD,43.0,5
BBK,BUW,28.0,12
BBK,RDL,61.0,7
BBK,BNZ,25.0,29
BBK,GD,88.0,49
BBK,CLJ,60.0,2
BBK,SGJ,19.0,4
BBK,DYD,38.0,16
BBK,SFH,7.0,1
BBK,GTNR,20.0,12
BBK,GKP,243.0,2
BBM,CNI,23.0,14
BBM,PRR,31.0,15
BBM,URMA,8.0,3
BBM,BRMD,5.0,3
BBM,TATA,58.0,1
BBN,BJMD,10.0,4
BBS,KUR,19.0,227
BBS,CTC,27.0,183
BBS,HWH,436.0,2
BBS,VZM,382.0,6
BBS,PURI,63.0,4
BBS,BLS,227.0,6
BBS,MCS,7.0,8
BBS,DNKL,61.0,16
BBS,LGTR,4.0,4
BBS,BRAG,15.0,2
BBS,BNBH,3.0,2
BBS,NQR,24.0,6
BBS,KGP,343.0,2
BBS,HIJ,316.0,2
BBSN,BRAG,3.0,4
BBSN,MCS,6.0,2
BBSN,PTAB,3.0,2
BBTR,GDYA,12.0,1
BBTR,MGRD,6.0,1
BBU,DDU,53.0,62
BBU,SSM,48.0,50
BBU,KTQ,22.0,16
BBU,PSE,13.0,2
BBU,DGO,9.0,2
BC,IZN,5.0,22
BC,BRY,2.0,16
BC,BE,3.0,8
BC,BPR,17.0,2
BCA,BJU,17.0,18
BCA,DSS,11.0,11
BCA,STJT,6.0,2
BCA,TGA,9.0,1
BCA,SPP,33.0,4
BCA,SPJ,34.0,2
BCB,SDMD,3.0,1
BCB,JBO,3.0,1
BCH,MKC,20.0,22
BCH,KSH,12.0,12
BCH,SJP,44.0,24
BCH,UJN,60.0,20
BCH,PUO,12.0,2
BCH,KONY,5.0,2
BCHL,KRDL,9.0,4
BCHL,DWZ,34.0,2
BCHL,BHNS,10.0,2
BCK,RDU,6.0,2
BCK,KGP,24.0,2
BCN,RBL,31.0,12
BCN,LKO,47.0,16
BCN,HCP,16.0,12
BCN,NHN,11.0,8
BCOB,GIMB,37.0,34
BCOB,SIOB,16.0,32
BCOB,VONB,9.0,2
BCOB,CHIB,13.0,2
BCP,RAI,10.0,1
BCP,IDH,8.0,1
BCQ,STN,4.0,2
BCRD,JMV,5.0,4
BCRD,BXY,8.0,4
BCU,BTI,17.0,4
BCU,PUL,15.0,4
BCY,BSB,4.0,26
BCY,SRNT,7.0,8
BCY,KDQ,17.0,4
BD,MZR,41.0,34
BD,DMN,46.0,22
BD,CND,29.0,10
BD,NGP,174.0,14
BD,WR,95.0,43
BD,BSL,219.0,2
BD,KUM,16.0,1
BD,NAVI,6.0,6
BDBA,RHMA,12.0,1
BDBA,PRDP,11.0,1
BDBP,NILE,2.0,2
BDBP,DGLE,7.0,2
BDC,NH,9.0,34
BDC,BWN,68.0,54
BDC,KOAA,43.0,6
BDC,NDAE,66.0,16
BDC,CGR,7.0,3
BDC,HWH,39.0,33
BDC,SHE,17.0,5
BDC,SRP,19.0,2
BDC,CNS,4.0,6
BDC,MUG,7.0,1
BDC,BSAE,5.0,1
BDC,KJU,12.0,1
BDC,KWAE,105.0,2
BDCR,KRA,39.0,2
BDCR,MUGR,49.0,2
BDCR,BTPD,9.0,2
BDDR,LAL,7.0,2
BDDR,KSD,6.0,2
BDE,JJW,8.0,1
BDE,JBU,5.0,1
BDGM,SINA,12.0,2
BDGU,GIN,9.0,3
BDGU,JBGD,9.0,3
BDH,GKH,11.0,2
BDH,BHP,8.0,5
BDH,PCQ,5.0,3
BDI,JL,11.0,2
BDI,BSL,13.0,2
BDJ,TLY,22.0,29
BDJ,CLT,46.0,27
BDJ,QLD,22.0,20
BDJ,MAHE,13.0,22
BDJ,PYOL,10.0,6
BDJ,CAN,43.0,2
BDL,MZP,7.0,34
BDL,PCOI,74.0,20
BDL,DDU,70.0,4
BDL,PRYJ,83.0,8
BDL,MNF,28.0,2
BDL,MJA,44.0,8
BDLN,GOM,13.0,6
BDLN,DMC,13.0,4
BDLN,JFD,8.0,2
BDM,BGK,26.0,15
BDM,GDG,66.0,13
BDM,GED,13.0,9
BDM,LKY,11.0,3
BDM,HLAR,19.0,8
BDMJ,NDLS,65.0,2
BDMJ,PNP,24.0,3
BDMJ,DLI,64.0,3
BDMJ,SMK,6.0,2
BDNK,TENI,15.0,2
BDNP,SJT,4.0,1
BDNP,BRE,6.0,1
BDO,TATA,42.0,4
BDO,OND,13.0,4
BDPG,GJTA,4.0,2
BDPG,CBT,4.0,2
BDPK,TTPT,3.0,1
BDPK,MRDL,8.0,2
BDPK,TLHR,13.0,1
BDSW,SDS,10.0,1
BDSW,BUGL,5.0,1
BDTS,BVI,19.0,106
BDTS,ST,252.0,2
BDTS,VAPI,157.0,2
BDU,J,19.0,6
BDU,MKDD,37.0,4
BDU,KMV,19.0,2
BDVL,FM,6.0,4
BDVL,UR,7.0,7
BDVL,NSVP,2.0,3
BDVR,SUP,7.0,2
BDVR,CMDP,31.0,2
BDVT,TKE,21.0,15
BDVT,SMET,18.0,8
BDVT,SME,16.0,7
BDW,NSD,19.0,2
BDW,BJNR,22.0,2
BDWD,BSL,31.0,6
BDWD,MKU,19.0,8
BDWD,VNA,18.0,2
BDWD,KLHD,5.0,1
BDWL,RJS,13.0,3
BDWL,SOG,18.0,3
BDWS,MINA,18.0,4
BDWS,KLRS,28.0,6
BDWS,GUNA,49.0,6
BDWS,RSJ,9.0,3
BDWS,LWS,12.0,3
BDWS,SVPI,52.0,4
BDXT,GHH,6.0,4
BDXT,GGN,4.0,4
BDXX,TPQ,6.0,2
BDXX,DMK,11.0,2
BDYR,NCB,37.0,4
BDZ,KNJ,10.0,4
BDZ,THP,5.0,4
BE,HRI,133.0,8
BE,MB,91.0,118
BE,SPN,71.0,69
BE,RMU,63.0,34
BE,LKO,235.0,56
BE,LJN,235.0,6
BE,PMR,20.0,11
BE,NRS,32.0,2
BE,CBJ,8.0,2
BE,MIL,40.0,6
BE,BTO,18.0,2
BE,BLPU,35.0,2
BE,TLH,53.0,1
BE,STP,161.0,15
BE,ON,267.0,2
BEA,RPR,14.0,12
BEA,DURE,31.0,8
BEA,BYN,6.0,1
BEA,KYA,8.0,1
BEAS,JUC,37.0,91
BEAS,JNL,23.0,9
BEAS,KRE,22.0,7
BEAS,JRC,41.0,2
BEB,REJ,9.0,6
BEB,BPC,18.0,6
BEB,PLY,18.0,4
BEB,BFT,6.0,4
BEDM,BINR,13.0,4
BEDM,DEEG,12.0,4
BEH,JSG,22.0,8
BEH,BMB,15.0,10
BEH,PNPL,6.0,5
BEH,GP,50.0,1
BEH,DIH,7.0,2
BEHJ,DEEG,6.0,2
BEHJ,GDO,9.0,2
BEHR,VST,30.0,4
BEHR,MWJ,47.0,6
BEHR,JOBA,40.0,2
BEHR,BRGW,129.0,4
BEHR,KMZ,114.0,4
BEHR,KHBJ,61.0,5
BEHR,SGAM,93.0,1
BEHS,POE,6.0,6
BEHS,WENA,14.0,6
BEHS,NLD,10.0,4
BEHS,HRT,19.0,4
BELA,MDE,11.0,8
BELA,GAYA,20.0,12
BELA,JHD,27.0,4
BELA,NYM,5.0,2
BELD,NU,11.0,2
BELD,KKB,5.0,6
BELD,GPC,5.0,4
BEM,UJH,13.0,4
BEM,BRY,43.0,10
BEM,KSJ,60.0,4
BEM,SRNK,45.0,2
BENA,JIBI,14.0,2
BENA,STRB,10.0,2
BENL,WDL,4.0,1
BENL,LMT,5.0,1
BER,MJ,88.0,30
BER,FA,154.0,4
BER,SOD,66.0,10
BER,SEU,13.0,7
BER,HP,34.0,2
BER,BNGM,5.0,1
BET,KAH,10.0,2
BEU,BGAN,10.0,2
BEU,PDR,8.0,2
BEW,NDN,7.0,4
BEW,PDP,6.0,4
BEY,BMH,6.0,5
BEY,KEF,9.0,3
BEY,PNM,19.0,2
BFD,SPK,13.0,3
BFD,NAM,5.0,3
BFE,PKK,7.0,2
BFJ,CSN,7.0,2
BFJ,JMD,7.0,2
BFM,JMU,9.0,2
BFM,MNP,5.0,2
BFR,KZE,8.0,3
BFR,KQK,5.0,3
BFT,SGV,3.0,4
BG,CHZ,34.0,6
BG,SC,46.0,10
BG,ZN,38.0,5
BG,MLY,40.0,2
BG,BN,13.0,4
BG,YADD,6.0,4
BGAE,JIT,3.0,2
BGAE,SOAE,3.0,2
BGAN,GD,17.0,2
BGAN,PDR,18.0,2
BGAN,GADM,9.0,2
BGBR,KRAR,21.0,14
BGBR,MSMD,31.0,18
BGBR,KMK,11.0,4
BGD,SCV,7.0,2
BGD,SSA,18.0,2
BGHI,HNM,8.0,2
BGHI,TZR,9.0,4
BGHI,STA,28.0,2
BGHU,CMDP,9.0,2
BGHU,KVLS,11.0,2
BGK,LMT,35.0,20
BGK,MGL,8.0,3
BGK,GED,13.0,9
BGK,BJP,97.0,2
BGK,GDG,93.0,1
BGK,BSRX,52.0,2
BGKT,LUNI,28.0,12
BGKT,JU,3.0,23
BGKT,SMR,77.0,6
BGKT,PMY,69.0,6
BGM,GPB,58.0,18
BGM,KNP,26.0,14
BGM,LD,51.0,22
BGM,DWR,121.0,14
BGM,MRJ,137.0,20
BGM,PCH,37.0,2
BGM,UBL,141.0,3
BGM,PRG,2112.0,1
BGM,SXB,9.0,2
BGMR,CHM,5.0,3
BGMR,GGAR,5.0,3
BGN,MZR,19.0,2
BGN,YAD,11.0,1
BGN,KTP,8.0,1
BGND,SWJ,9.0,2
BGND,SUZ,10.0,2
BGND,GOM,18.0,2
BGND,NLP,25.0,2
BGNP,NDL,30.0,4
BGNP,KLKA,14.0,4
BGNR,YY,14.0,10
BGNR,SBGA,35.0,10
BGNR,KIGL,32.0,2
BGNR,HISE,19.0,2
BGO,GBA,5.0,3
BGO,PBA,8.0,3
BGP,JMP,53.0,10
BGP,SGG,24.0,54
BGP,BHLE,36.0,16
BGP,SBO,8.0,9
BGP,NAT,4.0,5
BGP,GGA,21.0,6
BGP,DWLE,25.0,2
BGP,HPLE,11.0,2
BGP,CLG,31.0,12
BGP,PPT,52.0,2
BGP,SBG,75.0,6
BGP,MDLE,49.0,2
BGPL,TMKA,7.0,2
BGPL,SKND,9.0,2
BGQ,NBUE,26.0,2
BGQ,MNQ,13.0,6
BGQ,FBD,44.0,4
BGRA,DTAE,5.0,1
BGS,KGG,41.0,61
BGS,BJU,15.0,59
BGS,NBJU,13.0,26
BGS,SKJ,27.0,4
BGS,LKN,18.0,14
BGS,MGR,40.0,4
BGS,NNA,108.0,2
BGS,KIR,164.0,2
BGS,PNC,112.0,2
BGSF,JMKT,7.0,2
BGSF,PTKP,10.0,2
BGTA,SQL,8.0,4
BGTA,GMD,13.0,4
BGU,SMI,32.0,22
BGU,RXL,53.0,18
BGU,GRH,19.0,4
BGVN,DD,28.0,4
BGVN,JEUR,47.0,2
BGVN,MLM,8.0,1
BGVN,JNTR,12.0,1
BGVN,PRWD,21.0,2
BGWD,GPB,8.0,2
BGWD,CKR,7.0,2
BGWI,GRWD,3.0,5
BGWI,DEHR,3.0,5
BGY,RJLK,8.0,2
BGZ,SSB,20.0,22
BGZ,ROK,40.0,30
BGZ,SPZ,18.0,6
BGZ,NNO,13.0,10
BGZ,DLI,30.0,2
BGZ,NDLS,31.0,2
BGZ,GHE,7.0,1
BH,BRC,71.0,146
BH,ST,59.0,133
BH,VS,67.0,3
BH,PLJ,25.0,9
BH,NIU,12.0,6
BH,MYG,40.0,2
BH,KSB,28.0,2
BH,UDN,63.0,4
BH,SYN,46.0,4
BH,KIM,36.0,2
BH,CVJ,5.0,1
BHA,JJ,16.0,2
BHAL,PTD,6.0,2
BHB,KFA,14.0,4
BHB,MNE,8.0,4
BHBK,SHSK,30.0,6
BHBK,KNVT,15.0,6
BHBR,PCDR,10.0,1
BHBR,PLWR,4.0,1
BHC,SORO,29.0,18
BHC,JJKR,44.0,95
BHC,CTC,115.0,36
BHC,BLS,62.0,107
BHC,KGP,183.0,6
BHC,MKO,14.0,3
BHC,RNTL,8.0,3
BHC,KED,15.0,2
BHC,RDBR,6.0,2
BHC,BTV,32.0,2
BHCL,DHA,7.0,1
BHCL,ZNA,5.0,1
BHD,SZM,11.0,1
BHD,NUR,12.0,1
BHET,BL,59.0,10
BHET,NDB,160.0,9
BHET,VAPI,86.0,2
BHET,NVS,20.0,7
BHET,CHM,15.0,6
BHET,VYA,60.0,3
BHET,SCH,5.0,5
BHET,UDN,6.0,5
BHET,BIY,30.0,2
BHGJ,MIKD,4.0,1
BHI,BPR,32.0,4
BHI,KHH,15.0,10
BHI,DRN,17.0,2
BHI,IZN,44.0,4
BHJA,PFU,10.0,2
BHJA,MKRD,12.0,2
BHKD,BRKA,12.0,2
BHKD,PTRU,8.0,2
BHKH,JHN,7.0,2
BHKH,PES,4.0,2
BHL,BJNR,67.0,29
BHL,CNA,46.0,23
BHL,COR,54.0,32
BHL,NSD,108.0,4
BHL,MDL,11.0,6
BHL,RLR,34.0,2
BHL,GGR,32.0,2
BHL,HMG,18.0,2
BHLA,SOAE,5.0,1
BHLA,GPAE,2.0,1
BHLE,MDLE,13.0,18
BHLE,DWLE,11.0,2
BHLE,TELY,5.0,2
BHLE,PNSA,3.0,2
BHLK,BIDR,38.0,19
BHLK,UDGR,43.0,9
BHLK,KMNR,24.0,10
BHLK,HBU,15.0,2
BHLK,KCP,15.0,2
BHLP,GYN,54.0,5
BHLP,BSB,6.0,6
BHLP,MBS,41.0,3
BHLP,BSBS,2.0,2
BHNE,TKHE,7.0,4
BHNE,DXG,6.0,4
BHNS,KMLR,12.0,2
BHP,BWN,51.0,37
BHP,NFK,149.0,2
BHP,GKH,18.0,12
BHP,MLDT,182.0,4
BHP,SNT,33.0,6
BHP,PNE,5.0,15
BHP,RPH,60.0,33
BHP,DKAE,131.0,12
BHP,HWH,146.0,4
BHPI,BLGR,14.0,4
BHPI,JRTB,11.0,4
BHRM,UDPU,16.0,2
BHRM,BLGH,13.0,2
BHS,BPL,53.0,46
BHS,GLG,21.0,8
BHS,RKMP,60.0,10
BHS,VGLJ,237.0,6
BHS,SCI,9.0,9
BHS,MABA,68.0,2
BHS,SHRN,63.0,22
BHS,BINA,85.0,25
BHT,HSR,46.0,2
BHT,SSA,36.0,6
BHT,MHUL,4.0,2
BHT,KBKN,6.0,2
BHT,DING,11.0,5
BHTA,KMBL,42.0,7
BHTA,DWK,42.0,9
BHTA,BPKA,10.0,2
BHTK,KGS,12.0,2
BHTK,KOI,11.0,2
BHTL,KMBL,18.0,2
BHTL,BPKA,14.0,2
BHTN,SRID,23.0,4
BHTN,BRGT,14.0,6
BHTN,BMR,11.0,4
BHTN,MML,27.0,2
BHTR,BTT,13.0,18
BHTR,BTK,8.0,5
BHTR,MW,14.0,7
BHTR,SV,36.0,6
BHUJ,GIMB,58.0,7
BHW,PKR,28.0,5
BHW,TPH,17.0,13
BHW,GMAN,9.0,3
BHW,BKLE,8.0,1
BHW,NFK,14.0,22
BHW,SBG,55.0,18
BHW,MLDT,49.0,2
BHWA,DNRP,22.0,4
BHWA,SJS,31.0,4
BHWR,GAH,6.0,1
BHX,GDB,12.0,5
BHX,BTI,16.0,3
BHX,BWX,7.0,2
BHZ,NHLG,55.0,4
BHZ,BPB,16.0,4
BHZ,CNE,5.0,2
BHZ,HLX,5.0,2
BIA,BPHB,4.0,6
BIA,R,22.0,4
BIA,DBEC,4.0,2
BID,KGI,17.0,20
BID,RMGM,15.0,20
BIDR,ZB,31.0,21
BIDR,HMBD,52.0,4
BIDR,UDGR,81.0,3
BIDR,MTV,19.0,2
BIDR,KHNP,14.0,3
BIDR,MRF,55.0,2
BIG,KGS,19.0,2
BIG,KGB,15.0,6
BIG,PND,54.0,2
BIG,SLKR,7.0,2
BIG,TGQ,10.0,4
BIJ,THP,3.0,4
BIJ,RHA,8.0,1
BIJ,KLNP,4.0,3
BIJR,BYNR,6.0,2
BIJR,SEN,14.0,2
BILD,BOG,18.0,1
BILD,MRN,10.0,3
BILD,RTI,7.0,2
BILP,KDHL,5.0,1
BILP,TWV,4.0,1
BIM,BL,18.0,23
BIM,NVS,21.0,17
BIM,DGI,9.0,4
BIM,JRS,5.0,3
BIM,GNV,5.0,2
BINA,RKMP,144.0,8
BINA,LAR,63.0,50
BINA,MABA,17.0,22
BINA,DUA,35.0,4
BINA,KYE,22.0,18
BINA,JLN,47.0,2
BINA,BPL,138.0,63
BINA,VGLJ,152.0,78
BINA,MNV,29.0,10
BINA,SGO,75.0,19
BINA,MDVK,8.0,1
BINA,SHRN,149.0,17
BINA,DMO,152.0,2
BINA,GUNA,118.0,2
BINR,DEEG,24.0,4
BINR,GVH,12.0,6
BINR,JREA,6.0,2
BIO,DHD,11.0,2
BIP,KHOH,11.0,2
BIP,MKP,15.0,2
BIQ,NGLT,6.0,2
BIQ,DXK,6.0,2
BIRD,BSR,28.0,34
BIRD,PNVL,38.0,8
BIRD,KYN,15.0,26
BIRD,KHBV,8.0,1
BIRD,KOPR,9.0,1
BIRP,GMH,5.0,1
BIRP,KND,5.0,1
BIS,WADO,6.0,1
BIS,KJL,6.0,1
BIWK,NMH,9.0,2
BIWK,JWO,7.0,2
BIX,SONI,23.0,10
BIX,ETW,37.0,8
BIY,UDN,26.0,2
BIY,MID,15.0,5
BIY,CHM,15.0,8
BIY,VYA,31.0,6
BIY,GGAR,6.0,5
BIY,TBV,7.0,4
BIY,NDB,129.0,2
BJ,CH,16.0,4
BJD,MHD,12.0,7
BJD,MAN,13.0,8
BJD,KANJ,4.0,1
BJE,VAA,11.0,2
BJE,SNTD,7.0,9
BJE,PEH,9.0,2
BJE,PRR,49.0,2
BJE,GMO,43.0,2
BJE,SBW,6.0,2
BJE,SDMD,2.0,1
BJE,MHQ,23.0,2
BJF,BNGN,15.0,4
BJF,BPRD,27.0,4
BJG,THDR,7.0,2
BJG,PCN,7.0,2
BJIH,KKHT,3.0,1
BJIH,TRS,3.0,1
BJKN,SSA,7.0,2
BJKN,SHN,8.0,2
BJM,SCT,6.0,2
BJMD,NOMD,13.0,5
BJMD,GUA,8.0,1
BJNR,NSD,42.0,25
BJNR,GBP,3.0,2
BJNR,RLR,33.0,2
BJNR,MDL,56.0,4
BJO,BSKR,14.0,4
BJO,HLDR,17.0,6
BJO,MZM,25.0,2
BJP,SUR,109.0,9
BJP,LMT,62.0,10
BJP,MNL,18.0,3
BJP,IMR,4.0,3
BJP,IDR,51.0,9
BJP,BSRX,44.0,10
BJP,TVL,74.0,1
BJP,NBL,37.0,2
BJP,MVD,25.0,2
BJR,KAP,24.0,6
BJR,BLU,19.0,6
BJRA,BW,5.0,1
BJRA,KPO,4.0,1
BJRI,KTMA,16.0,10
BJRI,BRH,52.0,4
BJRI,MDGR,17.0,4
BJRI,UKR,21.0,4
BJU,DSS,28.0,20
BJU,MNE,65.0,2
BJU,PPTA,108.0,12
BJU,SPJ,51.0,66
BJU,MKA,19.0,4
BJU,HJP,87.0,31
BJU,PNBE,108.0,3
BJU,DKGS,4.0,3
BJU,BRYA,21.0,4
BJU,BUJ,2.0,1
BJU,KIUL,37.0,32
BJU,VPDA,27.0,2
BJU,SPP,50.0,6
BJU,LKR,35.0,4
BJU,JAJ,91.0,17
BJU,KIR,180.0,10
BJU,HTZU,10.0,4
BJU,MOG,37.0,6
BJU,KGG,56.0,6
BJU,DES,68.0,2
BJU,MFP,103.0,2
BJW,BRC,6.0,2
BJW,VDA,13.0,1
BJW,RNO,5.0,1
BJWS,MHRG,7.0,2
BJWS,GRKA,5.0,2
BKC,OSN,15.0,1
BKC,HRLI,9.0,1
BKG,FUT,6.0,5
BKG,PNC,6.0,5
BKH,PPI,19.0,14
BKH,SCKR,17.0,8
BKH,GAR,30.0,4
BKH,JHT,7.0,2
BKI,GADJ,85.0,16
BKI,MURD,32.0,16
BKI,DO,30.0,56
BKI,RHG,24.0,14
BKI,JP,91.0,8
BKI,BTE,97.0,12
BKI,BU,13.0,8
BKI,GLNA,7.0,2
BKI,SHGN,10.0,1
BKI,KL,52.0,2
BKJ,KUDA,15.0,10
BKJ,UD,16.0,10
BKL,MDR,16.0,4
BKL,KMT,28.0,4
BKLE,DDX,3.0,1
BKN,SDGH,73.0,14
BKN,NPS,27.0,12
BKN,LGH,4.0,30
BKN,DSO,33.0,14
BKN,NGO,117.0,6
BKN,NOK,65.0,34
BKN,SOG,181.0,6
BKNG,GDL,35.0,16
BKNG,RJT,6.0,18
BKNG,RKY,7.0,2
BKO,FTP,31.0,6
BKO,CNB,46.0,4
BKO,KSQ,8.0,1
BKP,PNC,35.0,18
BKP,PNBE,45.0,35
BKP,MKA,44.0,37
BKP,FUT,23.0,14
BKP,KOO,15.0,34
BKP,HRT,11.0,8
BKP,HTZ,51.0,8
BKP,RJPB,43.0,8
BKP,KWO,9.0,4
BKP,TKBG,4.0,1
BKP,KIUL,77.0,2
BKPT,VNM,5.0,2
BKPT,KNLP,7.0,2
BKRD,SM,10.0,12
BKRD,HCR,10.0,14
BKRD,MLDT,46.0,2
BKRL,DRL,7.0,1
BKRL,CPN,6.0,1
BKRO,GMIA,6.0,2
BKRO,BRMO,9.0,2
BKRO,BRKA,58.0,2
BKRO,PUS,14.0,2
BKSC,CRP,15.0,48
BKSC,MURI,53.0,60
BKSC,PRR,60.0,4
BKSC,JAA,41.0,8
BKSC,GMO,32.0,18
BKSC,PNW,17.0,8
BKSC,KSX,29.0,6
BKSC,DHN,49.0,19
BKSC,TKB,6.0,2
BKSC,RJB,11.0,2
BKSC,RNC,113.0,5
BKSC,KQR,125.0,2
BKSC,PNME,50.0,2
BKSL,SVRP,6.0,1
BKSL,CLG,6.0,1
BKTL,PRB,6.0,2
BKTL,SEH,8.0,2
BKWA,PJK,6.0,1
BKWA,KTPK,4.0,1
BL,NVS,39.0,53
BL,VAPI,26.0,119
BL,BSR,147.0,6
BL,ST,68.0,65
BL,PLG,107.0,1
BL,DRD,75.0,1
BL,BVI,164.0,8
BL,BOR,96.0,2
BL,PAD,10.0,4
BL,DGI,9.0,7
BL,UVD,16.0,2
BL,UDN,64.0,8
BLD,SJN,12.0,9
BLD,VAPI,11.0,6
BLD,KEB,5.0,7
BLD,UBR,17.0,4
BLDA,KGP,36.0,16
BLDA,JER,33.0,13
BLDA,DNT,17.0,2
BLDA,VKD,6.0,4
BLDA,NSI,8.0,4
BLDA,BLS,81.0,3
BLDA,HIJ,32.0,2
BLDI,DQN,35.0,14
BLDI,PTN,51.0,20
BLDI,DISA,18.0,6
BLDI,DEOR,26.0,6
BLDI,RNV,70.0,10
BLDI,LW,10.0,2
BLDI,JSI,10.0,2
BLDI,PNU,46.0,2
BLG,GGJ,17.0,1
BLGH,SKKE,8.0,2
BLGR,TIG,64.0,36
BLGR,BRGA,75.0,34
BLGR,LSX,19.0,10
BLGR,SFC,35.0,8
BLGR,BRPL,56.0,6
BLGR,BUDM,43.0,2
BLGT,GRMP,32.0,8
BLGT,RMPB,20.0,4
BLH,SEP,5.0,1
BLH,DDJ,4.0,1
BLK,NJP,19.0,2
BLK,JPE,15.0,2
BLL,GTL,10.0,8
BLL,SNKG,4.0,4
BLL,BNL,7.0,2
BLLI,MAO,16.0,2
BLLI,CNO,17.0,2
BLM,ON,100.0,2
BLM,HRI,33.0,22
BLM,LKO,69.0,6
BLM,SAN,20.0,12
BLM,LJN,69.0,2
BLMR,MOBD,5.0,2
BLMR,JTTN,13.0,2
BLNI,JEUR,8.0,1
BLNI,KEM,8.0,1
BLNR,GWL,2.0,2
BLNR,RRU,11.0,2
BLO,CAG,12.0,2
BLO,MTPC,10.0,2
BLP,GD,39.0,17
BLP,JKNI,3.0,10
BLP,TLR,30.0,7
BLP,ITE,18.0,2
BLPA,GUP,36.0,4
BLPA,CHAA,23.0,2
BLPE,MRM,10.0,2
BLPE,SF,7.0,2
BLPR,KUTI,3.0,2
BLPR,RNGG,5.0,2
BLPU,TLH,17.0,4
BLPU,PMR,16.0,4
BLPU,SPN,35.0,2
BLQR,RUPC,18.0,18
BLQR,RMU,27.0,16
BLQR,MB,54.0,2
BLR,MLP,9.0,3
BLR,HBL,9.0,3
BLRR,CRLM,3.0,1
BLS,JER,47.0,27
BLS,SORO,33.0,22
BLS,KGP,121.0,90
BLS,CTC,174.0,13
BLS,HIJ,112.0,23
BLS,BTS,28.0,3
BLS,HIP,12.0,4
BLS,NGRD,10.0,4
BLS,TKPL,5.0,2
BLS,ROP,18.0,5
BLS,JJKR,102.0,7
BLSN,MSMD,8.0,2
BLT,SMR,33.0,16
BLT,BME,96.0,4
BLT,BUT,50.0,14
BLT,LUNI,82.0,2
BLTR,MAU,35.0,26
BLTR,BTT,33.0,8
BLTR,SRU,22.0,10
BLTR,DEOS,53.0,4
BLTR,LRD,13.0,12
BLTR,IAA,27.0,4
BLTR,KER,14.0,4
BLU,KJN,25.0,16
BLU,KAP,43.0,2
BLU,CPA,52.0,10
BLX,KSH,6.0,2
BLY,SRP,11.0,1
BLY,HWH,8.0,1
BLZ,BRZ,16.0,8
BLZ,MSZ,16.0,10
BLZ,JHL,29.0,2
BMB,JSG,38.0,17
BMB,GP,35.0,17
BMB,GPH,16.0,10
BMB,TGM,8.0,2
BMB,DIH,9.0,2
BMCK,MNGD,17.0,8
BMCK,THV,19.0,8
BMD,EE,19.0,8
BMD,TDD,29.0,6
BMD,PUA,7.0,2
BME,BUT,46.0,8
BME,UTL,11.0,6
BMF,PAU,22.0,24
BMF,HNL,58.0,24
BMGA,PAW,3.0,2
BMGA,PCR,5.0,2
BMGN,BOKO,8.0,2
BMGN,CGON,9.0,2
BMH,RGM,11.0,7
BMH,NDL,40.0,2
BMH,DHNE,36.0,2
BMH,KEF,15.0,2
BMI,MGN,35.0,10
BMI,RTM,45.0,12
BMI,THDR,27.0,2
BMI,PCN,13.0,2
BMI,BOG,7.0,4
BMJ,UB,9.0,4
BMJ,SDDN,18.0,2
BMK,DABN,10.0,1
BMK,MBY,9.0,1
BMKD,SAP,18.0,1
BMKD,PGRL,13.0,1
BMKI,CAA,31.0,18
BMKI,SGL,22.0,27
BMKI,PPA,21.0,9
BMKI,BTH,44.0,2
BMNL,JDL,8.0,1
BMNL,DHRR,7.0,1
BMO,MZL,58.0,2
BMO,SC,13.0,2
BMO,MED,13.0,9
BMO,MJF,10.0,10
BMO,GWV,10.0,1
BMO,GDPL,5.0,3
BMO,CVB,4.0,2
BMO,BOZ,2.0,1
BMPL,ME,6.0,1
BMPL,MOB,8.0,1
BMPR,RRP,24.0,4
BMR,SRID,12.0,4
BMRN,DWK,17.0,2
BMRN,MTHP,2.0,2
BMSB,CHIB,10.0,2
BMSB,GIMB,14.0,2
BMT,LPI,18.0,32
BMT,SC,5.0,44
BMT,VKB,68.0,4
BMT,RC,278.0,2
BMT,HYB,7.0,8
BMT,SNF,4.0,13
BMT,KQD,5.0,3
BMT,TDU,110.0,4
BMU,SFG,5.0,2
BMU,MRE,9.0,2
BN,NLDA,77.0,3
BN,SC,33.0,5
BN,GT,13.0,5
BN,GNT,248.0,1
BN,RMNP,42.0,2
BNA,SOQ,8.0,1
BNA,BNP,10.0,3
BNA,GDG,35.0,2
BNBH,MCS,3.0,2
BNBR,KHF,9.0,2
BNBR,SORO,9.0,4
BNBR,PNPN,5.0,2
BNC,HSRA,55.0,2
BNC,KJM,9.0,2
BNCE,GBD,79.0,1
BNCE,SBC,7.0,12
BNCE,YNK,20.0,3
BNCE,JTJ,133.0,1
BNCE,KJM,7.0,3
BNCE,BWT,64.0,1
BNCE,BYPL,4.0,1
BNCE,CRLM,16.0,2
BNDA,MBA,53.0,26
BNDA,CKTD,69.0,10
BNDA,KID,10.0,2
BNDA,DWI,10.0,2
BNDA,RGU,40.0,10
BNDA,KHU,18.0,2
BNDI,PSLI,7.0,2
BNDI,MLGH,15.0,2
BNDM,MOU,33.0,2
BNDM,ROU,7.0,3
BNDM,NXN,21.0,1
BNDP,GZO,28.0,8
BNDP,GRMP,13.0,12
BNDP,EKI,42.0,4
BNE,GAR,13.0,6
BNE,KY,15.0,6
BNG,RTM,47.0,12
BNG,FTD,32.0,12
BNG,RNJ,16.0,2
BNG,INDB,71.0,2
BNGM,KRW,10.0,1
BNGN,NBQ,3.0,10
BNGN,SBE,34.0,4
BNI,NDPM,7.0,4
BNI,ODG,31.0,4
BNK,TTR,5.0,1
BNK,RDI,6.0,1
BNKH,GHL,7.0,1
BNKH,DBL,4.0,1
BNKI,PRNA,36.0,2
BNKI,MRIJ,20.0,6
BNKI,PRNC,31.0,6
BNKI,JNKR,8.0,2
BNKI,SRSI,10.0,1
BNKI,SKHK,6.0,1
BNL,TKBN,4.0,6
BNL,SNKG,3.0,4
BNLS,MKBH,3.0,2
BNLS,RMN,6.0,2
BNLW,CKB,43.0,2
BNLW,DPA,59.0,24
BNLW,SWM,65.0,16
BNLW,ISA,26.0,10
BNLW,CHNN,13.0,4
BNLW,SRAS,16.0,4
BNLW,SNGN,54.0,4
BNN,DUI,31.0,14
BNN,PUL,32.0,8
BNN,TAPA,19.0,6
BNO,RKB,13.0,2
BNO,JWL,8.0,2
BNO,JUCT,7.0,2
BNOD,MRSH,25.0,2
BNOD,WOC,11.0,2
BNP,KBL,13.0,7
BNP,GDG,45.0,4
BNQ,NMZ,38.0,2
BNQ,DLO,15.0,2
BNQ,NKB,18.0,2
BNQ,BNV,5.0,2
BNR,HJP,19.0,16
BNR,MFP,35.0,8
BNR,GRL,8.0,8
BNSA,TPU,10.0,4
BNSA,KHMA,14.0,4
BNT,PHD,36.0,8
BNT,ETW,20.0,12
BNT,KNS,45.0,4
BNTH,SHH,5.0,2
BNTH,LAL,6.0,2
BNTL,KBPR,24.0,14
BNTL,MAJN,19.0,12
BNTL,SL,39.0,2
BNU,DMO,15.0,10
BNU,KMZ,93.0,6
BNU,SYA,45.0,2
BNU,GEA,11.0,2
BNV,DLO,9.0,6
BNV,NMZ,44.0,8
BNV,NKB,23.0,2
BNV,HSA,34.0,4
BNVD,PBR,52.0,5
BNVD,LPJ,36.0,4
BNVD,WSJ,18.0,3
BNVD,JAM,87.0,4
BNW,KLNK,29.0,8
BNW,HSR,61.0,15
BNW,CKD,27.0,16
BNW,ROK,50.0,4
BNW,SUI,9.0,3
BNW,MHU,14.0,3
BNW,BWK,18.0,5
BNW,KHRK,21.0,2
BNW,HNS,37.0,1
BNW,DZL,7.0,2
BNW,RE,83.0,3
BNXR,SDAH,7.0,8
BNXR,DAKE,9.0,4
BNXR,NH,34.0,4
BNY,PPW,16.0,10
BNY,SDDN,40.0,4
BNY,TLR,38.0,4
BNY,SOT,22.0,8
BNY,PRZ,13.0,2
BNZ,GD,113.0,8
BNZ,LJN,11.0,8
BNZ,GTNR,4.0,11
BNZ,LC,7.0,8
BOBS,JOB,7.0,2
BOBS,DNK,11.0,3
BOBS,DHND,12.0,1
BOD,RTM,10.0,4
BOD,RNH,8.0,4
BOE,MLDT,88.0,20
BOE,KNE,57.0,48
BOE,KIR,41.0,22
BOE,HCR,33.0,12
BOE,RGJ,21.0,4
BOE,DLK,29.0,14
BOE,SM,53.0,8
BOE,SUD,12.0,4
BOE,NJP,145.0,2
BOE,KDPR,27.0,2
BOF,SOL,4.0,10
BOF,KMTI,4.0,5
BOF,DMP,9.0,7
BOF,SML,54.0,2
BOG,RTM,38.0,1
BOG,RTI,11.0,2
BOI,PDA,10.0,1
BOI,MYM,11.0,1
BOJ,LXA,20.0,2
BOJ,SPK,14.0,3
BOJ,NTSK,68.0,2
BOJ,SLGR,34.0,4
BOJ,NAM,32.0,2
BOJ,SFR,10.0,1
BOKE,RN,7.0,1
BOKE,UKC,13.0,1
BOKO,SNCA,8.0,2
BOKR,MUE,23.0,6
BOKR,HEM,43.0,4
BOKR,HDGR,22.0,2
BOMN,CHKE,30.0,5
BOMN,MOMU,17.0,5
BONA,HNPA,7.0,2
BONA,JRPD,15.0,4
BONA,RAIR,47.0,8
BOR,VR,43.0,6
BOR,VAPI,69.0,30
BOR,BSR,52.0,22
BOR,PLG,12.0,10
BOR,DRD,21.0,7
BOR,BVI,69.0,7
BOR,VGN,9.0,7
BOR,UOI,6.0,1
BORA,NAK,13.0,2
BORA,SGUJ,10.0,8
BORA,TKG,46.0,6
BOW,BSRL,11.0,2
BOW,MKN,6.0,2
BOY,SAW,16.0,8
BOY,PRF,8.0,8
BOY,BSB,45.0,20
BOY,BSBS,46.0,7
BOY,MOF,8.0,4
BOY,JNH,31.0,16
BOY,MBDP,84.0,8
BOY,PRYJ,90.0,2
BOY,LOT,38.0,1
BOY,SWPR,22.0,2
BP,SDAH,25.0,2
BP,NH,16.0,8
BP,KOAA,18.0,4
BP,RHA,51.0,2
BP,SEP,6.0,1
BP,DDJ,15.0,3
BPA,SKZR,39.0,42
BPA,MCI,20.0,32
BPA,BPQ,109.0,5
BPA,RVKH,13.0,2
BPA,MMZ,9.0,4
BPA,RECH,11.0,4
BPA,PDPL,52.0,7
BPA,RDM,34.0,6
BPB,NKMG,21.0,18
BPB,NHLG,71.0,30
BPB,SCL,30.0,18
BPB,DMR,86.0,4
BPB,KTX,10.0,4
BPB,SQF,6.0,2
BPB,KXJ,22.0,2
BPB,BXG,8.0,2
BPB,JGLP,60.0,2
BPB,HJI,205.0,2
BPB,NHGJ,51.0,4
BPC,CSZ,4.0,6
BPC,MBB,11.0,4
BPC,SGV,9.0,3
BPC,NBPH,5.0,1
BPD,KNJ,7.0,3
BPD,DHU,6.0,3
BPE,HIJ,8.0,2
BPE,NYA,11.0,2
BPF,TBN,28.0,7
BPF,ET,33.0,10
BPF,HD,43.0,3
BPF,PGL,15.0,2
BPF,DKI,8.0,2
BPH,RIG,51.0,12
BPH,BRJN,9.0,10
BPH,JSGR,20.0,2
BPH,IB,12.0,4
BPH,HGR,14.0,4
BPHB,DURG,10.0,27
BPHB,R,27.0,27
BPHB,BQR,6.0,6
BPK,WR,11.0,1
BPK,SNN,6.0,1
BPL,RKMP,6.0,71
BPL,SCI,44.0,3
BPL,SHRN,13.0,33
BPL,ET,92.0,98
BPL,BSL,397.0,12
BPL,LAR,201.0,12
BPL,KNW,274.0,4
BPL,VGLJ,291.0,57
BPL,NDPM,74.0,10
BPL,NGP,387.0,24
BPL,UJN,186.0,10
BPL,SMT,37.0,4
BPL,SJP,83.0,8
BPL,SEH,41.0,8
BPL,MKC,146.0,4
BPL,DWX,181.0,2
BPO,KUCE,11.0,2
BPO,JSE,13.0,5
BPO,VZR,3.0,5
BPO,BTQ,27.0,2
BPP,CLX,15.0,55
BPP,NDO,21.0,26
BPP,TEL,42.0,37
BPP,OGL,64.0,8
BPP,SPF,7.0,2
BPQ,CD,14.0,102
BPQ,SKZR,70.0,100
BPQ,NGP,209.0,71
BPQ,SC,376.0,4
BPQ,KZJ,237.0,11
BPQ,CAF,11.0,2
BPQ,BZA,453.0,6
BPQ,RDM,142.0,17
BPQ,NAB,118.0,8
BPQ,WL,244.0,44
BPQ,KCG,376.0,2
BPQ,GNVR,6.0,1
BPQ,G,249.0,10
BPQ,WSA,146.0,2
BPQ,MCI,128.0,5
BPQ,SEGM,133.0,3
BPR,PBE,39.0,10
BPR,IZN,12.0,12
BPR,DRN,14.0,2
BPR,KHH,47.0,2
BPRA,MBA,11.0,2
BPRA,KBR,11.0,2
BPRD,RNY,65.0,32
BPRD,NBQ,44.0,32
BPRD,NLV,48.0,6
BPRD,SBE,8.0,4
BPRD,PBL,21.0,4
BPRD,NJP,299.0,2
BPRH,KTHD,5.0,2
BPRH,CPH,8.0,2
BPRS,JUC,28.0,2
BPRS,TDO,13.0,2
BPS,JTL,5.0,3
BPS,NRX,5.0,3
BPZ,LKU,38.0,6
BPZ,KPV,20.0,8
BPZ,GUB,16.0,2
BQA,MDN,103.0,12
BQA,VSU,30.0,22
BQA,ODM,15.0,6
BQA,JPH,23.0,2
BQA,CJN,14.0,10
BQA,BXL,7.0,3
BQA,HIJ,121.0,4
BQE,PUD,8.0,2
BQE,SHRN,8.0,2
BQG,JJG,12.0,5
BQG,LGL,12.0,4
BQG,PRTL,4.0,4
BQG,SBNM,7.0,3
BQI,MAP,23.0,7
BQI,SA,44.0,11
BQI,SLY,46.0,2
BQI,JTJ,80.0,2
BQM,BXY,9.0,4
BQM,NVG,7.0,4
BQN,SOD,5.0,1
BQN,CNL,10.0,1
BQP,RRS,22.0,2
BQP,ON,32.0,4
BQP,TQA,10.0,2
BQP,KULH,4.0,1
BQP,IDM,5.0,1
BQQ,SYA,12.0,2
BQQ,REI,7.0,2
BQR,DURG,4.0,6
BQSP,MNP,3.0,2
BQSP,JMU,11.0,2
BQU,VMU,10.0,3
BQU,POA,5.0,3
BQU,CIV,20.0,1
BQU,RAL,10.0,1
BQW,GMR,6.0,1
BQW,CSA,4.0,1
BR,NGLT,6.0,2
BRAG,GHNH,16.0,2
BRAG,CTC,12.0,2
BRAG,GBK,7.0,2
BRBS,GMH,9.0,4
BRBS,SINI,7.0,4
BRC,ST,129.0,159
BRC,GDA,72.0,49
BRC,RTM,257.0,83
BRC,MMCT,392.0,6
BRC,MAN,95.0,1
BRC,DHD,144.0,18
BRC,VS,3.0,8
BRC,EKNR,83.0,14
BRC,MYG,30.0,8
BRC,ND,53.0,9
BRC,VDA,19.0,4
BRC,SMLA,25.0,2
BRC,DRL,49.0,2
BRC,PLJ,45.0,1
BRC,VRE,51.0,1
BRC,RNO,11.0,1
BRC,ITA,18.0,1
BRC,UDN,133.0,2
BRC,CYI,6.0,1
BRD,KP,48.0,19
BRD,TMR,18.0,30
BRD,NGP,62.0,18
BRD,G,68.0,8
BRD,SAL,37.0,1
BRD,KHAT,10.0,2
BRD,KOKA,8.0,2
BRE,PRYJ,37.0,8
BRE,CNB,157.0,2
BRE,SYWN,15.0,1
BRE,SRO,20.0,8
BRE,SFG,34.0,1
BRE,MRE,20.0,2
BRE,FTP,79.0,2
BRE,MNJ,8.0,1
BRG,DBR,16.0,2
BRG,SRJ,17.0,2
BRG,KTDD,5.0,4
BRG,MJHR,7.0,4
BRGA,SBP,43.0,34
BRGA,HKG,35.0,10
BRGA,BRPL,19.0,16
BRGJ,DGN,18.0,2
BRGJ,KNW,5.0,2
BRGL,SHNR,10.0,2
BRGM,KXJ,22.0,2
BRGM,DLCR,29.0,2
BRGM,PTKD,8.0,2
BRGM,NLBR,7.0,2
BRGT,MML,13.0,6
BRGW,SGAM,37.0,7
BRGW,SGRL,19.0,17
BRGW,GAJB,27.0,2
BRGW,KMZ,243.0,4
BRH,KTO,17.0,4
BRH,NPRD,21.0,4
BRH,SJQ,37.0,4
BRHI,KQR,22.0,2
BRHI,HZBN,57.0,2
BRI,KKN,13.0,2
BRI,PAL,10.0,2
BRJN,RIG,60.0,10
BRJN,JSG,11.0,14
BRJN,JSGR,11.0,6
BRK,PDR,26.0,2
BRK,CLW,12.0,2
BRKA,PTRU,20.0,12
BRKA,RRME,9.0,2
BRKA,RMT,5.0,10
BRKA,MURI,58.0,6
BRKA,TORI,85.0,4
BRKA,GMIA,52.0,2
BRKA,HZBN,57.0,4
BRKA,MESR,54.0,4
BRKA,KLRE,56.0,2
BRKA,DTO,185.0,6
BRKA,PUS,73.0,2
BRKY,DER,4.0,1
BRM,RKSN,9.0,6
BRM,CKP,11.0,6
BRMD,NIM,9.0,3
BRMO,PUS,5.0,2
BRN,CMR,7.0,1
BRN,MTI,8.0,1
BRNA,KUH,6.0,2
BRNA,NAD,8.0,2
BRPL,DJX,14.0,6
BRPL,LSX,38.0,4
BRPS,DUMK,14.0,6
BRPS,NNHT,11.0,6
BRQ,SVQ,12.0,2
BRQ,ODB,4.0,2
BRR,KMME,3.0,12
BRR,ULT,3.0,11
BRR,DHN,42.0,13
BRR,CRJ,20.0,10
BRRG,PFR,30.0,18
BRRG,RTA,77.0,16
BRRG,KHRJ,53.0,2
BRRG,CBK,30.0,14
BRRG,SFY,88.0,12
BRRG,MKC,117.0,4
BRRG,GUNA,97.0,2
BRRZ,DMW,6.0,1
BRRZ,JPD,7.0,1
BRS,UMR,30.0,14
BRS,SDL,37.0,20
BRS,NRZB,7.0,6
BRST,JPRD,4.0,2
BRST,SIL,5.0,4
BRST,DEG,6.0,2
BRTK,PDP,8.0,4
BRU,HIR,8.0,2
BRU,BUG,19.0,2
BRUD,CAER,10.0,2
BRUD,DRHI,10.0,2
BRVR,SHF,6.0,2
BRVR,MHAD,11.0,2
BRW,KKP,18.0,2
BRW,MKS,14.0,2
BRWD,DTO,27.0,17
BRWD,LTHR,41.0,15
BRWD,CPDR,10.0,2
BRY,BTG,15.0,2
BRY,CH,69.0,4
BRYA,LKR,15.0,24
BRYA,HTZ,11.0,25
BRYA,DKGS,16.0,2
BRYA,KIUL,16.0,6
BRYA,DMRX,5.0,8
BRYA,JLPH,3.0,1
BRYA,HTZU,10.0,6
BRZ,JHL,14.0,8
BSAE,TBAE,3.0,1
BSB,BSBS,4.0,35
BSB,PRYJ,124.0,11
BSB,MAU,93.0,14
BSB,SWPR,22.0,2
BSB,MZP,75.0,10
BSB,PCOI,156.0,17
BSB,JOP,57.0,26
BSB,DDU,18.0,87
BSB,SLN,143.0,18
BSB,LKO,283.0,10
BSB,KEI,6.0,22
BSB,MBDP,128.0,13
BSB,JNH,75.0,2
BSB,GYN,59.0,9
BSB,GCT,75.0,12
BSB,BTP,18.0,13
BSB,JNU,58.0,24
BSB,JLL,40.0,5
BSB,JKN,64.0,1
BSB,SRNT,11.0,1
BSB,LOT,6.0,1
BSB,CHH,15.0,1
BSB,SHG,90.0,4
BSB,CAR,44.0,2
BSB,PDRD,24.0,2
BSB,BUI,141.0,4
BSB,ZBD,51.0,1
BSBR,MRR,5.0,1
BSBR,RJG,7.0,1
BSBS,GYN,56.0,27
BSBS,CHH,17.0,1
BSBS,MBS,43.0,2
BSBS,PRYJ,121.0,6
BSBS,SWPR,24.0,5
BSBS,LOT,7.0,1
BSBS,GCT,79.0,2
BSC,KJY,16.0,2
BSC,HPU,41.0,3
BSC,KRJ,23.0,2
BSDP,NKP,7.0,4
BSDP,KAPG,10.0,4
BSDR,KNGR,13.0,2
BSDR,GNPR,12.0,2
BSDR,PLSG,6.0,2
BSDR,LRI,7.0,2
BSE,JNH,16.0,10
BSE,MBDP,37.0,4
BSE,MBDD,22.0,5
BSE,GRX,12.0,1
BSGN,SLKX,7.0,4
BSGN,DTX,8.0,4
BSI,MTJR,7.0,5
BSI,MONJ,8.0,5
BSJ,FAN,12.0,2
BSJ,KIN,11.0,2
BSKH,DUMK,22.0,4
BSKH,GRMA,23.0,6
BSKH,JAMA,10.0,2
BSKO,JHIR,6.0,2
BSKO,JW,4.0,2
BSKR,MZM,11.0,4
BSL,NK,257.0,39
BSL,HD,231.0,10
BSL,JL,25.0,161
BSL,MKU,51.0,56
BSL,MMR,184.0,101
BSL,KNW,123.0,87
BSL,VNA,13.0,3
BSL,ET,306.0,41
BSL,SAV,16.0,4
BSL,RV,34.0,10
BSL,KYN,391.0,11
BSL,NN,78.0,4
BSL,NGP,393.0,10
BSL,CSMT,444.0,2
BSL,LTT,428.0,5
BSL,NDB,175.0,14
BSL,IGP,308.0,1
BSL,RKMP,391.0,2
BSL,CSN,117.0,3
BSL,SEG,103.0,6
BSL,WR,314.0,2
BSLE,SNT,8.0,3
BSN,TK,49.0,4
BSN,TTR,20.0,2
BSP,BYT,45.0,44
BSP,R,109.0,55
BSP,JSG,205.0,15
BSP,CPH,53.0,26
BSP,RIG,133.0,24
BSP,TATA,470.0,4
BSP,BYL,15.0,7
BSP,DPH,7.0,1
BSP,KTSH,21.0,1
BSP,USL,8.0,8
BSP,JRMG,14.0,2
BSP,KGB,32.0,2
BSP,PND,101.0,11
BSP,SDL,192.0,2
BSP,KHS,99.0,2
BSPH,KIU,5.0,1
BSPH,JIND,7.0,1
BSPN,FGSB,5.0,2
BSPN,MRND,15.0,2
BSPR,KTO,41.0,2
BSPR,KJZ,14.0,2
BSPR,SJQ,20.0,2
BSPX,MMVR,8.0,2
BSPX,JRLI,11.0,2
BSPX,KDJR,56.0,6
BSPX,DPS,34.0,4
BSPX,CBSA,90.0,2
BSQP,MNP,7.0,4
BSQP,KIUL,7.0,4
BSR,BVI,17.0,9
BSR,TNA,49.0,1
BSR,ST,216.0,39
BSR,VAPI,121.0,31
BSR,DRD,72.0,11
BSR,PNVL,65.0,54
BSR,PUNE,181.0,2
BSR,LNL,116.0,2
BSR,KYN,43.0,34
BSR,JCNR,4.0,1
BSR,PLG,39.0,15
BSR,VR,8.0,5
BSR,BYR,9.0,1
BSRL,GCH,12.0,2
BSRX,KDGI,5.0,1
BSRX,LMT,18.0,12
BSRX,IMR,39.0,2
BSRX,MVD,19.0,2
BSSL,COR,26.0,2
BSSL,PSLI,15.0,6
BSSL,CNA,19.0,4
BST,BV,31.0,24
BST,KLD,30.0,81
BST,GKP,65.0,58
BST,GD,89.0,64
BST,MUR,62.0,43
BST,TH,15.0,2
BST,MND,15.0,2
BST,GAUR,23.0,4
BSTP,NANR,9.0,2
BSTP,STBJ,13.0,2
BSWA,TQA,6.0,1
BSWA,RRS,5.0,1
BSX,NZB,30.0,34
BSX,MUE,59.0,14
BSX,NED,81.0,2
BSX,DAB,10.0,20
BSX,NVT,14.0,2
BSZ,RGU,17.0,8
BSZ,JSB,11.0,2
BSZ,HAR,23.0,4
BSZ,CNB,85.0,2
BTA,DNR,17.0,21
BTA,SDE,4.0,5
BTA,PNBE,27.0,1
BTA,KWR,8.0,1
BTC,G,41.0,12
BTC,LTA,41.0,2
BTC,NIR,75.0,10
BTD,SRGT,75.0,12
BTD,DLJ,43.0,32
BTD,JVN,72.0,8
BTD,DCK,50.0,8
BTD,RUR,22.0,5
BTD,LM,48.0,6
BTD,NGA,18.0,2
BTD,LTD,11.0,1
BTE,BXN,41.0,24
BTE,MTJ,34.0,71
BTE,NBI,28.0,18
BTE,JP,187.0,15
BTE,SWM,182.0,20
BTE,NZM,167.0,2
BTE,HK,12.0,1
BTE,NHB,7.0,1
BTE,HAN,75.0,8
BTE,GGC,119.0,10
BTE,DO,126.0,2
BTE,KOTA,291.0,1
BTG,NSU,5.0,2
BTGH,CKVD,15.0,2
BTGH,HLV,5.0,2
BTH,SGL,22.0,26
BTH,NKE,36.0,25
BTH,CAI,16.0,5
BTH,MJL,9.0,2
BTI,MAUR,34.0,10
BTI,GNA,12.0,8
BTI,PUL,32.0,8
BTI,MBY,37.0,15
BTI,GDB,28.0,10
BTI,SSA,75.0,4
BTI,JHL,98.0,2
BTI,GHB,10.0,2
BTI,BTIC,8.0,2
BTI,KNL,43.0,4
BTI,KKP,42.0,2
BTI,PTRL,30.0,1
BTI,RMN,29.0,3
BTI,FDK,55.0,2
BTI,GJUT,26.0,4
BTI,FZR,88.0,4
BTI,MSZ,53.0,2
BTI,GSW,11.0,1
BTI,BWX,9.0,2
BTI,HMH,93.0,2
BTI,DUI,96.0,2
BTIC,PUL,24.0,2
BTJL,MRDW,14.0,20
BTJL,BYNR,16.0,26
BTJL,KAWR,109.0,6
BTJL,UD,81.0,4
BTJL,KT,55.0,4
BTJL,KUDA,49.0,4
BTJL,GOK,74.0,2
BTJL,HNA,41.0,2
BTJL,CTTP,6.0,2
BTJL,SHMI,8.0,2
BTK,MW,7.0,5
BTKP,BUS,12.0,2
BTKP,SWC,7.0,2
BTO,NRS,14.0,2
BTP,KSF,10.0,5
BTP,JNU,38.0,6
BTP,JOP,39.0,2
BTPD,TPY,8.0,2
BTQ,KCV,11.0,5
BTQ,JOL,6.0,2
BTQ,JRG,12.0,3
BTQ,ROP,24.0,2
BTS,JER,20.0,7
BTS,ROP,10.0,4
BTS,NMBR,4.0,4
BTSD,NAD,6.0,2
BTSD,PPG,5.0,2
BTSR,MROA,9.0,2
BTSR,MTJ,3.0,4
BTSR,GDO,23.0,2
BTT,DEOS,21.0,62
BTT,SRU,11.0,20
BTT,MW,27.0,2
BTT,SV,49.0,20
BTT,NRA,8.0,2
BTT,MAU,68.0,4
BTTR,NLR,34.0,14
BTTR,KVZ,17.0,14
BTTR,PGU,30.0,2
BTU,DSA,49.0,2
BTU,KQL,25.0,2
BTV,MZZ,9.0,2
BTV,JJKR,11.0,4
BTV,DLPT,6.0,2
BTV,KRIH,6.0,2
BTVA,CPP,5.0,1
BTVA,SGDM,9.0,1
BTW,KWV,38.0,19
BTW,UMD,36.0,19
BTX,HPP,22.0,4
BTX,KLAR,9.0,4
BTX,GTI,12.0,2
BTX,MBA,30.0,2
BTY,KNJ,28.0,6
BTY,DEB,13.0,2
BTY,PLY,23.0,4
BTY,SVH,4.0,4
BTY,MGM,11.0,4
BU,RHG,12.0,8
BU,GLNA,6.0,2
BU,SRRG,6.0,2
BUA,SKT,14.0,8
BUA,CPH,16.0,6
BUA,KHS,30.0,2
BUA,SGRD,6.0,4
BUB,CUR,12.0,2
BUB,FPS,31.0,2
BUBR,PDF,8.0,2
BUDA,KPO,3.0,1
BUDA,MURD,5.0,1
BUDI,KOTA,38.0,16
BUDI,MLGH,68.0,5
BUDI,CNA,124.0,10
BUDI,SMPA,47.0,2
BUDI,SNAR,10.0,2
BUDI,THEA,14.0,2
BUDI,SGAC,38.0,1
BUDM,SFC,8.0,2
BUDM,TIG,20.0,4
BUE,NDON,4.0,1
BUE,DURE,7.0,1
BUG,NKE,42.0,10
BUG,GKP,109.0,4
BUG,HIR,27.0,15
BUG,SBZ,43.0,12
BUG,CPJ,69.0,7
BUG,PNYA,22.0,4
BUGL,DPK,3.0,1
BUH,SDL,20.0,23
BUH,CHDX,7.0,2
BUI,RSR,32.0,13
BUI,GCT,65.0,31
BUI,CPR,65.0,32
BUI,YFP,46.0,12
BUI,SIP,36.0,26
BUI,STW,17.0,8
BUI,MAU,69.0,6
BUI,KMDR,32.0,4
BUI,CHR,21.0,1
BUI,CBN,17.0,2
BUI,JNU,165.0,2
BUJ,TGA,5.0,1
BUM,RAM,6.0,1
BUM,KPD,9.0,1
BUP,SGG,18.0,39
BUP,JMP,11.0,37
BUP,KPRD,5.0,5
BUP,RPUR,4.0,5
BUP,MGR,14.0,2
BUPH,CD,5.0,1
BUPH,GNVR,3.0,1
BURN,MDKD,9.0,3
BURN,JOC,32.0,4
BUT,UTL,35.0,6
BUU,UDR,12.0,2
BUU,MYR,14.0,4
BUU,GNWA,6.0,2
BUW,CLJ,32.0,4
BUW,GD,60.0,21
BUW,JLD,16.0,6
BUW,STP,98.0,17
BUW,TSF,22.0,2
BUX,WANI,22.0,2
BUX,CD,24.0,6
BUX,WRR,21.0,4
BUX,MJRI,9.0,1
BUX,TAE,10.0,1
BV,MSW,16.0,16
BV,MUR,31.0,8
BV,GAUR,8.0,6
BV,GD,59.0,4
BV,SNC,12.0,2
BVA,HWH,24.0,1
BVA,FLR,6.0,1
BVC,DLJ,49.0,2
BVC,SGD,28.0,2
BVC,BVP,2.0,13
BVC,SOJN,20.0,6
BVH,FDB,8.0,7
BVH,PWL,21.0,7
BVH,MTJ,105.0,4
BVH,NZM,28.0,7
BVH,KSV,63.0,3
BVH,FDN,4.0,2
BVI,MMCT,30.0,36
BVI,VAPI,138.0,94
BVI,ST,233.0,20
BVI,PLG,57.0,27
BVI,DDR,24.0,28
BVI,DRD,89.0,9
BVI,VR,26.0,14
BVI,BYR,9.0,1
BVL,MPU,8.0,3
BVN,MMB,26.0,2
BVN,STP,34.0,2
BVO,DHNE,10.0,3
BVO,VDI,10.0,3
BVP,SOJN,18.0,10
BVP,SGD,25.0,2
BVP,VTJ,7.0,1
BVQ,KOV,13.0,8
BVQ,SLI,20.0,8
BVR,VNR,7.0,1
BVRM,BVRT,2.0,12
BVRM,TNKU,29.0,2
BVRM,PKO,20.0,2
BVRM,VVM,10.0,6
BVRM,SGKM,7.0,2
BVRT,TNKU,29.0,24
BVRT,PKO,22.0,6
BVRT,UNDI,8.0,2
BVRT,KKLR,35.0,6
BVRT,NDD,46.0,2
BVU,RPAN,9.0,4
BVU,VNE,41.0,2
BVU,DQL,15.0,2
BW,SHGN,5.0,1
BWB,PTRL,4.0,1
BWB,SGF,9.0,1
BWC,SGNR,15.0,2
BWC,FSW,8.0,1
BWC,SDS,14.0,1
BWH,USK,4.0,1
BWH,KKRH,4.0,1
BWI,SHG,11.0,6
BWI,MLPR,13.0,6
BWIP,LJR,31.0,2
BWIP,JNRD,24.0,2
BWIP,DPUR,13.0,2
BWK,JKZ,9.0,3
BWK,SUI,9.0,3
BWK,HNS,19.0,5
BWL,HSI,24.0,2
BWL,RE,15.0,8
BWL,MJNL,6.0,2
BWL,KRH,32.0,2
BWM,GOH,23.0,8
BWM,RMA,28.0,31
BWM,VMA,85.0,4
BWM,KOTA,101.0,18
BWM,SGZ,34.0,20
BWM,SVA,46.0,2
BWM,NAD,125.0,11
BWM,JHW,17.0,4
BWM,RTM,166.0,8
BWN,DGR,62.0,70
BWN,HWH,95.0,51
BWN,DKAE,80.0,10
BWN,MDP,186.0,2
BWN,KOAA,100.0,14
BWN,PAN,47.0,18
BWN,SDAH,107.0,13
BWN,GKH,33.0,14
BWN,MNAE,37.0,8
BWN,KQU,61.0,6
BWN,PDA,47.0,1
BWN,KAN,13.0,2
BWN,MYM,26.0,1
BWN,TIT,7.0,3
BWN,DAKE,91.0,8
BWN,NH,77.0,8
BWN,RPH,112.0,2
BWO,RJLK,6.0,2
BWO,KUCE,12.0,2
BWR,ORC,11.0,2
BWR,NEW,9.0,8
BWR,VGLJ,22.0,6
BWRA,GNQ,6.0,2
BWRA,KSWR,11.0,2
BWS,NGO,14.0,2
BWS,NOK,37.0,2
BWSN,GGN,7.0,5
BWSN,SMDP,3.0,4
BWSN,PM,6.0,1
BWT,WFD,47.0,23
BWT,JTJ,70.0,34
BWT,KJM,55.0,51
BWT,KPN,31.0,33
BWT,YPR,78.0,2
BWT,MLO,27.0,6
BWT,SBC,70.0,1
BWT,TPT,84.0,6
BWT,SA,191.0,15
BWT,SMVB,64.0,1
BWT,TCL,12.0,4
BWT,KSM,9.0,1
BXC,HSR,32.0,4
BXC,UKN,15.0,2
BXC,DUI,116.0,2
BXG,NKMG,13.0,2
BXJ,DMV,14.0,6
BXJ,FKG,56.0,4
BXJ,SZR,22.0,2
BXK,DTC,4.0,2
BXK,DCA,8.0,2
BXL,ODM,8.0,2
BXL,KISN,4.0,1
BXN,HAN,33.0,30
BXN,SMVJ,43.0,2
BXN,GGC,77.0,16
BXN,SWM,140.0,2
BXN,FSP,19.0,6
BXN,RBS,34.0,12
BXN,KOTA,249.0,2
BXN,FTS,48.0,1
BXP,SZR,9.0,4
BXP,FKG,25.0,4
BXQ,JSGR,5.0,2
BXQ,LPG,8.0,2
BXR,ZNA,50.0,6
BXR,DDU,90.0,143
BXR,DLN,36.0,24
BXR,DURE,17.0,30
BXR,CSA,11.0,6
BXR,PNBE,117.0,6
BXR,GMR,20.0,6
BXR,RPR,33.0,2
BXR,KKRH,24.0,2
BXR,PWXP,6.0,1
BXR,NDON,5.0,1
BXT,DHH,22.0,4
BXY,NVG,16.0,4
BYC,RDG,59.0,4
BYC,TNGL,28.0,4
BYC,DAJ,21.0,2
BYD,RNR,18.0,10
BYD,HVR,14.0,10
BYL,BYT,30.0,7
BYL,DGS,7.0,1
BYL,DPH,8.0,1
BYN,SKRI,3.0,1
BYNR,KUDA,34.0,34
BYNR,UD,65.0,6
BYNR,MRDW,30.0,4
BYNR,KT,70.0,4
BYNR,HNA,57.0,2
BYNR,SHMI,8.0,2
BYP,KKNH,5.0,2
BYP,MEE,7.0,2
BYPL,SBC,10.0,1
BYPL,KJM,4.0,2
BYQ,LLJ,5.0,1
BYQ,DMW,8.0,1
BYS,MALK,6.0,3
BYT,TLD,26.0,40
BYT,R,64.0,42
BYT,USL,51.0,30
BYT,DGS,23.0,1
BZA,MDR,57.0,19
BZA,EE,60.0,119
BZA,NGNT,31.0,8
BZA,VZM,397.0,4
BZA,RU,376.0,10
BZA,OGL,138.0,91
BZA,RJY,149.0,52
BZA,MAS,430.0,7
BZA,KMT,101.0,62
BZA,TEL,31.0,77
BZA,WL,209.0,62
BZA,PER,430.0,15
BZA,DVD,333.0,8
BZA,CLX,89.0,4
BZA,GNT,33.0,47
BZA,GDR,293.0,33
BZA,SLO,200.0,2
BZA,NLR,254.0,22
BZA,MS,434.0,3
BZA,NYP,320.0,2
BZA,MAG,12.0,21
BZA,NZD,41.0,13
BZA,GDV,44.0,45
BZA,KI,17.0,6
BZA,KHT,353.0,1
BZA,YP,41.0,2
BZA,KCC,6.0,5
BZA,TGU,26.0,1
BZA,PVD,12.0,5
BZA,MDUN,4.0,2
BZA,KZJ,221.0,2
BZA,VSKP,350.0,4
BZA,TDD,107.0,2
BZA,GWM,20.0,2
BZG,PHR,14.0,2
BZG,NRM,6.0,2
BZLE,KGLE,28.0,9
BZLE,TYAE,7.0,1
BZLE,SALE,14.0,7
BZLE,KWAE,31.0,1
BZM,KTRR,13.0,2
BZM,CNB,14.0,2
BZN,MCA,13.0,9
BZN,ULB,13.0,9
BZN,SRC,38.0,5
BZN,PKU,26.0,4
BZN,KGP,70.0,1
BZO,UCA,11.0,4
BZO,JIND,8.0,4
BZU,GDYA,37.0,36
BZU,ET,106.0,44
BZU,NGP,188.0,29
BZU,KATL,129.0,1
BZU,MTY,46.0,2
BZU,RKMP,193.0,2
BZU,PAR,86.0,8
BZU,MALK,7.0,3
BZU,MJY,8.0,3
BZY,TBT,13.0,4
CAA,MFP,48.0,6
CAA,MAI,9.0,21
CAA,PPA,10.0,9
CAER,TLV,30.0,6
CAER,KKN,31.0,8
CAER,KNW,45.0,4
CAER,HD,62.0,2
CAER,CKKD,8.0,2
CAF,WSA,136.0,2
CAF,NAB,107.0,2
CAG,RTA,39.0,10
CAG,SYL,16.0,8
CAG,GUNA,60.0,2
CAI,NKE,20.0,5
CAN,PAY,33.0,26
CAN,TLY,21.0,63
CAN,KGQ,86.0,44
CAN,CLT,89.0,39
CAN,PAZ,22.0,5
CAN,KPQ,14.0,11
CAN,QLD,65.0,1
CAN,KZE,63.0,1
CAN,VAPM,6.0,4
CAN,MAJN,133.0,6
CAO,GRH,11.0,2
CAP,KIT,37.0,8
CAP,GAM,9.0,6
CAP,JNP,13.0,2
CAP,KUR,125.0,2
CAPE,NCJ,16.0,22
CAPE,TEN,89.0,1
CAR,DDU,32.0,15
CAR,MZP,31.0,30
CAR,SBDR,75.0,6
CAR,PRYJ,121.0,2
CAR,KYT,10.0,1
CAR,SKGH,21.0,4
CAR,KEI,39.0,4
CASA,VU,8.0,2
CASA,SNLR,9.0,2
CBCC,MSH,62.0,8
CBCC,VG,54.0,10
CBCC,GNC,22.0,8
CBCC,SBT,6.0,2
CBE,PGT,55.0,97
CBE,TUP,49.0,122
CBE,IGU,18.0,2
CBE,ED,100.0,14
CBE,CBF,3.0,11
CBE,MTP,35.0,6
CBE,PTJ,6.0,12
CBE,CNV,24.0,2
CBF,TUP,48.0,9
CBF,PLMD,7.0,2
CBH,PSB,12.0,2
CBH,HZD,10.0,2
CBJ,MIL,32.0,2
CBK,RTA,47.0,8
CBK,KHRJ,22.0,6
CBM,MRK,26.0,12
CBM,GID,34.0,13
CBM,JBK,7.0,3
CBM,TLU,14.0,6
CBM,SDV,19.0,2
CBN,KMDR,15.0,2
CBSA,SINI,35.0,2
CBSA,DPS,56.0,6
CBSA,CNI,65.0,2
CBSA,RKSN,22.0,2
CBSA,TATA,64.0,2
CBSA,SIPA,8.0,1
CBSA,PRSL,9.0,1
CBT,SQQ,5.0,2
CBU,VM,22.0,2
CBU,VI,8.0,2
CBY,KLWD,4.0,2
CBZ,DMR,12.0,2
CBZ,KKGT,19.0,2
CC,DEOS,25.0,5
CC,GKP,25.0,12
CC,GB,9.0,10
CC,GKC,22.0,2
CC,SANR,6.0,1
CCA,DMM,12.0,4
CCA,ZPL,9.0,4
CCD,GDKP,9.0,2
CCD,HTN,6.0,2
CCH,LNL,47.0,4
CCH,PMP,2.0,7
CCH,TGN,18.0,8
CCH,PUNE,17.0,10
CCH,KK,10.0,1
CCH,SVJR,14.0,1
CCH,PNVL,104.0,2
CCI,MGB,21.0,4
CCI,DMM,14.0,4
CCL,SAT,9.0,1
CCL,KIZ,7.0,1
CCO,MTWN,7.0,4
CCO,GBRI,7.0,4
CCP,SAK,6.0,1
CCP,JJW,6.0,1
CCT,COA,3.0,12
CCT,SLO,13.0,18
CCT,RJY,63.0,2
CD,SEGM,119.0,42
CD,HGT,85.0,10
CD,NGP,195.0,30
CD,WRR,47.0,6
CD,TAE,15.0,1
CD,WR,119.0,8
CDA,LM,10.0,1
CDA,RUR,16.0,1
CDB,HZD,18.0,2
CDB,PNME,9.0,2
CDD,DB,18.0,6
CDD,EKNR,32.0,6
CDG,UMB,45.0,65
CDG,LDH,111.0,7
CDG,KLK,25.0,8
CDG,SASN,12.0,20
CDG,CNDM,9.0,4
CDG,NMDA,44.0,2
CDG,DKT,36.0,1
CDG,DDL,104.0,1
CDGR,SLB,11.0,13
CDGR,GBA,12.0,11
CDGR,VSU,37.0,4
CDGR,MDN,35.0,2
CDH,PDX,6.0,1
CDH,SMX,5.0,1
CDH,KYI,14.0,3
CDH,RHA,11.0,3
CDM,TDPR,42.0,13
CDM,SY,17.0,41
CDM,CUPJ,38.0,30
CDM,VM,85.0,4
CDM,MV,37.0,7
CDM,PO,11.0,1
CDS,PNU,13.0,2
CDS,DISA,15.0,2
CEL,PUA,8.0,2
CEL,TDD,14.0,2
CGF,NTSK,6.0,1
CGF,DJG,10.0,1
CGI,TPW,10.0,3
CGI,KEN,3.0,3
CGI,TPTY,12.0,1
CGI,PAM,18.0,1
CGL,TBM,31.0,94
CGL,VM,103.0,53
CGL,MLMR,35.0,43
CGL,MMK,24.0,8
CGL,MS,55.0,8
CGL,CJ,36.0,6
CGN,VGLJ,32.0,6
CGN,MOTH,23.0,6
CGON,MRZA,15.0,2
CGR,SRP,12.0,2
CGR,SHE,10.0,4
CGR,CNS,3.0,5
CGR,HWH,32.0,2
CGS,RNY,26.0,2
CGS,KYQ,15.0,2
CGY,KTYM,18.0,55
CGY,TRVL,8.0,51
CGY,CNGR,17.0,2
CGY,KYJ,38.0,2
CH,RJK,20.0,6
CH,STP,224.0,4
CH,MB,44.0,18
CH,DUB,25.0,2
CH,SPN,133.0,2
CHA,DOA,9.0,1
CHA,KNN,11.0,1
CHAF,KKT,7.0,1
CHAF,DUE,5.0,1
CHAR,JUJA,17.0,2
CHAR,RAIR,15.0,2
CHCR,SAL,7.0,2
CHCR,TAR,6.0,2
CHD,KTE,40.0,4
CHD,UMR,19.0,10
CHD,KTES,41.0,2
CHD,KMZ,41.0,4
CHDX,SDL,13.0,2
CHE,VZM,69.0,89
CHE,PSA,73.0,89
CHE,NWP,47.0,10
CHE,CPP,39.0,14
CHE,TIU,19.0,6
CHE,PDU,16.0,8
CHE,DUSI,6.0,3
CHE,ULM,10.0,3
CHH,SWPR,7.0,3
CHH,LOT,11.0,1
CHI,KHED,29.0,41
CHI,SGR,43.0,10
CHI,SVX,18.0,22
CHI,VEER,81.0,2
CHI,RN,76.0,36
CHI,PNVL,206.0,21
CHI,MNI,97.0,4
CHI,KMAH,10.0,1
CHJ,MTJ,31.0,6
CHJ,KSV,10.0,6
CHK,CNBI,8.0,1
CHK,RXM,4.0,1
CHKE,MOMU,48.0,2
CHKE,CTA,35.0,4
CHKE,THKU,15.0,2
CHL,WAIR,5.0,1
CHL,GNRL,4.0,1
CHLK,DXG,8.0,4
CHLK,PLD,11.0,4
CHM,UDN,11.0,9
CHM,GGAR,10.0,2
CHM,VYA,46.0,2
CHNN,CKS,10.0,4
CHP,PNU,17.0,2
CHP,SID,13.0,2
CHR,RSR,12.0,1
CHRG,IDR,8.0,3
CHRG,NBL,6.0,3
CHRM,MDGR,22.0,4
CHSM,VRI,52.0,6
CHUA,SEY,32.0,4
CHUA,CWA,33.0,4
CHV,PAY,15.0,12
CHV,KZE,14.0,2
CHV,NLE,5.0,14
CHV,TKQ,8.0,4
CHZ,SC,12.0,8
CHZ,KZJ,120.0,2
CHZ,NLDA,98.0,2
CHZ,MLY,6.0,8
CHZ,MJF,9.0,1
CHZ,GT,8.0,6
CHZ,ZN,71.0,1
CI,MEW,22.0,2
CI,CPR,2.0,5
CI,MHC,35.0,2
CI,GJH,9.0,1
CIH,SDDN,13.0,2
CIH,SOT,6.0,2
CIK,IK,6.0,1
CIL,MBDP,4.0,4
CIL,MCDA,17.0,4
CIO,RW,8.0,2
CIO,GNV,9.0,2
CIV,TEL,2.0,4
CIV,VMU,11.0,3
CJ,TRT,41.0,2
CJM,OGL,29.0,1
CJM,CLX,20.0,1
CJM,VTM,13.0,8
CJM,KVDU,4.0,2
CJM,UGD,7.0,2
CJN,JPH,9.0,5
CJS,KDPA,7.0,2
CJS,KPRR,12.0,2
CK,KSN,9.0,2
CK,RC,16.0,2
CKB,SWM,22.0,12
CKB,ISA,17.0,10
CKB,SURL,9.0,4
CKB,DPZ,11.0,4
CKBK,JBGD,8.0,3
CKBK,GGVT,13.0,3
CKD,RE,55.0,6
CKD,MHU,13.0,3
CKD,PUW,7.0,5
CKD,JRL,13.0,2
CKD,KSI,28.0,8
CKD,FGH,7.0,2
CKE,JLR,9.0,2
CKE,VAL,7.0,2
CKH,OREH,3.0,2
CKH,GAYA,10.0,2
CKI,IJK,7.0,29
CKI,KUC,10.0,1
CKI,TCR,30.0,5
CKKD,SGBJ,10.0,2
CKMI,TEA,2.0,2
CKMI,TNRI,3.0,2
CKNI,NGI,12.0,1
CKNI,WRR,10.0,1
CKOD,SJP,6.0,2
CKOD,KPP,6.0,2
CKP,ROU,101.0,48
CKP,TATA,62.0,40
CKP,PRR,119.0,6
CKP,RKSN,20.0,12
CKP,SWR,21.0,10
CKP,MOU,61.0,2
CKP,GOL,34.0,8
CKP,SINI,35.0,2
CKP,MURI,134.0,2
CKR,GPB,15.0,4
CKR,RBG,14.0,6
CKS,SAS,13.0,4
CKTD,MKP,31.0,22
CKTD,SWC,9.0,2
CKTD,KHOH,5.0,2
CKTD,MJG,64.0,4
CKTD,STA,105.0,6
CKTD,PCOI,123.0,4
CKU,JGM,29.0,11
CKU,GTS,30.0,13
CKU,HIJ,66.0,2
CKVD,JRU,5.0,2
CKX,HER,12.0,2
CKX,LTRR,4.0,2
CLD,NMZ,8.0,2
CLD,MDT,60.0,2
CLDR,HCNR,10.0,2
CLDR,SGDP,12.0,2
CLDY,VG,55.0,9
CLDY,SBT,5.0,4
CLDY,SAU,18.0,3
CLE,WL,13.0,2
CLE,YGL,8.0,2
CLG,PPT,21.0,10
CLG,SBO,23.0,6
CLG,EKC,5.0,7
CLG,SVRP,11.0,4
CLG,GGA,10.0,2
CLG,SBG,44.0,12
CLJ,JLD,17.0,8
CLJ,GD,28.0,14
CLKA,KIT,10.0,4
CLPE,VRN,6.0,2
CLPE,TU,7.0,2
CLR,LD,25.0,15
CLR,QLM,26.0,15
CLT,TLY,68.0,10
CLT,TIR,41.0,50
CLT,MAJN,222.0,4
CLT,ERS,194.0,4
CLT,SRR,86.0,24
CLT,FK,10.0,22
CLT,QLD,25.0,27
CLT,PGI,25.0,11
CLT,MAHE,60.0,2
CLVR,PVD,4.0,3
CLVR,DIG,6.0,3
CLW,PDR,14.0,2
CLX,OGL,49.0,74
CLX,TEL,57.0,28
CLX,VTM,8.0,12
CLX,IPPM,4.0,2
CLX,JAQ,3.0,2
CM,PJ,11.0,6
CMA,JTTN,8.0,2
CMA,MXN,10.0,2
CMJ,NTW,23.0,2
CMJ,MYS,2.0,2
CMNR,NTW,35.0,2
CMR,JLS,6.0,1
CMU,VMA,22.0,20
CMU,SVA,16.0,14
CMU,SGZ,29.0,6
CMX,NFK,6.0,2
CMX,KTJ,8.0,2
CNA,MVJ,74.0,14
CNA,KOTA,162.0,4
CNA,GGR,14.0,2
CNA,COR,8.0,6
CNA,KIN,37.0,6
CNA,MLGH,56.0,1
CNB,PHN,58.0,37
CNB,LKO,74.0,87
CNB,GOY,4.0,1
CNB,ON,17.0,70
CNB,ORAI,106.0,31
CNB,LJN,74.0,17
CNB,PHD,83.0,7
CNB,ETW,139.0,50
CNB,PNKD,11.0,6
CNB,PRYJ,194.0,129
CNB,DDU,348.0,24
CNB,NDLS,440.0,59
CNB,FTP,77.0,44
CNB,TDL,231.0,53
CNB,CPA,2.0,26
CNB,DLI,435.0,5
CNB,MZP,284.0,2
CNB,FZD,215.0,2
CNB,JJK,63.0,5
CNB,GZB,415.0,7
CNB,RGU,103.0,2
CNB,RURA,44.0,11
CNB,KNS,74.0,4
CNB,GTM,46.0,4
CNB,SKB,195.0,2
CNB,KJN,80.0,10
CNB,VGLJ,219.0,8
CNB,SSL,23.0,2
CNB,CPB,4.0,1
CNB,CNBI,4.0,1
CNB,GHJ,102.0,1
CNB,FBD,139.0,6
CNC,RBG,11.0,4
CNC,KUD,7.0,4
CND,DMN,16.0,14
CNDB,WLGN,23.0,4
CNDB,RDHR,26.0,2
CNDB,MRSH,30.0,4
CNDB,WOC,66.0,2
CNDB,NAVI,37.0,4
CNDM,KLK,15.0,4
CNE,DCA,9.0,2
CNGR,TRVL,9.0,78
CNGR,MVLK,12.0,55
CNGR,KYJ,20.0,18
CNGR,QLN,61.0,10
CNGR,CYN,6.0,4
CNGR,KTYM,35.0,7
CNI,TATA,36.0,28
CNI,GMH,25.0,2
CNI,KND,15.0,2
CNI,NIM,9.0,3
CNI,MIK,6.0,3
CNI,MURI,68.0,15
CNI,PRR,54.0,3
CNI,TUL,37.0,2
CNJ,SBB,4.0,1
CNK,NBD,19.0,4
CNK,LRJ,23.0,4
CNL,GRI,10.0,1
CNO,KAWR,26.0,10
CNO,MAO,33.0,10
CNO,LOL,10.0,2
CNPA,SBGA,8.0,10
CNPA,HAS,33.0,12
CNPA,KIGL,74.0,2
CNPR,RRME,12.0,2
CNPR,GMIA,31.0,2
CNS,SHE,13.0,1
CNV,POY,21.0,4
CNV,PTJ,18.0,2
COB,NCB,5.0,2
COB,DWT,10.0,2
COE,KYG,11.0,2
COE,SIA,7.0,2
COM,GND,11.0,4
COM,DKBJ,25.0,10
COM,RGS,28.0,6
COR,NBH,29.0,17
COR,MLGH,64.0,2
COR,KIN,35.0,11
COR,SMP,11.0,4
COR,NMH,56.0,22
COR,MVJ,72.0,6
COR,GGR,22.0,2
COR,UDZ,114.0,2
COR,FAN,58.0,2
CPA,KJN,78.0,12
CPA,KAP,9.0,4
CPA,RPO,4.0,4
CPB,MGW,7.0,1
CPD,NWU,16.0,2
CPD,KBH,18.0,2
CPD,KFF,6.0,5
CPD,KHTG,10.0,5
CPDR,LTHR,31.0,2
CPH,NIA,11.0,25
CPH,RIG,80.0,20
CPH,KRBA,38.0,11
CPH,KHS,46.0,2
CPH,SKT,31.0,10
CPH,JSG,152.0,2
CPH,SGRD,10.0,4
CPJ,SBZ,26.0,10
CPJ,GKP,40.0,24
CPJ,PPC,20.0,7
CPJ,RKL,16.0,2
CPJ,GH,15.0,2
CPJ,NKE,111.0,4
CPJ,POU,31.0,6
CPJ,MTBG,6.0,1
CPK,GHY,91.0,20
CPK,HJI,45.0,22
CPK,LMG,90.0,4
CPK,JID,34.0,16
CPK,NGAN,26.0,6
CPK,KWM,18.0,2
CPK,NHLG,178.0,2
CPLE,DUJ,6.0,2
CPLE,KOX,4.0,2
CPN,SMLA,11.0,1
CPP,VZM,31.0,22
CPP,PDU,23.0,6
CPP,SGDM,13.0,4
CPP,GVI,6.0,3
CPR,SEE,54.0,40
CPR,SV,61.0,66
CPR,SIP,29.0,30
CPR,DGA,30.0,26
CPR,EKMA,28.0,14
CPR,HJP,59.0,50
CPR,KPS,10.0,2
CPR,GJH,11.0,2
CPR,DDP,19.0,2
CPR,GTST,9.0,2
CPR,MFP,113.0,10
CPR,PPTA,64.0,1
CPR,SHG,234.0,4
CPR,GKP,181.0,3
CPR,TKV,4.0,1
CPR,STW,47.0,2
CPR,KCT,201.0,2
CPS,HLDR,18.0,6
CPS,MNDR,20.0,6
CPT,RMGM,11.0,26
CPT,MAD,18.0,24
CPT,MYA,37.0,2
CPU,SGRL,63.0,13
CPU,RNQ,42.0,19
CPU,SBDR,27.0,8
CPU,OBR,12.0,2
CPU,CUK,22.0,4
CPU,GHD,142.0,2
CPU,NUQ,97.0,2
CQA,VPZ,11.0,2
CRC,KLAR,11.0,2
CRC,MBA,11.0,2
CRJ,JMT,15.0,38
CRJ,MDP,57.0,70
CRJ,RNPR,5.0,4
CRJ,KMME,22.0,5
CRJ,ULT,16.0,3
CRJ,DHN,61.0,8
CRJ,VDS,33.0,4
CRK,HD,7.0,2
CRK,TBN,8.0,2
CRLM,SBC,24.0,4
CRLM,HSRA,35.0,8
CRLM,HLE,11.0,1
CRP,PUS,12.0,6
CRP,KTH,21.0,22
CRP,DHN,34.0,10
CRP,GMO,17.0,16
CRP,TELO,8.0,4
CRP,JNN,7.0,2
CRP,TKB,9.0,2
CRP,MHQ,15.0,2
CRR,SMO,11.0,12
CRR,KUE,17.0,14
CRR,KIR,22.0,2
CRU,PAU,9.0,1
CRU,LBG,10.0,1
CRWA,JJN,29.0,10
CRWA,SRGH,12.0,8
CRWA,LHU,29.0,6
CRWA,RSH,15.0,4
CRWL,MCTM,9.0,2
CRWL,SVDK,16.0,2
CRY,TVC,29.0,2
CRY,KVU,3.0,14
CRY,TVP,26.0,5
CRY,KZK,16.0,6
CRY,VAK,12.0,3
CRY,MQU,8.0,4
CSA,GMR,9.0,6
CSA,PWXP,5.0,1
CSB,TKJ,1.0,9
CSB,NDLS,1.0,9
CSMT,DR,9.0,99
CSMT,TNA,33.0,4
CSMT,KJT,100.0,1
CSMT,KYN,53.0,11
CSN,NGN,42.0,18
CSN,JMD,15.0,2
CSN,MMR,67.0,26
CSN,KJ,19.0,2
CSN,JL,93.0,14
CSN,PC,45.0,23
CSZ,MBB,7.0,6
CT,WADI,16.0,10
CT,SEM,22.0,18
CT,LPI,147.0,2
CT,YG,44.0,10
CT,NW,19.0,7
CT,TDU,55.0,6
CT,MQR,10.0,1
CTA,JRU,33.0,8
CTA,RDG,98.0,4
CTA,RRB,102.0,2
CTA,DRU,108.0,2
CTA,HLV,9.0,2
CTC,JKPR,64.0,10
CTC,DNKL,58.0,20
CTC,JJKR,72.0,95
CTC,DNM,35.0,3
CTC,KNPR,4.0,3
CTC,KTJI,2.0,2
CTC,KDRP,17.0,1
CTC,MCS,20.0,2
CTC,KGP,294.0,2
CTC,RHMA,60.0,2
CTC,SORO,144.0,2
CTD,PQT,7.0,1
CTD,PLRD,9.0,1
CTF,VKB,10.0,2
CTF,SKP,19.0,1
CTF,GGD,7.0,1
CTH,KMV,15.0,2
CTH,MKDD,3.0,2
CTHR,JTW,15.0,2
CTHR,MJG,6.0,2
CTKT,DIA,36.0,18
CTKT,DNA,30.0,18
CTL,KKV,28.0,2
CTL,KJV,6.0,4
CTL,LDU,15.0,2
CTMP,MPY,2.0,1
CTO,KPD,32.0,44
CTO,TPTY,72.0,25
CTO,PAK,30.0,21
CTO,PTT,15.0,1
CTO,SIE,7.0,1
CTPE,KUV,5.0,2
CTPE,KLQ,2.0,2
CTR,NHT,9.0,1
CTR,MRR,8.0,1
CTS,MVG,7.0,2
CTS,JYP,7.0,2
CTTP,MRDW,8.0,2
CTYL,NLDA,26.0,4
CTYL,NRDP,32.0,2
CTYL,RMNP,9.0,2
CUE,NDB,5.0,2
CUE,TISI,8.0,2
CUK,SBDR,4.0,4
CUPJ,TDPR,5.0,8
CUPJ,VM,46.0,21
CUPJ,SY,55.0,2
CUPJ,PO,27.0,1
CUPJ,PRT,27.0,2
CUR,SDLP,58.0,44
CUR,RTGH,42.0,44
CUR,FPS,44.0,8
CUR,RSWT,24.0,2
CUR,SIKR,91.0,4
CVB,MJF,6.0,2
CVJ,NIU,7.0,1
CVP,SRT,22.0,47
CVP,TEN,65.0,42
CVP,KDU,22.0,2
CVP,MEJ,36.0,10
CVP,TN,68.0,4
CVP,VPT,48.0,9
CVP,MDU,92.0,2
CVR,MLHA,12.0,6
CVR,VRL,18.0,6
CW,EKMA,7.0,5
CW,DDA,8.0,6
CW,MHRN,3.0,1
CWA,SASR,73.0,2
CWA,SEY,65.0,2
CWA,GNW,13.0,4
CWA,PUX,29.0,4
CYI,DRL,43.0,6
CYI,GDA,66.0,26
CYI,RTM,251.0,24
CYI,ND,50.0,7
CYI,DHD,137.0,10
CYI,PIO,7.0,1
CYN,MVLK,6.0,4
DAA,VGLJ,25.0,43
DAA,DBA,30.0,38
DAA,KRQ,14.0,2
DAA,SOR,11.0,4
DAA,GWL,74.0,3
DAB,NZB,39.0,4
DAB,MUE,49.0,8
DAB,UMRI,30.0,12
DAB,NED,72.0,4
DAB,KEK,14.0,2
DABN,MBY,19.0,2
DABN,SGRA,11.0,3
DADN,INDB,21.0,18
DAJ,KDN,7.0,3
DAJ,TNGL,6.0,5
DAKE,KQU,30.0,4
DAKE,KOAA,9.0,4
DAKE,SDAH,16.0,4
DAPD,KSWD,4.0,5
DAPD,KK,2.0,5
DAQ,MXK,7.0,1
DAR,KAMP,5.0,1
DAR,SOM,10.0,1
DARA,RMA,24.0,2
DARA,DKNT,39.0,4
DARA,MKX,15.0,2
DAS,DLJ,26.0,6
DAS,LAT,15.0,2
DAS,DME,11.0,2
DAS,LMO,34.0,2
DAVM,NYY,6.0,1
DAVM,PASA,7.0,1
DAYG,MCSC,20.0,4
DAYG,KURJ,11.0,4
DB,PRTN,27.0,6
DB,TWV,7.0,1
DB,VAN,8.0,1
DBA,GWL,44.0,46
DBA,KTRA,10.0,2
DBA,SMTL,5.0,2
DBA,SOR,19.0,2
DBA,VGLJ,55.0,6
DBB,TFGN,54.0,2
DBB,GUP,7.0,7
DBD,MOZ,24.0,29
DBD,TPZ,28.0,11
DBD,SRE,34.0,18
DBEC,DCAB,3.21,1
DBEC,KMI,6.0,1
DBF,KWGN,9.0,2
DBF,GIZ,11.0,2
DBG,LSI,5.0,28
DBG,SKI,19.0,36
DBG,SPJ,37.0,41
DBG,KML,23.0,13
DBG,KKHT,7.0,1
DBG,SMI,67.0,9
DBG,JNR,42.0,4
DBG,JYG,68.0,2
DBHL,ROK,6.0,4
DBHL,SRBH,6.0,4
DBI,PGK,13.0,3
DBI,HMH,13.0,3
DBL,KIAT,27.0,3
DBL,MDLL,7.0,1
DBLA,NNL,26.0,4
DBLA,NMK,24.0,5
DBLA,NIP,11.0,1
DBLG,HTL,6.0,2
DBLG,LGT,13.0,2
DBR,MKP,23.0,18
DBR,PRYJ,77.0,2
DBR,PNHI,11.0,4
DBR,KTDD,11.0,4
DBR,SRJ,32.0,14
DBRG,NTSK,42.0,26
DBRG,SRTN,80.0,2
DBRG,MRHT,42.0,6
DBRG,DMC,62.0,14
DBRG,NLP,131.0,2
DBS,NDV,3.0,1
DBS,HHL,8.0,1
DBSI,VVKP,1.0,4
DBSI,PTNR,2.0,3
DBSI,SSB,4.0,1
DBU,GBD,39.0,12
DBU,YNK,21.0,12
DBV,MOB,10.0,1
DBV,MED,4.0,1
DBW,GPZ,10.0,2
DBW,TBH,24.0,2
DBY,MJN,25.0,2
DBY,MRG,14.0,2
DCAB,KMI,6.0,1
DCK,VLA,72.0,2
DCK,SEJ,89.0,2
DCK,DOK,54.0,4
DCU,PAK,7.0,3
DCU,PIL,34.0,1
DCU,MPT,11.0,2
DD,KWV,109.0,32
DD,PUNE,77.0,49
DD,SUR,188.0,21
DD,JEUR,75.0,9
DD,KDG,24.0,8
DD,URI,49.0,2
DD,JNTR,39.0,2
DD,PAA,15.0,1
DD,MLM,19.0,1
DD,PRWD,49.0,2
DD,KEM,91.0,1
DD,HDP,72.0,2
DDA,SV,18.0,9
DDA,EKMA,15.0,4
DDA,PCK,9.0,1
DDCC,URI,44.0,4
DDCC,PUNE,72.0,52
DDCC,KPG,193.0,6
DDCC,KDG,18.0,4
DDCC,MMR,235.0,6
DDCC,HDP,66.0,2
DDCE,SHR,15.0,12
DDCE,SBD,10.0,12
DDDA,SIPT,11.0,2
DDDA,LKDM,16.0,2
DDDM,RKM,27.0,2
DDDM,MTJ,22.0,2
DDE,NDB,34.0,34
DDE,SNK,20.0,16
DDE,RNL,12.0,4
DDE,VKH,8.0,4
DDE,JL,116.0,2
DDJ,SDAH,10.0,4
DDL,PGW,43.0,4
DDL,SIR,53.0,4
DDL,UMB,106.0,11
DDL,PHR,21.0,3
DDL,KNN,35.0,3
DDL,NMDA,60.0,1
DDL,LDH,7.0,1
DDL,JUC,64.0,7
DDL,JRC,59.0,7
DDL,RPJ,78.0,2
DDM,ODB,5.0,2
DDM,NMZ,6.0,2
DDMT,NRKR,10.0,2
DDMT,PAR,8.0,2
DDN,HW,52.0,28
DDN,DWO,20.0,3
DDN,HRW,9.0,3
DDNI,KRNI,11.0,2
DDNI,GLPT,20.0,2
DDNI,KYQ,104.0,2
DDP,KPS,9.0,3
DDP,EKMA,9.0,5
DDR,MMCT,6.0,4
DDU,PCOI,144.0,71
DDU,SSM,101.0,35
DDU,ZNA,40.0,18
DDU,MZP,63.0,55
DDU,PRYJ,153.0,102
DDU,KQR,280.0,4
DDU,PNBE,207.0,29
DDU,GAYA,204.0,28
DDU,DLN,54.0,28
DDU,KEI,13.0,18
DDU,DNR,198.0,8
DDU,GMO,374.0,2
DDU,KYT,22.0,1
DDU,PPTA,204.0,7
DDU,KMS,33.0,2
DDU,NEWC,1.0,2
DDU,GHD,217.0,2
DDU,DOS,118.0,2
DDU,KCA,7.0,1
DDU,PNME,355.0,1
DDU,IDR,1737.0,1
DDU,RPR,123.0,2
DDX,TPH,6.0,1
DEB,PLY,10.0,2
DEB,PCX,4.0,4
DEB,SVH,8.0,4
DEC,NDLS,15.0,4
DEC,GGN,17.0,74
DEC,DEE,10.0,44
DEC,DLI,14.0,30
DEC,PM,4.0,14
DEC,PTNR,6.0,6
DEC,RE,68.0,2
DEC,SSB,12.0,2
DEC,UMB,203.0,2
DEC,PNP,95.0,2
DEE,VGLJ,417.0,2
DEE,LDH,313.0,2
DEE,ROK,68.0,2
DEE,PTNR,4.0,3
DEE,DLI,4.0,13
DEE,SSB,9.0,2
DEE,NDLS,5.0,4
DEE,RE,78.0,4
DEE,PNP,91.0,2
DEEG,GDO,15.0,6
DEG,KASR,4.0,7
DEG,PURI,29.0,2
DEG,JPRD,3.0,2
DEG,SIL,12.0,3
DEG,KUR,16.0,2
DEOR,RDHP,42.0,4
DEOR,DKW,7.0,2
DEOR,MITA,10.0,2
DEOS,GKP,50.0,89
DEOS,SRU,31.0,2
DEOS,MAU,89.0,2
DEOS,SV,69.0,31
DEOS,GB,16.0,11
DEOS,NRA,13.0,2
DEOS,MW,49.0,2
DER,GZB,16.0,1
DER,KRJ,46.0,1
DER,MIU,7.0,1
DES,MNO,10.0,4
DES,HJP,20.0,8
DES,SPP,18.0,2
DG,KRR,74.0,24
DG,MDU,66.0,80
DG,TPJ,94.0,66
DG,SDN,45.0,4
DG,MPA,58.0,10
DG,KQN,25.0,18
DG,ODC,33.0,8
DGA,SEE,23.0,14
DGA,PPTA,33.0,4
DGA,STLR,5.0,5
DGA,HJP,29.0,6
DGB,KBM,8.0,1
DGB,NWP,6.0,1
DGBZ,GBRI,5.0,4
DGBZ,MKZ,8.0,4
DGDG,GLP,9.0,2
DGG,RJN,31.0,36
DGG,G,73.0,22
DGG,SKS,36.0,8
DGHA,RMRB,8.0,4
DGHA,KGP,165.0,1
DGHA,KATI,33.0,13
DGHR,GRMA,20.0,6
DGHR,JSME,7.0,6
DGHR,MHUR,10.0,2
DGI,JRS,5.0,3
DGLE,NFK,18.0,15
DGLE,NILE,10.0,12
DGLE,JRLE,29.0,1
DGN,SXA,7.0,2
DGO,KMS,12.0,2
DGR,RNG,24.0,21
DGR,HWH,157.0,12
DGR,SDAH,170.0,2
DGR,KOAA,163.0,8
DGR,PAN,15.0,30
DGR,OYR,9.0,9
DGR,UDL,17.0,19
DGR,RPH,118.0,4
DGR,SURI,71.0,8
DGW,RHG,9.0,2
DGW,MKH,8.0,2
DHA,TLAM,8.0,1
DHD,GDA,72.0,55
DHD,MGN,33.0,32
DHD,RTM,113.0,55
DHD,MAM,23.0,1
DHD,LMK,31.0,3
DHD,RET,5.0,1
DHD,ND,169.0,2
DHE,KCT,9.0,6
DHE,JNU,39.0,4
DHG,HVD,31.0,9
DHG,VG,66.0,18
DHG,SIOB,117.0,17
DHH,NCB,28.0,2
DHH,DWT,13.0,2
DHI,SHF,21.0,2
DHI,MHAD,3.0,2
DHN,PNME,48.0,18
DHN,KTH,13.0,22
DHN,KMME,39.0,19
DHN,GMO,30.0,20
DHN,SDAH,269.0,2
DHN,KQR,123.0,12
DHN,GAYA,199.0,16
DHN,PUS,46.0,2
DHN,PEH,27.0,2
DHN,TET,9.0,4
DHN,JSME,147.0,2
DHN,RJB,38.0,2
DHN,PKA,10.0,2
DHN,MDP,117.0,4
DHND,HDA,5.0,1
DHNE,KRNT,54.0,48
DHNE,TU,102.0,2
DHNE,GY,54.0,30
DHNE,GTL,72.0,12
DHNE,YA,169.0,2
DHNE,NDL,75.0,14
DHNE,PDL,26.0,2
DHNE,MLK,13.0,3
DHNE,VDI,20.0,2
DHNE,RGM,25.0,4
DHNE,MYL,11.0,2
DHO,MRA,28.0,40
DHO,GWL,66.0,12
DHO,HET,13.0,2
DHO,MIA,13.0,2
DHR,MTPC,5.0,2
DHR,RTA,12.0,2
DHRR,DLC,9.0,1
DHU,MGM,5.0,4
DHU,KNJ,13.0,1
DHW,GSP,14.0,8
DIA,LAU,31.0,18
DIB,RG,7.0,2
DIG,TEL,10.0,2
DIG,PVD,10.0,2
DIG,KLX,3.0,3
DIL,RBD,8.0,1
DIL,MLD,6.0,1
DING,JOK,5.0,2
DING,MHUL,7.0,2
DING,SSA,24.0,5
DIPA,SMCP,4.0,2
DIR,JYP,8.0,2
DIR,KDPA,6.0,2
DISA,PNU,27.0,6
DISA,LW,8.0,2
DIVA,KLMG,22.0,2
DIVA,NIIJ,7.0,2
DIVA,DTVL,4.0,5
DIVA,KOPR,6.0,1
DIVA,PNVL,28.0,1
DJA,WDA,4.0,2
DJA,PDJ,9.0,2
DJG,NTSK,16.0,6
DJG,NHK,8.0,7
DJHR,DPS,23.0,2
DJHR,MMVR,3.0,2
DJS,MKB,1.0,1
DJS,DMRX,4.0,3
DJS,LKR,8.0,2
DJX,LSX,24.0,6
DK,UMH,8.0,1
DK,TAS,8.0,1
DKAE,KGP,122.0,22
DKAE,RPH,191.0,6
DKBJ,JP,4.0,14
DKBJ,RGS,54.0,4
DKC,KQQ,10.0,2
DKC,KTKA,6.0,2
DKC,MQN,10.0,2
DKC,MRKL,15.0,2
DKD,MRK,24.0,8
DKD,KCD,13.0,8
DKD,GJJ,11.0,2
DKD,VKN,37.0,2
DKDE,FPMP,5.0,1
DKE,LGT,8.0,2
DKE,MUPA,8.0,2
DKGS,RJO,4.0,1
DKI,DRA,13.0,2
DKJ,KMT,23.0,23
DKJ,MABD,24.0,19
DKJ,GLA,5.0,8
DKJ,KRA,17.0,2
DKJ,PCZ,7.0,2
DKJR,MJBT,17.0,2
DKJR,NMM,12.0,2
DKLU,MNGD,13.0,4
DKNT,KOTA,9.0,8
DKNT,MKX,53.0,2
DKNT,RMA,63.0,2
DKO,SVGA,36.0,7
DKO,KKDI,5.0,9
DKO,KAL,13.0,2
DKT,UMB,9.0,1
DKW,JSI,9.0,2
DKZ,NDLS,4.0,6
DKZ,SSB,7.0,12
DKZ,DSB,2.0,3
DKZ,VVKP,2.0,4
DKZ,DLI,3.0,7
DL,THAN,14.0,2
DL,WKR,12.0,2
DLB,POZ,9.0,2
DLC,LKS,13.0,1
DLD,MDS,15.0,7
DLD,DOD,20.0,3
DLD,JAO,37.0,2
DLD,KHNR,12.0,2
DLGN,JTRD,18.0,4
DLGN,KVK,16.0,4
DLI,DSA,6.0,20
DLI,GZB,20.0,37
DLI,SZM,3.0,15
DLI,RE,83.0,2
DLI,UMB,197.0,6
DLI,KUN,123.0,2
DLI,SSB,10.0,2
DLI,NUR,26.0,3
DLI,SBB,13.0,4
DLI,SNP,43.0,1
DLI,KRJ,83.0,1
DLI,MB,161.0,12
DLI,PNP,88.0,1
DLJ,SGD,21.0,14
DLJ,LAT,41.0,2
DLJ,SOJN,29.0,10
DLJ,NGA,25.0,2
DLJ,UJ,10.0,1
DLJ,SOA,11.0,1
DLK,SM,83.0,2
DLK,KNE,28.0,24
DLK,TETA,9.0,4
DLK,KIR,86.0,4
DLN,GMR,16.0,12
DLN,ZNA,13.0,12
DLN,DNR,144.0,2
DLN,KKRH,13.0,2
DLN,DRV,8.0,1
DLN,USK,4.0,1
DLN,SAHA,6.0,1
DLO,MDT,14.0,2
DLO,HSA,25.0,6
DLO,NJP,108.0,4
DLPT,MZZ,3.0,2
DLR,MAU,21.0,12
DLR,JKN,8.0,8
DMC,SPTR,23.0,2
DMC,JFD,5.0,2
DMC,MYO,8.0,2
DMC,NLP,70.0,10
DMC,GOM,26.0,2
DME,LMO,22.0,2
DMG,GKP,4.0,2
DMG,JTB,7.0,2
DMH,MRIJ,22.0,8
DMH,SHC,22.0,8
DMH,MEE,6.0,2
DMK,SZY,11.0,2
DMLE,KJU,3.0,2
DMLE,KMAE,2.0,2
DMM,SSPN,33.0,20
DMM,HUP,79.0,32
DMM,YPR,184.0,5
DMM,YNK,162.0,4
DMM,MGB,35.0,3
DMM,KRY,68.0,13
DMM,PKD,41.0,6
DMM,GTL,102.0,6
DMM,GY,90.0,1
DMN,WR,50.0,8
DMN,PLO,20.0,28
DMNJ,LKMR,42.0,8
DMNJ,KRPU,19.0,8
DMO,PHA,27.0,18
DMO,GAJ,40.0,2
DMO,KMZ,108.0,63
DMO,SGO,78.0,57
DMO,KTE,110.0,6
DMP,KMTI,6.0,5
DMP,SWO,6.0,3
DMP,KLK,33.0,9
DMR,NKMG,65.0,16
DMR,KUGT,33.0,6
DMR,PTKD,36.0,2
DMR,PASG,11.0,2
DMRX,MKB,5.0,3
DMRX,LKR,11.0,2
DMT,GZL,28.0,7
DMT,GID,11.0,8
DMT,NDL,42.0,1
DMV,DPU,38.0,28
DMV,MXN,108.0,6
DMV,LMG,69.0,4
DMV,FKG,70.0,14
DMV,SZR,36.0,6
DMW,JPD,13.0,4
DMW,LLJ,13.0,4
DNA,MKN,44.0,56
DNA,MTD,45.0,46
DNA,REN,28.0,20
DNA,GCH,14.0,6
DNA,NGO,102.0,10
DNA,JAC,13.0,2
DNA,JU,149.0,2
DNDI,GNH,14.0,1
DNDI,PKNS,3.0,1
DNDL,SSPR,4.0,2
DNDL,DNKL,7.0,2
DNGD,WGI,3.0,2
DNGD,KMB,4.0,2
DNK,KKU,10.0,2
DNK,JP,19.0,7
DNK,FL,36.0,6
DNKL,TLHR,54.0,12
DNKL,TLHD,48.0,17
DNKL,NQR,37.0,10
DNKL,MRDL,34.0,7
DNKL,SCPR,5.0,2
DNKL,JJKR,105.0,3
DNKL,HND,20.0,1
DNM,JJKR,37.0,6
DNM,KIS,20.0,2
DNM,KNPR,32.0,1
DNN,GSP,11.0,6
DNN,PTK,25.0,6
DNR,PPTA,6.0,40
DNR,PNBE,10.0,73
DNR,PWS,3.0,5
DNR,SDE,13.0,4
DNR,HJP,26.0,2
DNR,NEO,6.0,1
DNRE,UREN,6.0,3
DNRE,KIUL,6.0,1
DNRE,RMPR,4.0,2
DNRP,SES,31.0,4
DNRP,SJS,53.0,2
DNRP,RDD,17.0,4
DNRP,LSD,42.0,2
DNT,JER,16.0,2
DNT,NSI,9.0,4
DNT,LXD,10.0,2
DNV,KMX,10.0,6
DNV,VBL,12.0,6
DNWH,FUT,6.0,4
DNWH,DYW,6.0,2
DNWH,HIL,14.0,2
DNWR,JAUA,23.0,2
DNWR,NWDH,16.0,2
DO,GTJT,50.0,18
DO,GADJ,55.0,38
DO,JW,12.0,2
DO,JP,61.0,10
DO,KWP,45.0,2
DOA,SNL,7.0,1
DOB,NWH,11.0,8
DOB,JJN,26.0,7
DOB,NUA,15.0,1
DOD,JAO,16.0,5
DOD,KHNR,7.0,2
DOE,JBP,17.0,6
DOE,GSPR,10.0,10
DOE,SHR,21.0,2
DOH,MGRD,5.0,1
DOH,KQE,15.0,1
DOK,SEJ,36.0,2
DOK,VLA,14.0,2
DOL,MFP,25.0,25
DOL,SPJ,26.0,6
DOL,KRBP,13.0,18
DOL,KPGM,20.0,1
DOLK,RW,6.0,2
DOR,SMR,23.0,8
DOR,LUNI,26.0,8
DOS,SSM,18.0,85
DOS,GAYA,85.0,22
DOS,NBG,36.0,12
DOS,SEB,6.0,2
DOZ,SDH,8.0,1
DPA,JP,7.0,66
DPA,SWM,124.0,34
DPA,SNGN,5.0,8
DPC,GPJ,12.0,2
DPC,PFU,10.0,2
DPD,IDP,7.0,1
DPD,GDV,7.0,1
DPJ,HSRA,92.0,20
DPJ,SA,67.0,22
DPJ,PCV,22.0,2
DPK,HLW,6.0,1
DPK,HMH,20.0,3
DPK,SDS,18.0,3
DPLN,NHR,11.0,2
DPLN,GAMI,15.0,2
DPR,SEO,14.0,12
DPR,NGG,17.0,14
DPR,MB,60.0,2
DPR,KNT,31.0,4
DPR,NBD,38.0,4
DPRA,RGJI,10.0,2
DPRA,SNCA,9.0,2
DPS,NOMD,9.0,4
DPS,PDPH,5.0,1
DPS,MLKA,10.0,1
DPU,LMG,31.0,30
DPU,DSR,19.0,2
DPUR,GRCP,8.0,2
DPX,JAJ,8.0,2
DPX,GHR,4.0,2
DPZ,SWM,11.0,4
DQG,NJP,65.0,20
DQG,FLK,23.0,18
DQG,NCB,61.0,24
DQG,JPE,32.0,10
DQG,NMX,20.0,12
DQL,NCA,14.0,2
DQN,RNV,35.0,12
DQN,MBNL,67.0,2
DQR,MXT,1.0,3
DQR,YKA,1.0,3
DR,TNA,24.0,86
DR,KYN,44.0,36
DR,LNL,119.0,1
DRA,ET,12.0,2
DRD,VAPI,48.0,28
DRD,PLG,33.0,6
DRD,GVD,11.0,8
DRD,VGN,12.0,7
DRD,UBR,21.0,5
DRH,JMP,12.0,20
DRH,DRTP,5.0,2
DRH,MSDN,6.0,3
DRHI,KKN,11.0,2
DRI,GJH,5.0,3
DRL,GDA,23.0,10
DRL,SMLA,24.0,2
DRL,KRSA,13.0,1
DRLA,KAT,16.0,1
DRLA,MUT,13.0,1
DRO,PTI,13.0,4
DRO,RDN,11.0,2
DRS,MJ,9.0,1
DRS,SOD,12.0,1
DRTP,JMP,6.0,2
DRU,RRB,6.0,40
DRU,VNR,16.0,1
DRU,HSD,44.0,2
DRV,ZNA,6.0,1
DRWN,MXW,5.0,4
DRWN,GHAA,12.0,4
DSA,SBB,8.0,4
DSA,GZB,14.0,13
DSA,VVB,3.0,1
DSB,NDLS,2.0,3
DSJ,UMB,209.0,6
DSJ,MTJ,137.0,7
DSJ,SSB,18.0,4
DSJ,VGLJ,408.0,2
DSJ,PNP,100.0,1
DSO,NOK,32.0,14
DSR,SKHV,15.0,2
DSS,SPJ,23.0,27
DSS,NAZJ,8.0,5
DSS,UJP,14.0,1
DSS,STJT,5.0,2
DTAE,SMAE,7.0,1
DTC,NHGJ,9.0,2
DTF,GOS,6.0,1
DTF,KL,6.0,1
DTO,GHD,33.0,33
DTO,LAD,144.0,4
DTO,LTHR,68.0,6
DTO,LBT,22.0,2
DTO,TORI,101.0,2
DTP,YNG,6.0,4
DTP,JCL,7.0,4
DTRA,SK,7.0,1
DTRA,NRI,5.0,1
DTRD,KLYT,17.0,1
DTRD,NKRA,22.0,1
DTV,PNPL,6.0,2
DTV,JSG,9.0,2
DTVL,NIIJ,3.0,5
DTX,NBQ,7.0,4
DUA,LAR,28.0,4
DUB,KEG,6.0,2
DUD,SUR,64.0,4
DUD,GUR,23.0,9
DUD,GDGN,17.0,1
DUD,KLBG,50.0,2
DUE,POU,19.0,2
DUE,TOI,12.0,2
DUE,GSRM,5.0,1
DUI,NBA,27.0,10
DUI,MET,17.0,18
DUI,SAG,16.0,28
DUI,LDH,62.0,18
DUI,PTA,53.0,6
DUI,SFMU,28.0,4
DUI,JHL,66.0,6
DUJ,PCR,7.0,2
DUJ,UDL,36.0,2
DUJ,SURI,19.0,4
DUJ,PAW,15.0,2
DUMK,SKIP,25.0,4
DUMK,JAMA,12.0,2
DUMK,RPH,64.0,2
DUMK,NNHT,26.0,2
DURE,RPR,16.0,10
DURE,VVG,4.0,1
DURG,R,37.0,113
DURG,RJN,31.0,73
DURG,G,136.0,38
DURG,MUP,15.0,1
DUSI,PDU,9.0,3
DUU,UKD,11.0,3
DUU,KOLA,9.0,3
DVD,RJY,183.0,26
DVD,VSKP,18.0,95
DVD,SLO,133.0,24
DVD,VZM,65.0,20
DVD,PAP,120.0,2
DVD,YLM,39.0,4
DVD,PDT,22.0,11
DVD,SCMN,13.0,1
DVD,KTV,30.0,4
DVD,MIPM,13.0,2
DVG,HRR,14.0,53
DVG,JRU,46.0,25
DVG,HVR,69.0,5
DVG,RRB,114.0,35
DVG,UBL,144.0,10
DVG,RNR,36.0,6
DVG,KAG,21.0,2
DVG,SBC,327.0,2
DVG,TK,255.0,2
DVG,HPHI,48.0,2
DVGM,RDHP,12.0,2
DVL,KSRA,60.0,3
DVL,NK,6.0,10
DVL,KYN,128.0,1
DVL,IGP,45.0,6
DWD,KBH,14.0,4
DWD,NDB,9.0,5
DWDI,SQW,12.0,2
DWDI,RPV,10.0,2
DWDI,MHC,19.0,2
DWDI,THE,45.0,2
DWI,KHU,9.0,2
DWK,KMBL,84.0,25
DWK,OKHA,29.0,32
DWK,MTHP,19.0,4
DWK,JAM,138.0,4
DWLE,PNSA,7.0,2
DWLE,HPLE,14.0,2
DWO,RWL,20.0,4
DWO,HRW,11.0,3
DWO,QSR,10.0,2
DWP,SLO,30.0,4
DWP,RJY,20.0,22
DWP,KYM,10.0,4
DWR,LWR,37.0,24
DWR,UBL,20.0,63
DWR,LD,69.0,17
DWR,MGD,14.0,2
DWV,VINH,8.0,3
DWV,KLBN,10.0,3
DWX,INDB,41.0,71
DWX,UJN,41.0,60
DWX,MKC,36.0,12
DWX,LMNR,38.0,7
DWX,VRG,35.0,2
DWX,RCJ,21.0,2
DWZ,JDB,107.0,2
DWZ,GIZ,7.0,2
DWZ,KMLR,13.0,2
DXD,KOTA,16.0,2
DXG,JL,30.0,20
DXG,NDB,121.0,4
DXH,MUD,4.0,1
DXH,GUH,4.0,1
DXK,RBS,7.0,2
DXN,RNQ,21.0,10
DXN,WDM,23.0,8
DXN,NUQ,34.0,2
DXR,SUNR,14.0,2
DXR,THAN,34.0,1
DXR,MOL,8.0,1
DYD,RDL,23.0,16
DYD,SGJ,19.0,4
DYD,PTH,8.0,2
DYE,SFX,0.63,1
DYE,MJF,1.0,1
DYP,LMN,14.0,1
DYP,RBL,6.0,1
DYW,HIL,8.0,2
DZA,JRC,58.0,10
DZA,MEX,15.0,16
DZA,TDO,15.0,6
DZB,MHRG,26.0,2
DZB,RE,24.0,6
DZB,KNNK,10.0,4
DZKT,HLZ,8.0,2
DZKT,TMZ,37.0,2
DZL,MHU,7.0,2
ED,TUP,50.0,155
ED,KRR,66.0,26
ED,SA,59.0,173
ED,SGE,21.0,7
ED,PTJ,94.0,2
ED,KMD,38.0,4
ED,UKL,37.0,3
ED,PGR,51.0,4
EDN,OKL,8.0,2
EDN,PUU,9.0,2
EDP,KTHY,3.0,2
EE,TDD,47.0,65
EE,RJY,90.0,69
EE,NZD,18.0,9
EE,RYP,66.0,10
EE,PRH,1.0,6
EKC,GGA,5.0,7
EKI,MLDT,19.0,14
EKI,GZO,14.0,6
EKI,SM,16.0,4
EKM,TRT,16.0,8
EKM,PUT,14.0,10
EKM,NG,1.0,2
EKMA,SV,33.0,9
EKMA,MHRN,5.0,1
EKN,KKZ,7.0,6
EKN,KFV,3.0,2
EKN,KUV,5.0,4
EKR,HIL,11.0,4
EKR,IPR,10.0,4
ELM,PAZ,7.0,4
ELM,PAY,5.0,4
ENB,HMO,37.0,2
ENB,NHR,31.0,8
ENB,TLI,10.0,2
ENB,KNNA,12.0,2
ENB,HMH,42.0,4
ENB,TIBI,20.0,2
ERL,NJT,13.0,6
ERL,KZT,15.0,12
ERL,NCJ,19.0,6
ERN,ERS,2.0,13
ERN,TCR,71.0,18
ERN,KTYM,59.0,63
ERN,TRTR,10.0,16
ERN,VARD,35.0,2
ERN,IPL,6.0,7
ERN,PVRD,28.0,2
ERN,ETM,49.0,2
ERS,SRTL,34.0,17
ERS,TCR,74.0,24
ERS,TUVR,23.0,11
ERS,TRTR,10.0,2
ERS,KTYM,59.0,2
ET,HD,75.0,51
ET,RKMP,86.0,48
ET,KNW,182.0,92
ET,PPI,68.0,97
ET,JBP,246.0,89
ET,GDYA,70.0,36
ET,NDPM,18.0,63
ET,GMD,40.0,2
ET,GRO,11.0,4
ET,SGP,50.0,14
ET,KKN,106.0,4
ET,TBN,62.0,6
ET,NGP,295.0,69
ET,KRTH,11.0,3
ET,PAR,194.0,2
ET,NU,161.0,2
ETM,PVRD,20.0,4
ETM,KTYM,10.0,10
ETM,KRPP,8.0,4
ETP,VGE,7.0,2
ETW,PHD,56.0,8
ETW,TDL,92.0,33
ETW,GZB,275.0,1
ETW,SKB,55.0,21
ETW,JJK,77.0,8
ETW,HAB,39.0,2
ETW,FZD,75.0,12
ETW,GOY,136.0,9
ETW,RURA,95.0,2
ETW,JGR,16.0,1
ETW,FAB,79.0,2
ETW,SSDT,108.0,2
ETW,GWL,119.0,2
EVA,VAK,4.0,2
EVA,PVU,7.0,2
FA,RANI,14.0,36
FA,JWB,17.0,28
FA,PMY,97.0,2
FA,MJ,67.0,46
FA,PDWA,55.0,20
FA,NANA,38.0,2
FAB,HAB,40.0,2
FAN,MVJ,14.0,13
FAN,KIN,23.0,9
FBD,KJN,58.0,20
FBD,KSJ,108.0,27
FBD,FGR,5.0,14
FBD,NBUE,19.0,2
FBD,SSD,17.0,3
FBD,KMJ,30.0,5
FBD,GHJ,37.0,7
FBD,GWA,76.0,2
FBD,MNQ,58.0,2
FBG,JBN,13.0,10
FBG,NPV,17.0,6
FBG,LLP,28.0,2
FDB,PWL,29.0,3
FDB,NZM,21.0,55
FDB,MTJ,113.0,40
FDB,NDLS,28.0,7
FDB,TKD,10.0,4
FDB,KSV,71.0,8
FDB,FDN,4.0,2
FDK,KKP,12.0,12
FDK,FZR,33.0,14
FGH,MHU,6.0,2
FGR,KJN,54.0,6
FGR,KLJ,13.0,6
FGR,GHJ,32.0,2
FGSB,SIR,4.0,2
FK,PGI,15.0,11
FK,KN,5.0,2
FK,VLI,10.0,7
FK,TIR,31.0,2
FKA,LKW,31.0,2
FKA,JBD,32.0,2
FKA,LDK,14.0,2
FKG,MXN,38.0,20
FKG,TTB,25.0,2
FKG,GLGT,7.0,4
FKG,SZR,34.0,4
FKM,GOGH,23.0,8
FKM,KOJ,10.0,21
FKM,NOQ,68.0,4
FKM,NBQ,41.0,4
FKM,GKJ,47.0,2
FKM,SPX,8.0,5
FKM,KAMG,48.0,4
FKM,NCB,87.0,2
FL,KSG,54.0,58
FL,RGS,67.0,13
FL,JP,55.0,75
FL,SBR,7.0,16
FL,KKU,46.0,4
FL,JOB,18.0,10
FL,RNW,35.0,6
FL,NAC,35.0,10
FL,NRI,10.0,11
FL,KMNC,51.0,4
FL,HDA,8.0,5
FL,MKN,64.0,12
FLD,MJ,25.0,2
FLD,KBK,22.0,2
FLK,NCB,38.0,16
FLK,GDX,16.0,2
FLR,ULB,2.0,1
FM,MXT,6.0,4
FM,UR,13.0,4
FM,KCG,8.0,4
FM,HPG,1.0,3
FM,NSVP,5.0,3
FPMP,WAIR,4.0,1
FPS,SIKR,47.0,2
FPS,LNH,20.0,10
FPS,RSWT,19.0,2
FSP,HAN,14.0,6
FSR,GDB,7.0,2
FSR,MOT,10.0,2
FSW,SDS,6.0,1
FTD,INDB,40.0,10
FTD,LMNR,36.0,4
FTD,RTM,79.0,2
FTD,UJN,23.0,4
FTG,JAIS,11.0,4
FTG,RBL,18.0,4
FTH,SGNR,15.0,2
FTH,HMK,11.0,2
FTH,ORKI,5.0,1
FTH,MOPR,10.0,1
FTP,PRYJ,117.0,25
FTP,SRO,60.0,6
FTP,SFG,113.0,14
FTP,GOY,80.0,7
FTP,KGA,35.0,10
FTP,KKS,7.0,1
FTP,RAMA,5.0,1
FTS,RBS,14.0,12
FTS,KLB,13.0,2
FTS,SNPR,6.0,2
FUT,PNBE,22.0,2
FUT,KOO,8.0,36
FUT,PNC,12.0,48
FUT,HDE,5.0,1
FYZ,RAMA,6.0,1
FYZ,RUB,9.0,1
FZD,SKB,20.0,14
FZD,TDL,17.0,28
FZR,MXH,42.0,4
FZR,TWB,31.0,6
FZR,GHS,39.0,4
FZR,MOGA,55.0,2
FZR,SQR,71.0,4
FZR,MWX,24.0,2
G,TRO,29.0,16
G,TMR,50.0,16
G,NGP,130.0,64
G,RJN,105.0,38
G,WSA,103.0,6
G,NAB,131.0,8
G,R,172.0,4
GA,NAC,19.0,2
GA,SBR,8.0,2
GAD,KRBA,7.0,1
GADH,PRNR,7.0,2
GADH,KDJR,11.0,2
GADJ,JP,5.0,74
GADJ,GTJT,5.0,18
GADM,GD,7.0,2
GAG,GATD,15.0,1
GAG,TIS,7.0,1
GAJ,MKRN,31.0,4
GAJ,GW,14.0,2
GAJ,PHA,13.0,4
GAJB,SGAM,10.0,2
GAL,KRH,7.0,2
GAL,PSL,6.0,2
GALE,JRLE,6.0,2
GALE,MGLE,8.0,1
GAM,HMA,6.0,2
GAM,KIT,28.0,2
GAM,RBA,17.0,2
GAMI,NHR,26.0,4
GAMI,TSD,14.0,6
GAO,PS,8.0,1
GAP,PRP,12.0,2
GAR,SCKR,14.0,12
GAR,KY,29.0,22
GAR,PPI,49.0,29
GAR,NU,44.0,17
GATD,KITA,15.0,1
GAUR,TH,8.0,2
GAW,KPE,9.0,2
GAW,JKNI,7.0,2
GAYA,KQR,76.0,82
GAYA,SSM,103.0,18
GAYA,NWD,59.0,6
GAYA,PNME,151.0,4
GAYA,RFJ,38.0,10
GAYA,JHD,47.0,15
GAYA,PRP,32.0,6
GAYA,GRRU,22.0,14
GAYA,GMO,170.0,5
GAYA,WZJ,24.0,2
GAYA,TKN,20.0,4
GAYA,KSTA,8.0,2
GAYA,TIA,41.0,4
GAYA,PNBE,92.0,6
GAYA,SEB,80.0,2
GAYA,PRG,350.0,1
GAYA,KIUL,129.0,4
GB,GKP,35.0,1
GBA,VSU,25.0,8
GBB,TK,17.0,7
GBB,TTR,52.0,3
GBB,NTR,9.0,1
GBB,MLSA,8.0,1
GBD,HUP,24.0,21
GBD,SBC,87.0,1
GBD,YNK,60.0,7
GBK,KTJI,3.0,2
GBP,MDL,53.0,2
GBX,HTE,41.0,6
GBX,PKF,20.0,2
GCH,MKN,30.0,4
GCT,YFP,20.0,16
GCT,NDJ,18.0,2
GCT,KMDR,33.0,2
GCT,JNU,100.0,4
GCT,TRG,9.0,1
GD,MUR,28.0,61
GD,GKP,154.0,12
GD,LKO,116.0,42
GD,STP,159.0,14
GD,JLD,46.0,3
GD,GTNR,109.0,3
GD,MSW,43.0,2
GD,SUBR,6.0,2
GDA,RTM,185.0,30
GDA,SAT,21.0,2
GDA,LMK,40.0,2
GDA,ND,97.0,2
GDA,KIZ,5.0,1
GDA,KRSA,10.0,1
GDA,VKG,7.0,1
GDB,MOT,16.0,13
GDE,TAC,9.0,3
GDE,KLU,11.0,4
GDG,KBL,58.0,29
GDG,HBL,12.0,3
GDG,KGX,9.0,1
GDG,UBL,58.0,31
GDG,HLAR,47.0,4
GDG,NGR,23.0,8
GDG,MLP,30.0,4
GDG,LKT,13.0,4
GDGN,GUR,6.0,1
GDI,KALS,5.0,2
GDI,SNH,11.0,2
GDKP,TEO,8.0,2
GDL,NUD,31.0,4
GDL,RJT,41.0,2
GDL,VRR,17.0,12
GDL,JLR,36.0,2
GDL,RBR,17.0,2
GDL,GTT,13.0,2
GDO,MTJ,26.0,4
GDO,RAKD,7.0,2
GDP,KSM,12.0,1
GDP,KPN,10.0,1
GDPL,MED,9.0,2
GDPL,GWV,5.0,1
GDR,NYP,27.0,22
GDR,NLR,39.0,169
GDR,RU,83.0,57
GDR,PER,137.0,39
GDR,SPE,55.0,17
GDR,MAS,137.0,27
GDR,OGL,154.0,8
GDR,MS,142.0,27
GDR,VDE,31.0,4
GDR,VKI,36.0,13
GDR,KHT,60.0,8
GDR,VKT,22.0,2
GDR,TPTY,93.0,2
GDV,GVL,11.0,8
GDV,KKLR,29.0,39
GDV,RYP,52.0,2
GDV,MTM,37.0,2
GDV,MDVL,22.0,3
GDV,TGU,18.0,1
GDV,PCU,16.0,1
GDV,OTR,8.0,1
GDV,IDP,13.0,1
GDX,NCB,23.0,2
GDYA,MJY,28.0,3
GDYA,POX,31.0,2
GEA,SAO,16.0,2
GEB,SHC,16.0,4
GEB,SOU,11.0,6
GEB,PGC,5.0,2
GEK,LR,6.0,1
GEK,KSG,6.0,1
GG,SBIB,14.0,2
GG,VTP,6.0,2
GG,SEJ,6.0,2
GGA,LMM,6.0,1
GGA,SBO,13.0,2
GGC,SWM,63.0,62
GGC,SMVJ,35.0,16
GGC,HAN,45.0,26
GGC,MTJ,153.0,4
GGC,KOTA,172.0,14
GGC,NNW,17.0,6
GGC,PDZ,21.0,4
GGC,LRU,7.0,2
GGD,SKP,12.0,1
GGH,NMA,17.0,6
GGH,JJP,21.0,6
GGN,RE,51.0,54
GGN,GHH,9.0,10
GGN,PTRD,30.0,16
GGN,JP,276.0,2
GGN,PM,14.0,9
GGR,HMG,14.0,2
GGVT,SRNM,10.0,3
GH,SBZ,11.0,2
GHAA,MOU,5.0,4
GHAI,RENH,14.0,1
GHAI,PNHR,11.0,1
GHB,SGA,6.0,2
GHD,GHQ,10.0,12
GHD,RNQ,99.0,5
GHD,JPL,47.0,2
GHD,LBT,11.0,2
GHD,URD,17.0,8
GHD,NUQ,44.0,2
GHD,SEB,92.0,2
GHE,MQC,3.0,1
GHGL,HRNR,5.0,2
GHGL,VJPJ,21.0,2
GHH,RE,42.0,1
GHH,PT,8.0,4
GHH,PTRD,21.0,9
GHJ,JDA,9.0,2
GHJ,KLJ,19.0,6
GHJ,KJN,22.0,12
GHL,SDVL,9.0,1
GHLE,SNT,7.0,5
GHLE,MLV,8.0,5
GHNA,ROK,31.0,6
GHNA,PNP,40.0,4
GHNA,SNP,40.0,2
GHNA,JIND,49.0,2
GHNA,IRA,21.0,2
GHNH,KIS,33.0,2
GHPU,KRA,6.0,2
GHPU,TPY,16.0,2
GHQ,RMF,23.0,6
GHQ,NUQ,34.0,6
GHQ,RNQ,90.0,2
GHQ,URD,24.0,2
GHR,JMU,14.0,14
GHR,JAJ,12.0,12
GHS,JBD,17.0,4
GHX,RJO,4.0,2
GHX,NBJU,4.0,2
GHY,RNY,47.0,12
GHY,KYQ,6.0,67
GHY,GLPT,131.0,12
GHY,MYD,181.0,2
GHY,NHLG,269.0,4
GHY,HJI,135.0,14
GHY,JID,57.0,24
GHY,LMG,181.0,10
GHY,NBQ,183.0,4
GHY,MBG,235.0,2
GID,NDL,54.0,14
GID,MRK,60.0,4
GID,JBK,27.0,1
GID,SDV,15.0,4
GIMB,SIOB,53.0,11
GIMB,VG,235.0,2
GIN,KBL,11.0,5
GIN,HTNL,7.0,3
GIN,MRB,11.0,5
GIR,TLR,14.0,6
GIR,PPW,9.0,6
GJD,PRP,34.0,2
GJD,KQR,10.0,2
GJJ,MRK,13.0,2
GJL,GMS,21.0,12
GJL,MNDR,15.0,6
GJL,HPU,51.0,6
GJN,NAL,19.0,1
GJN,KLYT,15.0,1
GJS,SRW,20.0,6
GJS,RSNR,14.0,6
GJTA,MZY,7.0,2
GJUT,GNA,15.0,8
GJUT,KKP,16.0,12
GJWL,KDKL,12.0,2
GK,LMP,35.0,6
GK,MLN,25.0,6
GKC,GKP,3.0,3
GKC,KHM,10.0,1
GKH,NRX,5.0,3
GKH,PCQ,6.0,3
GKJ,GUP,13.0,11
GKJ,MTJR,5.0,5
GKJ,TFGN,35.0,4
GKK,PCH,16.0,2
GKK,GPB,5.0,4
GKK,PRKH,9.0,2
GKL,GMDN,4.0,3
GKL,MDN,7.0,3
GKP,SWA,17.0,7
GKP,LKO,270.0,4
GKP,KLD,35.0,73
GKP,SBZ,66.0,6
GKP,MIM,10.0,2
GKP,PPC,20.0,7
GKP,PJ,22.0,4
GKP,JTB,11.0,1
GKP,SV,119.0,5
GKP,SDDN,72.0,2
GKP,MUR,125.0,4
GKP,NKE,151.0,3
GKP,STP,312.0,3
GKP,JEA,6.0,2
GLA,MABD,19.0,7
GLA,GUU,8.0,1
GLGT,NMGY,16.0,2
GLP,PAP,6.0,5
GLPT,NBQ,51.0,35
GLPT,KYQ,124.0,25
GLPT,PNVT,8.0,2
GLPT,KRNI,9.0,2
GLTA,KSG,18.0,1
GLTA,SALI,7.0,1
GLU,TUNI,11.0,2
GLU,NRP,11.0,2
GLY,JCL,8.0,5
GLY,RRGA,10.0,1
GLY,RJAP,5.0,3
GM,SNLR,8.0,2
GM,PFL,9.0,2
GMAN,KLP,7.0,1
GMAN,PKR,19.0,2
GMD,SGP,10.0,6
GMDA,PVPT,12.0,6
GMDA,JMPT,18.0,2
GMDA,KNRT,9.0,4
GMDN,KGP,2.0,5
GMDN,MDN,11.0,2
GMH,TATA,11.0,2
GMH,SINI,16.0,1
GMIA,PUS,20.0,2
GMM,KOTI,6.0,3
GMM,TSL,5.0,3
GMO,PNME,18.0,42
GMO,PRR,92.0,5
GMO,VAA,40.0,2
GMO,KQR,93.0,20
GMO,TATA,182.0,2
GMO,HZD,45.0,4
GMO,TET,21.0,4
GMO,TELO,9.0,4
GMO,KARO,8.0,1
GMR,KKRH,3.0,1
GMS,SMBL,9.0,2
GMS,HPU,30.0,10
GMTO,HMY,10.0,2
GMTO,NHLN,9.0,2
GNB,KGI,3.0,1
GNB,NYH,2.0,1
GNC,PNU,127.0,2
GNC,SBIB,23.0,2
GNC,KLL,20.0,4
GNC,MSH,63.0,4
GND,RGS,18.0,4
GNG,RBL,47.0,10
GNG,JAIS,18.0,10
GNG,KCJ,16.0,4
GNGD,KUU,8.0,4
GNH,PRLI,29.0,9
GNH,PBN,34.0,9
GNH,WDN,14.0,3
GNH,PKNS,17.0,2
GNK,XBKJ,22.0,2
GNK,SSM,19.0,2
GNNA,SGG,7.0,1
GNNA,KPRD,6.0,1
GNO,MNI,11.0,5
GNO,VEER,6.0,5
GNP,KZJ,20.0,11
GNP,ZN,29.0,8
GNP,RGP,16.0,6
GNP,PQL,12.0,3
GNPR,KNGR,25.0,2
GNPR,PLSG,6.0,2
GNQ,NGP,7.0,2
GNR,TNGL,7.0,5
GNR,HPT,26.0,5
GNRL,SKQ,5.0,1
GNS,NIR,34.0,2
GNS,JBP,89.0,2
GNST,NVS,3.0,2
GNST,VDH,5.0,2
GNT,SC,281.0,8
GNT,TEL,26.0,23
GNT,SAP,42.0,43
GNT,PGRL,75.0,4
GNT,MAG,21.0,14
GNT,NLDA,171.0,6
GNT,PDKN,7.0,4
GNT,NRT,46.0,18
GNT,PRCA,11.0,4
GNT,NLPD,5.0,2
GNT,NBR,9.0,2
GNT,VJA,12.0,4
GNT,GT,261.0,1
GNT,SRPM,23.0,2
GNT,MRGA,133.0,3
GNT,OGL,132.0,2
GNT,NDL,257.0,2
GNU,SNP,16.0,13
GNU,SMK,13.0,12
GNU,PNP,30.0,1
GNW,PUX,15.0,4
GNWA,UDR,7.0,2
GOA,MLAR,17.0,4
GOA,SONI,16.0,4
GOC,SRGM,9.0,1
GOC,TPJ,3.0,1
GODA,PYHT,17.0,14
GOGH,KAMG,25.0,4
GOGH,NOQ,45.0,6
GOGH,KOJ,33.0,2
GOH,SGZ,11.0,8
GOK,KAWR,36.0,4
GOK,KT,19.0,12
GOK,MRJN,11.0,2
GOL,SWR,12.0,4
GOL,MOU,28.0,10
GOL,TUX,7.0,4
GOL,MXW,5.0,4
GOL,JRA,39.0,2
GOM,NLP,43.0,4
GOM,SUZ,8.0,2
GOPG,THE,5.0,2
GOPG,SQW,28.0,2
GOS,MURD,7.0,1
GOTN,MTD,20.0,46
GOTN,RKB,81.0,11
GOTN,KXG,7.0,4
GOTN,JU,84.0,23
GOTN,PPR,37.0,8
GOY,PHN,55.0,3
GOY,PRYJ,197.0,21
GOY,TDL,228.0,6
GOY,ORAI,102.0,4
GOY,NDLS,437.0,2
GP,ROU,30.0,31
GP,GPH,18.0,10
GP,KXN,9.0,4
GP,PPO,25.0,1
GP,PNPL,57.0,1
GP,SXN,7.0,2
GP,JSG,72.0,7
GP,KLG,16.0,2
GPAE,NDAE,30.0,1
GPAE,SOAE,7.0,1
GPB,KUD,46.0,6
GPB,MRJ,79.0,4
GPB,RBG,29.0,6
GPC,NU,6.0,4
GPD,TADA,23.0,2
GPD,PON,13.0,2
GPD,MS,52.0,4
GPD,SPE,35.0,4
GPH,SOGR,6.0,2
GPH,TGM,8.0,2
GPI,VZM,22.0,6
GPI,KMX,9.0,6
GPI,VBL,31.0,2
GPI,GRBL,10.0,2
GPU,VPL,11.0,4
GPU,HNMN,7.0,4
GPY,KPU,8.0,2
GPY,KKM,8.0,2
GPZ,VNE,52.0,4
GPZ,HMY,51.0,2
GPZ,TBH,33.0,2
GPZ,HML,19.0,2
GQN,PIRO,20.0,2
GRA,KUN,18.0,7
GRA,PNP,16.0,7
GRBL,GTLM,6.0,2
GRCP,LJR,9.0,2
GRF,NBH,8.0,2
GRF,SMP,9.0,2
GRH,RXL,35.0,4
GRH,SMI,51.0,2
GRHI,MLKN,15.0,4
GRHI,HNS,13.0,4
GRI,HP,8.0,1
GRKA,KNNK,4.0,2
GRKN,RCTC,12.0,1
GRKN,RHMA,16.0,1
GRL,MFP,26.0,8
GRMP,RMPB,13.0,4
GRMR,KHNM,12.0,14
GRMR,UCR,18.0,4
GRMR,PQN,7.0,10
GRO,SQL,8.0,4
GRRU,RFJ,15.0,14
GRRU,PRY,6.0,2
GRRU,IMGE,7.0,2
GRWD,TGN,3.0,5
GRX,MBDD,10.0,1
GSL,MDN,12.0,3
GSL,SLB,12.0,3
GSO,UCA,8.0,1
GSO,NRW,7.0,1
GSP,PTK,35.0,2
GSPR,SHR,11.0,12
GSPR,JBP,27.0,2
GSRM,TOI,7.0,1
GSW,SGF,7.0,1
GTA,SLRD,5.0,2
GTD,PRR,15.0,1
GTD,GUG,14.0,1
GTHT,HUFP,7.0,1
GTHT,LLJP,3.0,1
GTI,HPP,11.0,2
GTJT,JP,11.0,2
GTJT,KWP,6.0,2
GTK,KGB,16.0,2
GTK,USL,8.0,2
GTL,MALM,92.0,19
GTL,GY,29.0,36
GTL,TU,76.0,4
GTL,HX,184.0,6
GTL,YPR,273.0,2
GTL,SC,405.0,2
GTL,KRNT,125.0,2
GTL,RC,122.0,14
GTL,PDL,46.0,2
GTL,MKR,14.0,2
GTL,SSPN,134.0,2
GTL,TPTY,318.0,2
GTL,RU,308.0,2
GTL,HNMN,4.0,4
GTL,TIM,3.0,2
GTLM,VZM,6.0,2
GTM,HAR,15.0,6
GTM,PTRE,10.0,2
GTNR,LC,11.0,2
GTS,JGM,59.0,7
GTS,TATA,37.0,18
GTS,HIJ,97.0,2
GTS,RHE,17.0,5
GTS,GUD,10.0,1
GTS,KGP,98.0,2
GTST,MHT,5.0,2
GTT,VRR,4.0,2
GTU,JOA,28.0,2
GTU,PRLI,24.0,2
GTX,KSE,3.0,3
GTX,SYN,4.0,3
GUB,RPSC,13.0,2
GUD,RHE,7.0,1
GUG,KSX,7.0,1
GUG,PRR,28.0,2
GUG,JAA,20.0,2
GUH,GZN,4.0,1
GUH,MDNR,17.0,1
GUH,GZB,10.0,1
GUNA,RTA,20.0,41
GUNA,MINA,32.0,5
GUNA,SHDR,29.0,4
GUNA,SVPI,102.0,14
GUNA,KLRS,78.0,2
GUNA,MAKR,116.0,2
GUNA,MABN,5.0,1
GUNA,TRWT,15.0,2
GUNA,SGAC,182.0,2
GUNA,UJN,255.0,2
GUNA,SGO,186.0,2
GUR,KLBG,26.0,17
GUR,SUR,86.0,2
GUR,SVG,14.0,1
GUR,HG,71.0,2
GUU,MABD,11.0,1
GUV,PNQ,20.0,4
GUV,TCR,22.0,2
GVA,PHM,9.0,2
GVA,TMB,4.0,2
GVB,MNV,9.0,1
GVB,PIA,11.0,1
GVD,UBR,9.0,8
GVG,SIR,10.0,8
GVG,KNN,8.0,8
GVH,JBS,11.0,2
GVH,JREA,6.0,2
GVH,RAH,20.0,2
GVI,NML,12.0,1
GVI,VZM,25.0,2
GVL,PAV,16.0,8
GVN,NDD,19.0,6
GVN,RJY,3.0,8
GVN,KVR,4.0,2
GVR,RNY,15.0,2
GVR,KBY,12.0,2
GW,LDA,10.0,2
GWA,PTI,7.0,4
GWA,SWRT,13.0,4
GWA,KSJ,32.0,2
GWD,KRNT,55.0,44
GWD,KCG,180.0,2
GWD,MBNR,75.0,30
GWD,SRNR,13.0,8
GWD,WPR,22.0,10
GWD,SBBJ,45.0,4
GWD,IKI,18.0,2
GWD,PDO,8.0,2
GWH,HJP,5.0,1
GWH,HUFP,5.0,1
GWL,MRA,38.0,63
GWL,MOJ,64.0,4
GWL,VGLJ,98.0,120
GWL,STLI,9.0,2
GWL,MLAR,25.0,6
GWL,NZM,305.0,8
GWL,NDLS,313.0,2
GWL,SVPI,126.0,22
GWL,PNHR,26.0,1
GWL,RENH,52.0,2
GWL,SAC,18.0,4
GWM,NZD,21.0,2
GWV,MED,3.0,2
GY,TU,47.0,35
GY,YA,115.0,7
GY,KRNT,107.0,2
GY,HX,155.0,2
GY,JKO,12.0,2
GY,PLU,11.0,2
GYJ,TU,46.0,2
GYM,KPD,25.0,12
GYM,VN,43.0,5
GYM,VLT,10.0,2
GYM,JTJ,59.0,2
GYN,PRYJ,65.0,27
GYN,PRRB,62.0,15
GYN,MBS,13.0,5
GYN,JI,55.0,2
GYN,HDK,25.0,2
GZB,NDLS,25.0,41
GZB,MTC,47.0,28
GZB,PKW,26.0,26
GZB,SBB,6.0,16
GZB,HPU,37.0,18
GZB,MB,141.0,39
GZB,TKJ,23.0,1
GZB,KRJ,62.0,12
GZB,NZM,28.0,26
GZB,TDL,184.0,6
GZB,GZN,6.0,5
GZB,MDNR,28.0,8
GZB,MUD,18.0,1
GZB,MIU,10.0,1
GZH,PNC,3.0,5
GZH,RJPB,5.0,5
GZKA,OTD,7.0,2
GZL,NDL,14.0,7
GZM,JMQ,5.0,2
GZM,MLDT,8.0,2
GZN,MUD,12.0,2
GZN,MDNR,21.0,2
GZO,MLDT,33.0,2
HA,STP,25.0,2
HA,LMP,21.0,2
HAA,KAWR,13.0,2
HAD,KYJ,13.0,18
HAN,SMVJ,10.0,18
HAPA,RJT,73.0,56
HAPA,JAM,9.0,54
HAPA,WTJ,21.0,2
HAQ,RJP,5.0,2
HAQ,NRE,6.0,2
HAR,JSB,13.0,2
HAS,HLN,31.0,10
HAS,SBGA,41.0,2
HAS,SKLR,42.0,10
HAT,KSB,5.0,1
HAT,PAO,3.0,1
HATB,MANE,12.0,2
HATB,JUJA,12.0,2
HAUR,PKU,10.0,2
HAUR,RDU,4.0,2
HBF,KNGR,8.0,2
HBF,SPRM,4.0,2
HBI,KTY,27.0,2
HBI,MMI,22.0,2
HBLN,TMX,4.0,1
HBLN,SHNR,11.0,4
HBLN,KOTT,2.0,3
HBS,SVHE,4.0,2
HBS,KUG,8.0,2
HBU,KHNP,8.0,2
HCM,TIU,5.0,1
HCM,KBM,8.0,1
HCNR,NKW,11.0,2
HCNR,JKPR,72.0,4
HCNR,KDJR,50.0,6
HCNR,SKND,64.0,2
HCP,RBL,15.0,12
HCR,MLDT,56.0,8
HCR,KNE,90.0,6
HCR,KDPR,6.0,8
HCR,SM,21.0,5
HCR,LAV,13.0,1
HD,KKN,30.0,13
HD,TBN,15.0,13
HD,KNW,107.0,42
HD,PAL,7.0,2
HDA,JOB,10.0,4
HDB,JPG,22.0,4
HDD,HGI,7.0,4
HDE,KOO,3.0,1
HDGR,HEM,22.0,2
HDK,PRRB,37.0,2
HDL,KSV,12.0,4
HDL,PWL,30.0,4
HDN,MDJ,12.0,10
HDN,JPL,7.0,10
HDP,PUNE,6.0,5
HDP,MJBK,4.0,1
HDP,URI,22.0,2
HDU,REI,15.0,2
HDU,KMZ,14.0,2
HDW,KGM,6.0,20
HDW,LKU,17.0,20
HEB,LOGH,3.0,1
HEI,MLSA,4.0,1
HEI,TK,6.0,1
HEM,SHSK,15.0,8
HEM,MUE,67.0,2
HEM,KNVT,59.0,2
HEM,NED,90.0,2
HER,UDGR,17.0,2
HET,SIKD,6.0,2
HFZ,LPI,5.0,7
HFZ,SNF,9.0,7
HG,TKWD,8.0,4
HG,SLGE,12.0,3
HG,SUR,15.0,5
HG,TLT,6.0,1
HG,IDR,44.0,4
HG,LHN,33.0,2
HGH,LKO,57.0,2
HGI,VP,9.0,6
HGL,UMD,78.0,2
HGR,RIG,37.0,4
HGT,SEGM,34.0,12
HGT,WR,33.0,6
HGT,WRR,39.0,8
HGT,WG,7.0,1
HGT,NGI,17.0,1
HHL,KIAT,7.0,1
HIJ,MDN,18.0,20
HIJ,JER,65.0,12
HIJ,TATA,133.0,9
HIJ,JGM,37.0,2
HIJ,KGP,4.0,2
HIKD,KMPU,12.0,1
HIKD,HMBD,16.0,1
HIP,ROP,6.0,6
HIP,TKPL,7.0,2
HIR,NKE,15.0,17
HISE,SBGA,16.0,2
HJI,LKA,14.0,22
HJI,LMG,45.0,18
HJI,JID,79.0,8
HJI,MYD,45.0,4
HJI,KWM,27.0,2
HJP,SEE,6.0,66
HJP,MFP,53.0,86
HJP,PPTA,21.0,30
HJP,SPP,38.0,8
HJP,MNO,30.0,4
HK,PPEA,7.0,1
HKD,MNCR,9.0,3
HKG,SBP,7.0,12
HKL,MLG,12.0,2
HKL,NMH,13.0,2
HLAR,LKY,8.0,3
HLAR,MLP,17.0,7
HLK,HSD,20.0,1
HLK,JRU,10.0,5
HLK,RGI,10.0,4
HLKH,HMBD,19.0,1
HLKH,KNAG,9.0,1
HLN,KRNR,54.0,8
HLN,MYS,89.0,2
HLR,KPA,3.0,2
HLR,NH,4.0,2
HLW,JRKN,6.0,1
HLX,SQF,5.0,2
HLZ,TMZ,45.0,2
HM,PDH,14.0,2
HM,JALD,5.0,2
HMA,RBA,11.0,2
HMBD,KLBG,70.0,3
HMBD,KMPU,29.0,1
HMH,SGRA,27.0,12
HMH,SDS,37.0,8
HMH,HMO,6.0,6
HMH,PGK,25.0,12
HMH,JRKN,8.0,1
HMH,MNSR,11.0,2
HMH,MBY,57.0,2
HMH,SGNR,67.0,2
HMH,SOG,49.0,4
HMH,NAWN,7.0,1
HMK,PJK,13.0,2
HMK,KTPK,4.0,1
HMK,ORKI,5.0,1
HML,NBX,15.0,2
HMO,TIBI,17.0,4
HMRR,JITE,5.0,6
HMRR,PEN,5.0,6
HMT,SJS,41.0,6
HMT,NHM,67.0,4
HMT,PRJ,22.0,4
HMT,RGQ,23.0,2
HMY,NHLN,19.0,10
HMY,VNE,103.0,12
HMY,NLP,30.0,18
HMY,TBH,18.0,4
HMY,KTPR,13.0,2
HMY,RPAN,154.0,6
HNA,KT,13.0,12
HNA,MRDW,27.0,10
HNA,KAWR,69.0,4
HNA,MANK,18.0,2
HND,NBT,4.0,2
HND,MHDB,6.0,2
HND,MRDL,14.0,1
HNK,MAD,9.0,1
HNK,MYA,10.0,1
HNL,WHM,48.0,42
HNL,PAU,80.0,20
HNM,SKAR,8.0,2
HNPA,SRGP,15.0,2
HNS,MAYR,8.0,3
HNS,STD,13.0,6
HOH,JML,5.0,1
HOH,MVD,6.0,1
HOJ,HSA,9.0,2
HOL,SNK,8.0,4
HOL,NDN,5.0,4
HP,SOD,33.0,4
HP,SEU,20.0,2
HPG,YKA,2.0,3
HPGM,KUR,3.0,2
HPGM,MWQ,6.0,2
HPHI,KTY,26.0,2
HPKA,ORR,4.0,1
HPO,SLNA,16.0,2
HPO,ROA,16.0,3
HPO,KGG,41.0,1
HPP,MRPR,21.0,18
HPP,RORA,11.0,2
HPP,KLAR,32.0,12
HPP,MBA,53.0,2
HPT,MRB,6.0,20
HPT,KBL,28.0,19
HPT,TNGL,33.0,21
HPT,MMI,22.0,2
HPU,SMBL,21.0,2
HPU,PKW,11.0,26
HPU,MB,104.0,14
HPU,NDLS,63.0,2
HPU,MTC,29.0,10
HPU,KRJ,64.0,2
HQR,KLBG,9.0,1
HQR,SDB,17.0,1
HR,SDLP,14.0,2
HR,RMB,15.0,2
HRG,MKDN,6.0,4
HRG,JNO,10.0,4
HRI,LKO,102.0,25
HRI,SPN,62.0,41
HRI,ROZA,56.0,3
HRI,SAN,54.0,6
HRI,LJN,102.0,2
HRLI,MWT,20.0,1
HRN,ON,32.0,2
HRNR,KTHU,29.0,9
HRNR,VJPJ,27.0,8
HRNR,SMBX,15.0,3
HRNR,PTK,52.0,6
HRNR,JAT,48.0,2
HRPG,SKN,8.0,2
HRPG,KEPR,11.0,2
HRR,RNR,22.0,42
HRR,HVR,55.0,9
HRR,UBL,130.0,2
HRS,TDL,48.0,20
HRS,SNS,9.0,1
HRS,PORA,11.0,1
HRSN,TNL,11.0,2
HRSN,ULG,11.0,2
HRT,WENA,5.0,6
HRT,KRNN,7.0,2
HSA,MDT,11.0,4
HSA,RVK,24.0,2
HSA,SGUJ,126.0,2
HSD,JRU,29.0,4
HSD,SHV,10.0,5
HSD,RGI,10.0,6
HSDA,PYHT,15.0,14
HSDA,MDLE,23.0,20
HSDA,NNHT,17.0,8
HSDA,MHUR,38.0,2
HSI,KRH,8.0,6
HSI,KNAR,6.0,2
HSK,KBJ,23.0,8
HSK,KRAR,41.0,2
HSK,NPD,29.0,8
HSK,TRKR,10.0,2
HSP,KZJ,21.0,1
HSP,OPL,12.0,1
HSR,SDLP,70.0,20
HSR,NKN,10.0,2
HSR,STD,11.0,9
HSR,SWNI,30.0,6
HSR,JHL,81.0,8
HSR,SSA,82.0,4
HSRA,SBC,60.0,2
HSRA,SMVB,53.0,4
HSRA,PCV,71.0,2
HSX,KUPR,21.0,2
HTC,KSJ,63.0,34
HTC,MTJ,42.0,26
HTC,MRT,40.0,14
HTC,SKA,34.0,6
HTE,ROU,161.0,25
HTE,RNC,7.0,39
HTE,PKF,62.0,2
HTE,NXN,135.0,2
HTK,JSP,14.0,9
HTK,RKD,7.0,2
HTK,KOP,21.0,12
HTK,NMGT,5.0,1
HTK,MRJ,27.0,4
HTL,MYD,10.0,2
HTLA,WTWI,16.0,1
HTN,MTY,9.0,2
HTNL,MRB,3.0,3
HTW,THE,10.0,1
HTW,LB,12.0,1
HTZ,LKR,26.0,4
HTZ,MKA,7.0,28
HTZ,TALL,3.0,3
HTZ,KIUL,27.0,10
HTZU,JLPH,7.0,1
HTZU,RJO,3.0,3
HTZU,MKA,8.0,4
HTZU,NBJU,11.0,4
HUDU,MESR,8.0,1
HUDU,JJTI,7.0,1
HUP,SSPN,57.0,10
HUP,PKD,38.0,16
HUP,YPR,93.0,14
HUP,YNK,83.0,17
HUP,SBC,110.0,2
HUP,KJM,99.0,4
HVD,SIOB,85.0,9
HVD,MALB,45.0,3
HVL,SSNH,10.0,1
HVR,UBL,75.0,52
HVR,RNR,33.0,36
HVR,YLG,29.0,6
HVR,KJG,8.0,2
HW,RK,41.0,44
HW,NBD,68.0,2
HW,MB,167.0,4
HW,LRJ,27.0,14
HW,JWP,3.0,12
HW,RWL,12.0,8
HW,MOTC,5.0,12
HW,YNRK,22.0,6
HW,SRE,76.0,2
HW,RKSH,23.0,2
HW,VRH,18.0,2
HWH,KGP,115.0,49
HWH,SRC,7.0,24
HWH,TATA,249.0,4
HWH,MNAE,132.0,2
HWH,KQU,34.0,2
HWH,MCA,58.0,2
HWH,SRP,20.0,7
HWH,SHE,22.0,6
HWH,ULB,32.0,1
HWH,PKU,72.0,1
HX,YA,40.0,44
HX,RJP,51.0,22
HX,TU,108.0,4
HX,RU,125.0,31
HX,KKM,23.0,4
HX,KOU,84.0,3
HX,NRE,40.0,6
HX,KNLP,10.0,2
HX,KPU,8.0,2
HYB,SC,11.0,33
HYB,KQD,2.0,3
HYT,LSI,12.0,10
HYT,SPJ,21.0,8
HYT,RBZ,5.0,3
HYT,TLWA,5.0,1
HZBN,KQR,79.0,2
HZD,PNME,27.0,24
HZD,KQR,48.0,20
HZD,PSB,22.0,8
IAA,RSR,28.0,4
IAA,MAU,8.0,14
IAA,KER,13.0,4
IAA,RTP,15.0,2
IAM,JHDC,3.0,2
IAM,NZP,3.0,2
IB,JSG,9.0,4
IBL,SRJM,7.0,5
IBL,MYX,6.0,3
IDG,LKE,11.0,18
IDG,SWM,36.0,26
IDG,KOTA,71.0,12
IDGJ,JSR,5.0,4
IDGJ,PCOI,10.0,2
IDGJ,NYN,11.0,2
IDH,KLB,22.0,2
IDH,PTLI,8.0,2
IDM,TQA,5.0,1
IDP,TGU,4.0,2
IDR,LHN,10.0,5
IDR,SUR,58.0,4
IDR,NBL,13.0,2
IDS,MNJR,4.0,1
IDS,UCR,8.0,1
IGP,KYN,83.0,33
IGP,NK,51.0,39
IGP,KSRA,15.0,12
IGP,LTT,120.0,1
IGU,TUP,33.0,2
IHP,KIP,6.0,4
IHP,PTRD,4.0,4
IJK,TCR,24.0,22
IJK,PUK,10.0,7
IK,NHB,5.0,1
IKI,SBBJ,27.0,2
IKI,MOA,14.0,2
IKI,PDNA,3.0,2
IKK,PRI,5.0,1
IKK,JWP,4.0,1
IKR,PCLI,4.0,4
IKR,PUX,7.0,4
IMAM,KDT,5.0,4
IMAM,VPL,6.0,4
IMGE,RFJ,9.0,2
IMR,JML,10.0,1
INDB,UJN,82.0,13
INDB,LMNR,3.0,3
INJ,UD,10.0,2
INJ,PDD,7.0,2
INK,NKD,10.0,2
INK,KDM,6.0,2
INP,KOL,11.0,3
INP,MNI,6.0,3
IPL,KLMR,5.0,2
IPM,SPT,18.0,34
IPM,PSA,49.0,6
IPM,SLRD,9.0,2
IPPM,SPF,4.0,2
IPR,PRP,111.0,2
IRA,PNP,19.0,2
IRP,MYY,4.0,2
IRP,QLN,4.0,2
ISA,SRAS,10.0,4
ISA,SURL,9.0,4
ISH,JRK,9.0,2
ISH,NOI,8.0,2
ISHN,MCSC,25.0,4
ISHN,KHGP,22.0,4
ISM,SPZ,3.0,1
ISM,KRZ,7.0,1
ITA,MYG,12.0,3
ITA,VS,15.0,2
ITA,KSPR,4.0,1
ITA,VRM,5.0,1
ITE,SUBR,15.0,2
IZN,PBE,51.0,6
IZN,KHH,59.0,4
J,PTU,45.0,18
J,SELU,71.0,2
J,PBN,114.0,21
J,RNE,31.0,4
JAA,MURI,12.0,22
JAA,KSX,11.0,13
JAA,THO,8.0,1
JAB,TDL,20.0,2
JAC,REN,15.0,2
JAIS,RBL,29.0,13
JAIS,KCJ,2.0,3
JAJ,KIUL,54.0,74
JAJ,JSME,44.0,128
JAJ,JMU,26.0,25
JAJ,PNBE,177.0,4
JAJ,RJLA,4.0,2
JAJ,STL,18.0,8
JAJ,LKR,56.0,4
JALD,WTJ,10.0,2
JAM,LPJ,51.0,4
JAM,KMBL,54.0,30
JAM,LKBL,11.0,2
JAM,WSJ,105.0,3
JAM,PBR,139.0,1
JAM,RJT,82.0,4
JAM,KNLS,26.0,2
JAO,NLI,20.0,4
JAO,MDS,51.0,16
JAO,RTM,33.0,19
JAQ,VTM,5.0,2
JAT,VJPJ,20.0,10
JAT,KTHU,76.0,54
JAT,MCTM,53.0,57
JAT,PTKC,99.0,41
JAT,LDH,265.0,4
JAT,RMJK,43.0,4
JAT,SMBX,32.0,3
JAT,SVDK,78.0,6
JAT,PTK,99.0,2
JAT,JRC,213.0,2
JAUA,NGRH,31.0,2
JBD,LDK,18.0,2
JBK,SDV,12.0,2
JBO,VAA,3.0,1
JBP,NU,84.0,56
JBP,KTE,90.0,152
JBP,STA,189.0,26
JBP,NIR,123.0,10
JBP,KTES,89.0,4
JBP,SHR,38.0,20
JBP,MML,3.0,32
JBP,KMZ,91.0,8
JBP,SRID,53.0,6
JBP,PPI,178.0,29
JBP,PCOI,359.0,2
JBS,RAH,9.0,2
JBU,SSKL,6.0,1
JBX,KPP,8.0,2
JBX,PRB,7.0,2
JCH,SBLT,21.0,1
JCH,THM,23.0,1
JCL,KCG,88.0,4
JCL,MBNR,18.0,27
JCL,SHNR,36.0,22
JCNR,KARD,7.0,1
JDA,KJN,13.0,2
JDB,JYP,65.0,2
JDB,KPRR,32.0,6
JDB,NKX,7.0,2
JDB,KMEZ,9.0,2
JDH,WSJ,23.0,1
JDH,UA,35.0,2
JDH,PBR,56.0,1
JDL,JMS,13.0,1
JEA,MIM,4.0,2
JER,LXD,6.0,4
JER,RGT,8.0,4
JER,ROP,30.0,2
JER,KGP,68.0,9
JES,RSNR,30.0,6
JES,SOG,26.0,6
JEUR,SUR,113.0,1
JEUR,KEM,16.0,8
JEUR,JNTR,35.0,2
JEUR,KWV,35.0,8
JEUR,WSB,18.0,1
JEUR,PRWD,26.0,4
JGA,KML,11.0,2
JGA,JNR,8.0,2
JGLP,NHLG,12.0,4
JGLP,NHGJ,9.0,2
JGM,KGP,39.0,18
JGM,TATA,96.0,2
JGN,LDH,40.0,8
JGN,MOGA,29.0,10
JGN,MLX,19.0,2
JGNR,JRNA,13.0,4
JGP,TPV,4.0,1
JGP,SPYA,4.0,1
JGR,SKB,39.0,1
JHD,TEA,15.0,17
JHD,NDU,9.0,2
JHD,THA,12.0,2
JHD,MDE,16.0,6
JHD,PNBE,45.0,8
JHD,KRON,4.0,2
JHD,JHDC,3.0,2
JHJ,RE,45.0,2
JHJ,ROK,37.0,2
JHL,NRW,38.0,8
JHL,SAG,50.0,14
JHL,TUN,12.0,24
JHL,JIND,72.0,10
JHL,LHA,17.0,14
JHL,UKN,34.0,2
JHL,LDH,128.0,2
JHL,SFMU,38.0,4
JHL,MSZ,45.0,2
JHL,ROK,129.0,2
JHN,RFJ,11.0,10
JHN,PES,11.0,6
JHT,SCKR,10.0,2
JHW,RMA,11.0,4
JI,PRRB,7.0,2
JIBI,THTW,7.0,2
JIND,ROK,57.0,35
JIND,NRW,34.0,22
JIND,UCA,19.0,7
JIND,JNA,25.0,5
JIT,KMAE,5.0,2
JITE,ROHA,52.0,2
JITE,PEN,10.0,1
JJ,MIA,14.0,2
JJG,MBB,7.0,10
JJG,LGL,24.0,2
JJG,SBNM,5.0,3
JJK,RURA,19.0,12
JJK,PHD,20.0,6
JJK,KNS,11.0,2
JJKR,JKPR,8.0,2
JJKR,KRIH,5.0,2
JJN,SIKR,64.0,2
JJN,LHU,58.0,2
JJN,NWH,37.0,6
JJN,NUA,12.0,1
JJN,RSH,14.0,4
JJP,SKI,20.0,8
JJP,NMA,37.0,2
JJR,SSV,47.0,2
JJR,NIRA,27.0,6
JJR,PUNE,58.0,7
JJR,STR,87.0,2
JJR,LNN,34.0,2
JJT,JNA,5.0,1
JJT,KIU,8.0,1
JJTI,SANI,6.0,1
JKAR,MRKL,13.0,2
JKAR,MKTL,11.0,2
JKB,NGAN,42.0,6
JKB,SHTT,8.0,6
JKDP,SIL,6.0,2
JKDP,MLT,3.0,2
JKE,PTWA,8.0,4
JKE,PKRD,10.0,4
JKE,MYR,46.0,4
JKE,KMZ,19.0,2
JKE,KTE,17.0,4
JKE,UDR,19.0,2
JKHI,NKN,6.0,2
JKN,MAU,29.0,2
JKN,SRNT,53.0,1
JKN,SDT,10.0,8
JKNI,KPE,16.0,4
JKNI,TLR,27.0,4
JKO,RLO,11.0,2
JKPR,SKND,7.0,4
JKR,MTY,11.0,2
JKT,RET,5.0,1
JKT,USRA,8.0,1
JL,PC,47.0,25
JL,MMR,159.0,34
JL,NK,233.0,12
JL,NDB,150.0,27
JL,PLD,12.0,4
JL,ST,311.0,2
JLL,KSF,11.0,3
JLL,ZBD,12.0,8
JLN,LAR,16.0,2
JLR,JND,26.0,16
JLR,VRR,19.0,6
JLR,VDV,25.0,4
JLR,UA,32.0,2
JLR,NUD,6.0,8
JLS,PORA,9.0,1
JLWC,RMA,26.0,2
JM,MKU,40.0,2
JM,SEG,12.0,9
JM,NN,12.0,7
JMD,SHF,21.0,2
JMD,RM,9.0,2
JMDG,KLKA,46.0,4
JMDG,PRDT,18.0,4
JMKT,RDM,57.0,2
JMKT,KZJ,38.0,6
JMKT,OPL,12.0,6
JMKT,OEA,20.0,2
JMKT,WL,45.0,6
JMKT,PDPL,38.0,10
JMKT,PTKP,17.0,2
JMP,SGG,29.0,19
JMP,RPUR,7.0,3
JMP,KIUL,45.0,1
JMP,PNBE,168.0,2
JMPT,RGDA,15.0,2
JMPT,LDX,7.0,2
JMPT,KNRT,9.0,2
JMQ,KTJ,8.0,2
JMRA,MOAR,10.0,3
JMS,KNSR,14.0,1
JMT,MDP,42.0,22
JMT,VDS,18.0,18
JMT,JSME,71.0,2
JMU,LKR,29.0,4
JMU,KIUL,28.0,21
JMU,MNP,14.0,10
JMV,LLD,7.0,4
JNA,ROK,32.0,5
JNA,KZH,6.0,1
JND,KSD,36.0,16
JND,NUD,31.0,4
JND,VRL,82.0,6
JND,RJT,103.0,2
JND,VAL,10.0,2
JND,SHH,11.0,2
JNH,PLP,23.0,10
JNH,MAY,30.0,12
JNH,SAW,15.0,8
JNH,URPR,15.0,4
JNH,SQN,5.0,4
JNH,PRYJ,59.0,12
JNH,MBDP,53.0,6
JNK,TABU,10.0,1
JNK,SIPA,9.0,1
JNKR,MRIJ,12.0,2
JNN,MHQ,8.0,2
JNO,PCLI,8.0,4
JNO,PUX,18.0,4
JNO,NVG,25.0,4
JNR,KML,20.0,11
JNR,SMI,25.0,17
JNRI,URML,7.0,2
JNRI,SNAR,23.0,2
JNTR,PRWD,10.0,1
JNU,ZBD,7.0,16
JNU,SHG,33.0,31
JNU,KS,23.0,5
JNU,MIH,12.0,2
JNU,KCT,30.0,9
JNU,JOP,12.0,2
JNU,MAY,24.0,6
JNU,MFJ,18.0,1
JNU,SLN,99.0,2
JNU,PRYJ,114.0,4
JOA,WDLN,7.0,2
JOB,JP,37.0,10
JOB,KKU,28.0,2
JOBA,MWJ,7.0,2
JOC,PRR,39.0,10
JOK,SHN,5.0,2
JOL,JRG,5.0,2
JOO,VAR,1.0,1
JOP,LBA,64.0,2
JOP,SLN,86.0,24
JOP,ZBD,6.0,2
JOP,SKN,28.0,8
JOP,PDRD,33.0,2
JOR,MKSR,33.0,24
JOR,MON,34.0,24
JP,SWM,131.0,9
JP,KSG,109.0,38
JP,NRI,65.0,2
JP,RGS,57.0,14
JP,NAC,90.0,4
JP,MKN,120.0,6
JP,KKU,9.0,8
JP,KMNC,106.0,10
JP,JU,313.0,2
JP,KWP,16.0,3
JPD,UCR,19.0,4
JPD,MNJR,7.0,1
JPE,NJP,34.0,34
JPE,MHBA,63.0,6
JPE,NCB,93.0,8
JPE,NMX,12.0,10
JPE,NCBD,26.0,2
JPG,NJP,35.0,4
JPH,SRJM,10.0,5
JPL,NBG,16.0,10
JPL,KYF,8.0,2
JPZ,PNVT,11.0,2
JRA,ROU,28.0,2
JRBM,VNGP,11.0,2
JRC,PGW,17.0,45
JRC,JUC,4.0,23
JRC,LDH,52.0,70
JRC,PTKC,113.0,72
JRC,KUPR,17.0,1
JRC,MEX,73.0,10
JRC,TDO,42.0,4
JRG,TKH,7.0,2
JRG,ROP,12.0,3
JRJE,STRB,10.0,2
JRJE,UDPU,9.0,2
JRK,SGO,35.0,2
JRK,KYE,18.0,2
JRK,SMRR,9.0,2
JRKT,SII,6.0,1
JRKT,KLM,5.0,1
JRKT,LMT,15.0,2
JRKT,MGL,12.0,2
JRL,PUW,7.0,5
JRL,SDRA,8.0,5
JRL,KSI,14.0,2
JRLE,MLDT,82.0,6
JRLE,NILE,20.0,16
JRLE,NFK,47.0,3
JRLI,NYG,13.0,2
JRMG,KTSH,7.0,1
JRNA,TLMR,21.0,4
JRPD,KPJG,10.0,2
JRR,SFH,4.0,1
JRR,ML,6.0,1
JRT,MVF,9.0,2
JRT,MVG,11.0,2
JRTB,NSGR,11.0,4
JRU,RRB,68.0,25
JRU,RGI,20.0,4
JRU,MYK,18.0,2
JRW,MNC,5.0,2
JRW,MDP,9.0,2
JRZ,SCPR,3.0,2
JRZ,RJGR,12.0,2
JSE,KCV,4.0,5
JSG,ROU,102.0,79
JSG,RIG,72.0,32
JSG,SBP,49.0,20
JSG,RGL,26.0,18
JSG,PNPL,15.0,4
JSG,SBPY,45.0,10
JSG,JSGR,2.0,2
JSGR,SBPY,43.0,10
JSGR,RIG,71.0,6
JSGR,SBP,46.0,4
JSKA,PTRD,5.0,4
JSKA,TNJR,3.0,4
JSM,POK,106.0,9
JSM,THM,20.0,1
JSME,MDP,29.0,138
JSME,KIUL,98.0,4
JSME,PNBE,221.0,6
JSME,KBQ,5.0,4
JSME,LHB,16.0,2
JSME,STL,26.0,6
JSME,TLB,23.0,2
JSME,SNQ,9.0,2
JSME,LKR,99.0,2
JSP,MRJ,12.0,10
JSP,NMGT,9.0,1
JSR,MFX,6.0,4
JTB,SWA,6.0,3
JTDM,PPN,2.0,2
JTDM,PFT,4.0,2
JTI,PND,36.0,8
JTI,VKR,18.0,4
JTI,TGQ,80.0,2
JTJ,KPD,83.0,181
JTJ,SBC,140.0,5
JTJ,SA,125.0,100
JTJ,KJM,126.0,11
JTJ,WJR,108.0,1
JTJ,KPN,38.0,26
JTJ,SMVB,133.0,8
JTJ,VN,16.0,22
JTJ,MAP,58.0,7
JTJ,SLY,34.0,4
JTJ,TPT,11.0,9
JTJ,WFD,125.0,4
JTJ,PU,16.0,1
JTL,KAN,4.0,3
JTO,SHZ,3.0,6
JTO,TVI,5.0,5
JTO,KANO,24.0,1
JTRD,MSDG,7.0,2
JTRD,SGLA,27.0,2
JTS,NLQ,4.0,5
JTS,KGBS,8.0,5
JTS,RE,17.0,2
JTS,KSI,11.0,2
JTTN,MXN,18.0,4
JTW,STA,21.0,14
JTW,MJG,20.0,10
JTW,SAGM,15.0,2
JTW,MKP,58.0,4
JU,MTD,104.0,36
JU,SMR,80.0,6
JU,PMY,73.0,18
JU,RKB,3.0,25
JU,LUNI,32.0,28
JU,OSN,64.0,2
JU,PPR,47.0,11
JU,PLCJ,137.0,2
JU,NGO,161.0,2
JU,MJ,104.0,2
JU,MMY,33.0,2
JUC,KRE,15.0,7
JUC,PGW,21.0,37
JUC,KUPR,22.0,1
JUC,LDH,56.0,35
JUC,SQR,46.0,4
JUC,PTKC,112.0,2
JUC,KXH,21.0,6
JUCT,RKB,6.0,2
JUDW,YJUD,5.0,18
JUDW,UMB,46.0,10
JUDW,MFB,12.0,5
JUDW,RAA,21.0,3
JUJA,SBP,39.0,2
JUJA,RAIR,32.0,2
JUR,KMQA,7.0,2
JUR,VML,6.0,2
JVN,VG,69.0,4
JVN,SRGT,2.0,5
JVN,LM,24.0,2
JVN,WC,4.0,3
JWB,PDWA,39.0,16
JWB,NANA,22.0,2
JWB,PMY,113.0,2
JWB,MJ,83.0,2
JWL,KSW,18.0,2
JWNR,SKAP,12.0,2
JWO,NBH,10.0,9
JWO,NMH,16.0,7
JWP,LRJ,24.0,7
JWP,RK,37.0,4
JYG,MBI,32.0,18
JYG,KRHA,7.0,1
JYG,RJA,22.0,2
JYG,KJI,12.0,8
JYK,LMY,10.0,2
JYK,MZS,7.0,2
JYM,ZW,23.0,6
JYM,SES,21.0,6
JYP,KRPU,41.0,8
JYP,KPRR,32.0,6
KAD,LNL,4.0,1
KAD,KJT,24.0,1
KAG,MYK,8.0,2
KAH,MABA,9.0,4
KAJ,RGJ,20.0,4
KAJ,RDP,12.0,4
KAJG,LSR,10.0,2
KAJG,PSD,5.0,2
KAL,SVGA,22.0,8
KAL,KKDI,17.0,6
KALS,YLG,6.0,2
KAMG,NOQ,20.0,8
KAMP,KRJ,6.0,1
KAN,MNAE,24.0,2
KAN,TIT,6.0,3
KANJ,NEP,3.0,1
KANO,KEJ,8.0,3
KANO,KDZ,6.0,5
KANO,SGS,13.0,1
KAP,RPO,5.0,4
KAPG,KUR,43.0,2
KAPG,NKP,17.0,10
KAPG,KUU,7.0,6
KARD,KHBV,8.0,1
KARO,KNF,3.0,1
KARR,SASN,16.0,4
KARR,MRND,17.0,2
KARR,NMDA,16.0,2
KART,RPAR,28.0,6
KASR,KUR,11.0,3
KASR,MWQ,3.0,4
KASU,PEN,14.0,4
KASU,NGTN,14.0,4
KAT,MUT,29.0,3
KAT,MOZ,22.0,10
KAT,SKF,9.0,6
KATI,TMZ,62.0,16
KATI,RMRB,24.0,4
KATI,NDKR,51.0,1
KATL,MER,10.0,2
KATL,KLBA,10.0,2
KATL,NGP,59.0,14
KATL,NRKR,25.0,9
KATL,PAR,44.0,2
KATL,MTY,84.0,2
KAV,NITR,3.0,2
KAV,KP,8.0,2
KAW,SVPI,16.0,3
KAW,PARH,18.0,3
KAWR,MAO,59.0,50
KAWR,KT,55.0,14
KAWR,UD,190.0,16
KAWR,MAJN,256.0,2
KAWR,KUDA,159.0,2
KAWT,NMK,21.0,5
KAWT,SMPR,16.0,5
KBA,MCU,31.0,1
KBA,MPL,9.0,3
KBA,TAT,15.0,2
KBE,SLN,18.0,2
KBE,KJA,13.0,2
KBH,NDB,23.0,2
KBH,KHTG,8.0,5
KBJ,KRAR,64.0,19
KBJ,TIG,33.0,33
KBJ,NPD,52.0,2
KBJ,MRBL,15.0,4
KBJ,TRKR,13.0,2
KBJ,R,172.0,4
KBL,MRB,21.0,12
KBM,NWP,14.0,8
KBM,TIU,14.0,8
KBN,PMPR,5.0,1
KBPR,SBHR,43.0,14
KBQ,SNQ,3.0,4
KBR,MTH,11.0,2
KBRV,ND,11.0,4
KBY,TNL,12.0,2
KCA,SLD,7.0,1
KCC,MAG,6.0,3
KCC,PVD,7.0,2
KCD,VKN,24.0,8
KCG,KZJ,139.0,14
KCG,MBNR,105.0,34
KCG,KMC,113.0,12
KCG,SC,7.0,10
KCG,UR,20.0,10
KCG,MJF,9.0,13
KCG,SHNR,52.0,14
KCG,MXT,2.0,7
KCG,STPD,5.0,4
KCG,MED,33.0,6
KCG,VAR,2.0,1
KCI,PIL,14.0,8
KCI,MPL,28.0,6
KCI,VLD,20.0,2
KCJ,RBL,31.0,1
KCM,MGB,18.0,1
KCM,KRY,14.0,3
KCM,MVA,8.0,2
KCP,KMNR,9.0,2
KCR,KLRS,10.0,3
KCR,SVPI,15.0,3
KCT,MFJ,12.0,1
KCVL,QLN,58.0,50
KCVL,VAK,35.0,2
KCVL,TVP,4.0,2
KCVL,KZK,7.0,2
KDAA,NDNR,6.0,1
KDAA,NAHT,14.0,1
KDE,TVR,16.0,2
KDE,NMJ,8.0,2
KDF,MBDP,15.0,2
KDF,PPU,12.0,2
KDG,URI,25.0,12
KDG,YT,13.0,1
KDG,PAA,9.0,1
KDGI,KGIH,6.0,1
KDHL,KEP,3.0,1
KDJR,NANR,6.0,2
KDKL,LKDM,6.0,2
KDLR,KSNG,8.0,2
KDLR,RPRD,8.0,2
KDM,MABD,15.0,14
KDM,WL,47.0,8
KDM,NKD,16.0,5
KDM,TAA,10.0,1
KDMR,SOJN,5.0,1
KDMR,VTJ,5.0,1
KDN,TNGL,13.0,2
KDNL,PBKS,9.0,11
KDNL,TSI,16.0,17
KDNL,SNKL,21.0,6
KDP,YA,39.0,2
KDP,TU,28.0,2
KDP,MUM,9.0,2
KDP,RLL,8.0,2
KDPR,LAV,7.0,6
KDPR,SM,27.0,2
KDPR,KIR,30.0,4
KDPR,MLDT,61.0,4
KDRP,RCTC,15.0,1
KDT,KLU,8.0,4
KDU,MEJ,14.0,2
KDVI,SGR,8.0,1
KDZ,SLR,6.0,6
KDZ,SGS,20.0,1
KEA,MUR,30.0,2
KEB,VAPI,6.0,7
KED,MZZ,8.0,4
KED,KPLD,4.0,2
KEF,PNM,10.0,3
KEF,NDL,25.0,2
KEH,SWPR,5.0,3
KEH,PRF,9.0,3
KEJ,SGS,5.0,3
KEK,UMRI,16.0,2
KEM,KWV,18.0,10
KEN,PAM,15.0,3
KEP,PRTN,8.0,1
KEPR,LBA,17.0,2
KESR,SGNR,25.0,6
KESR,SRW,23.0,6
KFA,MNE,21.0,4
KFA,SBV,7.0,8
KFD,SAPE,8.0,5
KFD,VINH,10.0,5
KFD,VEER,16.0,6
KFD,KHED,35.0,6
KFF,NWU,10.0,5
KFV,KUV,2.0,2
KGA,SRO,25.0,6
KGA,PRYJ,82.0,4
KGA,SNIE,7.0,1
KGA,KTCE,7.0,1
KGB,PND,69.0,4
KGB,USL,24.0,8
KGB,SLKR,8.0,2
KGBP,TGBP,9.0,2
KGBS,RE,10.0,5
KGD,TMQ,15.0,2
KGD,VPT,11.0,2
KGG,SBV,36.0,2
KGG,NNA,67.0,45
KGG,MNE,9.0,45
KGG,KIR,124.0,8
KGG,ROA,57.0,2
KGG,SKJ,14.0,8
KGG,LKN,23.0,8
KGG,SLNA,25.0,4
KGG,MGR,18.0,4
KGG,NBJU,53.0,6
KGG,SPJ,85.0,2
KGG,SHC,53.0,2
KGI,SBC,13.0,39
KGI,MYA,80.0,10
KGI,RMGM,32.0,11
KGI,NYH,5.0,3
KGI,MAD,62.0,2
KGIH,MVD,8.0,1
KGL,KO,13.0,1
KGLE,KWAE,58.0,7
KGLE,LCAE,7.0,1
KGLE,SALE,41.0,8
KGP,SRC,108.0,93
KGP,TATA,134.0,42
KGP,MDN,13.0,18
KGP,PKU,44.0,22
KGP,MCA,57.0,6
KGP,SHM,113.0,2
KGP,NYA,23.0,2
KGP,SDAH,142.0,2
KGQ,MAJN,47.0,53
KGQ,PAY,53.0,3
KGQ,KZE,23.0,36
KGQ,MAQ,46.0,27
KGQ,MJS,29.0,1
KGQ,NLE,32.0,2
KGQ,KQK,10.0,6
KGQ,KMQ,12.0,8
KGS,PND,35.0,2
KGS,TGQ,9.0,2
KGX,RLP,9.0,1
KHAT,RRL,8.0,2
KHBJ,KTES,52.0,4
KHBJ,VST,31.0,2
KHBJ,MFQ,12.0,2
KHBJ,KMZ,53.0,5
KHED,MNI,68.0,13
KHED,VINH,25.0,2
KHED,VEER,51.0,10
KHED,PNVL,175.0,12
KHED,KLBN,7.0,3
KHED,RN,105.0,6
KHED,ROHA,98.0,4
KHF,NGRD,5.0,4
KHF,PNPN,4.0,2
KHGP,TKMG,36.0,14
KHGP,MCSC,47.0,10
KHH,LKU,17.0,12
KHH,PBW,12.0,4
KHM,SANR,6.0,1
KHMA,PBE,39.0,8
KHMA,MJZ,12.0,4
KHMA,TPU,25.0,8
KHN,TLO,5.0,1
KHN,PDA,5.0,1
KHNM,LGO,14.0,14
KHNM,PRG,49.0,2
KHNM,UCR,30.0,2
KHNP,KNAG,10.0,1
KHRI,MHQ,5.0,1
KHRI,KNF,4.0,1
KHRJ,RTA,24.0,8
KHRK,KLNK,8.0,2
KHS,RIG,34.0,22
KHS,SKT,16.0,16
KHT,RU,23.0,22
KHT,VKI,24.0,13
KHT,YPD,14.0,1
KHT,YLK,12.0,1
KHT,NDZ,33.0,1
KHT,TPTY,33.0,1
KHV,SMF,7.0,1
KHV,KZH,9.0,1
KI,MDR,40.0,2
KI,YP,24.0,4
KIAT,TK,6.0,8
KIC,SMD,11.0,4
KID,MTH,10.0,2
KIF,KKZ,7.0,4
KIGL,YY,17.0,10
KIGL,YPR,68.0,5
KIGL,NMGA,45.0,8
KIK,NCR,11.0,6
KIM,ST,23.0,6
KIM,KSB,8.0,13
KIM,SYN,10.0,7
KIM,UDN,27.0,2
KIN,MVJ,37.0,6
KIP,KWMD,5.0,4
KIP,PTRD,10.0,1
KIP,RE,12.0,1
KIR,KNE,98.0,37
KIR,NNA,57.0,63
KIR,PRNA,28.0,11
KIR,LAV,23.0,13
KIR,SMO,11.0,12
KIR,NJP,185.0,12
KIR,MNS,9.0,2
KIR,SPJ,210.0,4
KIR,MLDT,91.0,1
KISN,ODM,5.0,1
KIT,RBA,11.0,4
KITA,SLF,8.0,1
KIUL,NWD,70.0,6
KIUL,MKA,34.0,49
KIUL,PNBE,123.0,8
KIUL,KJH,16.0,21
KIUL,LKR,1.0,38
KIUL,MNP,14.0,10
KIUL,RMPR,2.0,2
KIUL,SHK,26.0,4
KIUL,RJPB,121.0,2
KIUL,TIA,88.0,2
KJ,PC,26.0,2
KJA,SLN,31.0,2
KJA,MEQ,8.0,2
KJG,KVS,4.0,2
KJH,UREN,4.0,3
KJI,LLPR,6.0,1
KJI,KRHA,5.0,1
KJI,RJA,10.0,6
KJI,MBI,19.0,2
KJL,NN,8.0,1
KJM,SMVB,8.0,53
KJM,WFD,9.0,25
KJM,YPR,19.0,3
KJM,SBC,14.0,21
KJM,SA,247.0,6
KJM,YNK,16.0,8
KJM,KPD,210.0,3
KJM,MLO,27.0,2
KJM,KPN,89.0,2
KJME,UDL,6.0,2
KJME,UKA,6.0,2
KJT,KYN,47.0,31
KJT,PUNE,92.0,10
KJT,NRL,14.0,1
KJT,LNL,28.0,25
KJT,PNVL,28.0,4
KJT,TGN,58.0,1
KJU,TBAE,4.0,1
KJV,LAT,11.0,4
KJW,MTD,23.0,2
KJW,MDW,17.0,2
KJY,KRJ,7.0,2
KJZ,SJQ,6.0,2
KK,TGN,28.0,2
KK,SVJR,4.0,10
KK,PMP,8.0,2
KK,LNL,57.0,3
KK,PUNE,7.0,4
KK,KYN,132.0,1
KKB,SRID,15.0,8
KKB,NU,16.0,2
KKD,PTP,10.0,1
KKDE,NLKR,17.0,6
KKDE,SHDM,22.0,11
KKDE,TRR,21.0,4
KKDE,UMB,41.0,36
KKDE,PNP,68.0,6
KKDE,KUN,33.0,31
KKDE,KLE,49.0,2
KKDI,PDKT,36.0,20
KKDI,MNM,61.0,7
KKDI,SVGA,41.0,9
KKDI,TPJ,89.0,3
KKGT,PTKD,5.0,2
KKJ,MLD,11.0,1
KKK,KKV,11.0,2
KKK,VDV,8.0,2
KKLR,MDVL,7.0,5
KKLU,KMSD,12.0,2
KKLU,KWGN,12.0,2
KKM,YA,17.0,4
KKM,YGD,8.0,2
KKN,KNW,76.0,9
KKNH,SHC,4.0,2
KKPM,LLI,18.0,2
KKRD,VYA,11.0,5
KKRD,USD,7.0,5
KKS,MWH,10.0,1
KKT,POU,8.0,1
KKV,VDV,19.0,2
KKV,LDU,13.0,2
KKW,VBW,31.0,8
KKW,SNDD,17.0,26
KKW,NAN,15.0,16
KKW,RN,111.0,22
KKW,SWV,49.0,4
KKW,RAJP,47.0,4
KKW,KUDL,29.0,10
KKW,KRMI,99.0,2
KKW,THVM,81.0,8
KKY,PCM,11.0,4
KKZ,KUV,12.0,8
KL,NBI,17.0,18
KL,MURD,19.0,16
KL,TBL,9.0,1
KLA,SOM,10.0,1
KLA,MWUE,6.0,1
KLAR,MBA,21.0,14
KLB,SNPR,6.0,2
KLB,MIQ,9.0,2
KLBA,TNH,8.0,2
KLBG,SDB,27.0,29
KLBG,SUR,112.0,62
KLBG,WADI,37.0,45
KLBG,KMPU,42.0,1
KLBG,VKB,150.0,2
KLBG,RC,144.0,4
KLBG,YG,76.0,4
KLBG,TJSP,12.0,1
KLCR,MOAR,7.0,3
KLCR,MPRA,6.0,3
KLD,SWA,17.0,7
KLD,MHH,8.0,3
KLD,MND,15.0,2
KLE,NRW,37.0,2
KLG,PPO,9.0,2
KLG,KXN,7.0,2
KLG,ROU,14.0,2
KLGD,PGTN,18.0,2
KLGD,POY,36.0,2
KLHD,KMKD,6.0,1
KLK,TSL,6.0,3
KLL,MSH,42.0,12
KLL,SBIB,21.0,8
KLM,MGL,7.0,1
KLMG,PNVL,6.0,9
KLMG,TPND,5.0,2
KLMG,NVRD,2.0,5
KLNK,ROK,20.0,8
KLNK,LHLL,6.0,2
KLNP,RHA,4.0,3
KLP,TBB,8.0,1
KLQ,QLN,6.0,5
KLQ,KUV,7.0,3
KLRE,MGME,7.0,4
KLRE,RAY,7.0,6
KLRE,PTRU,36.0,6
KLRE,TORI,29.0,10
KLRS,SVPI,24.0,8
KLRS,LWS,15.0,3
KLT,TP,33.0,5
KLT,KRR,39.0,5
KLT,MMH,14.0,1
KLT,TPJ,37.0,1
KLV,SAH,6.0,7
KLV,PLG,8.0,7
KLWD,SAY,4.0,2
KLWL,PJK,6.0,1
KLX,TEL,7.0,3
KLYT,PLCJ,112.0,4
KLYT,LGH,46.0,4
KLZ,SEY,51.0,2
KLZ,NIR,22.0,2
KMA,STA,5.0,2
KMA,SKAR,7.0,2
KMAH,SVX,9.0,1
KMB,KVO,4.0,2
KMBL,MDPR,17.0,2
KMBL,KNLS,28.0,2
KMC,NZB,52.0,56
KMC,SC,108.0,20
KMC,MED,81.0,8
KMC,WDR,43.0,6
KMD,PGR,12.0,4
KMDR,YFP,14.0,4
KMEZ,TPQ,8.0,2
KMGE,SSM,8.0,2
KMGE,KTQ,18.0,2
KMH,YA,7.0,2
KMH,MOO,9.0,2
KMI,SZB,6.0,2
KMJ,SSD,13.0,3
KMJ,RDN,15.0,4
KMJ,KSJ,78.0,4
KMK,KRAR,10.0,4
KMKD,MKU,9.0,1
KMNC,NAC,16.0,26
KMNC,MKN,14.0,40
KMNR,UDGR,19.0,12
KMPU,KUKT,16.0,1
KMQ,MJS,17.0,4
KMQ,MAQ,34.0,2
KMQ,UAA,10.0,2
KMQA,TU,6.0,2
KMSD,SZY,10.0,2
KMSI,SMET,26.0,4
KMST,MVL,8.0,3
KMST,KNHE,4.0,3
KMT,MABD,47.0,20
KMT,MDR,44.0,23
KMT,WL,109.0,52
KMT,RYP,90.0,4
KMT,YP,60.0,2
KMU,MV,31.0,22
KMU,PML,15.0,14
KMU,TJ,40.0,16
KMZ,MYR,65.0,8
KMZ,SBD,28.0,2
KMZ,REI,29.0,2
KMZ,SHR,53.0,4
KMZ,UDR,38.0,2
KMZ,UMR,60.0,15
KMZ,SGO,186.0,4
KMZ,STA,101.0,7
KMZ,SDL,128.0,12
KN,PGI,10.0,2
KND,TATA,21.0,2
KND,KZU,4.0,3
KND,SINI,15.0,2
KNDP,PDZ,6.0,4
KNDP,SMVJ,7.0,4
KNDV,SBC,6.0,1
KNDV,NYH,2.0,1
KNE,NJP,88.0,111
KNE,MLDT,146.0,28
KNGR,PLH,26.0,4
KNGR,LRI,7.0,2
KNHE,VDN,6.0,3
KNHN,KP,4.0,2
KNHN,SAL,6.0,2
KNJ,RHA,26.0,6
KNKT,SDD,7.0,1
KNKT,RJT,22.0,1
KNL,RKK,9.0,2
KNL,SCV,8.0,2
KNL,SSA,33.0,7
KNL,RMN,14.0,3
KNLS,PPLI,5.0,2
KNLS,MDPR,11.0,2
KNN,SIR,18.0,16
KNN,LDH,43.0,22
KNN,RPJ,43.0,2
KNNA,NHR,19.0,2
KNNK,MHRG,17.0,2
KNO,SNH,9.0,2
KNO,UBL,15.0,2
KNP,LD,25.0,14
KNPR,MACR,4.0,2
KNPS,MLKA,10.0,1
KNPS,TABU,8.0,1
KNRT,RGDA,24.0,2
KNS,PHD,9.0,2
KNSR,LGH,12.0,1
KNT,MB,29.0,10
KNT,SEO,17.0,6
KNVT,NED,148.0,2
KNVT,SHSK,45.0,2
KNW,NPNR,43.0,10
KNW,TLV,15.0,6
KNW,PPI,250.0,2
KNW,MKU,167.0,12
KNW,MTA,8.0,2
KO,MALM,13.0,4
KOAA,NH,34.0,24
KOHL,KSWR,11.0,2
KOHL,SNKB,7.0,2
KOHR,ZB,14.0,4
KOHR,MRF,10.0,4
KOI,PND,12.0,2
KOI,USL,81.0,2
KOI,SBRA,7.0,2
KOJ,NBQ,31.0,75
KOJ,NCB,97.0,6
KOJ,NOQ,78.0,40
KOJ,SLKX,9.0,4
KOKA,TMR,10.0,2
KOL,ROHA,13.0,3
KOLA,KRNT,2.0,3
KOLR,OEA,6.0,4
KOLR,PDPL,13.0,2
KOLR,KYOP,5.0,2
KON,SDN,17.0,1
KON,MDU,4.0,3
KON,TNM,402.0,1
KON,TEN,160.0,1
KON,KQN,36.0,2
KONN,WPR,5.0,2
KONN,KXI,9.0,2
KONY,KSH,7.0,2
KOO,KWO,6.0,5
KOO,RJPB,28.0,2
KOP,VV,7.0,2
KOP,MRJ,47.0,9
KOTA,RTM,265.0,74
KOTA,SWM,108.0,125
KOTA,KPTN,13.0,12
KOTA,LKE,61.0,6
KOTA,NZM,457.0,20
KOTA,MTJ,324.0,8
KOTA,RMA,72.0,55
KOTA,KPZ,33.0,4
KOTA,SMVJ,206.0,4
KOTA,SGZ,133.0,6
KOTA,NAD,225.0,18
KOTA,NDLS,464.0,4
KOTA,THEA,24.0,2
KOTI,SWO,10.0,3
KOTT,TMX,2.0,3
KOU,RU,41.0,16
KOU,RJP,33.0,12
KOU,OBVP,13.0,2
KOU,TPTY,51.0,1
KOU,SF,10.0,2
KOV,TKR,9.0,6
KOV,KRD,35.0,13
KOV,SLI,34.0,11
KOX,SURI,8.0,2
KP,NITR,11.0,12
KP,NGP,15.0,8
KP,SAL,10.0,1
KPA,KYI,3.0,4
KPA,NH,7.0,2
KPD,VLR,10.0,25
KPD,TRT,70.0,2
KPD,MAS,136.0,24
KPD,SBC,230.0,4
KPD,RU,126.0,50
KPD,WFD,208.0,2
KPD,PER,130.0,37
KPD,WJR,25.0,12
KPD,MCN,17.0,5
KPD,SA,209.0,16
KPD,SHU,40.0,2
KPD,VN,68.0,2
KPD,TPTY,104.0,8
KPD,TPT,95.0,2
KPD,PAK,63.0,3
KPD,SMVB,224.0,3
KPD,TNM,93.0,1
KPE,TLR,11.0,6
KPG,PB,24.0,4
KPG,MMR,42.0,74
KPG,YL,13.0,2
KPG,SNSI,41.0,12
KPGM,SPJ,6.0,5
KPGM,KRBP,8.0,4
KPI,ORAI,33.0,14
KPI,PHN,14.0,14
KPK,RNG,13.0,2
KPL,KTV,8.0,4
KPLD,RDBR,5.0,2
KPLE,PNE,6.0,3
KPLL,VTM,3.0,2
KPLL,KVDU,5.0,2
KPN,MAR,12.0,1
KPN,TPT,46.0,6
KPN,SA,163.0,3
KPNA,NIA,6.0,4
KPP,SJP,12.0,20
KPP,PRB,15.0,6
KPP,SEH,29.0,12
KPP,SHRN,57.0,2
KPQ,PAZ,8.0,8
KPQ,PAY,20.0,5
KPQ,VAPM,7.0,2
KPRD,SGG,13.0,4
KPS,TKV,6.0,1
KPTN,SWM,95.0,2
KPTN,KPZ,20.0,6
KPTN,LKE,48.0,4
KPTO,TLJ,6.0,1
KPTO,MJP,8.0,1
KPV,RMR,27.0,8
KPV,PLS,31.0,2
KPV,MB,49.0,4
KPV,RHN,21.0,2
KPXR,KUR,9.0,2
KPXR,TAP,9.0,2
KPY,KYJ,14.0,34
KPY,STKT,8.0,20
KPY,MQO,12.0,2
KPY,QLN,28.0,14
KPY,OCR,7.0,2
KPZ,LKE,28.0,8
KPZ,LBN,19.0,2
KQA,VDD,9.0,1
KQA,NLR,48.0,1
KQE,TAKU,10.0,1
KQI,MUPA,4.0,2
KQI,MBG,5.0,2
KQK,KZE,13.0,3
KQL,SMQL,14.0,2
KQN,MDU,40.0,14
KQN,SDN,19.0,4
KQQ,KXI,5.0,2
KQR,PNME,75.0,32
KQR,PSB,26.0,10
KQR,PRP,44.0,10
KQR,MHSA,19.0,2
KRA,PCZ,10.0,2
KRAI,MID,5.0,3
KRAI,VYA,10.0,3
KRAR,MSMD,52.0,11
KRAR,NPD,12.0,10
KRAR,R,107.0,2
KRBA,URGA,8.0,2
KRBP,SPJ,14.0,14
KRD,MSR,14.0,7
KRD,TKR,26.0,6
KRD,STR,58.0,33
KRD,SLI,68.0,22
KRD,SIW,8.0,1
KRG,STR,11.0,8
KRG,RMP,10.0,6
KRG,MSR,34.0,2
KRH,RE,47.0,29
KRH,PSL,13.0,2
KRJ,SKQ,6.0,1
KRKH,MKMN,9.0,4
KRKN,VAA,6.0,1
KRKN,LYD,3.0,1
KRLI,MRND,8.0,4
KRLI,RPAR,17.0,4
KRMA,SBG,9.0,1
KRMA,MZC,6.0,1
KRMI,THVM,17.0,20
KRMI,MAO,29.0,28
KRMI,KUDL,71.0,6
KRMI,RN,210.0,4
KRMI,VEN,16.0,2
KRMR,PDPL,36.0,2
KRND,SHG,22.0,19
KRND,SMZ,9.0,8
KRNR,MYS,35.0,8
KRNT,MBNR,131.0,14
KRNT,SBBJ,10.0,7
KRNT,VDI,34.0,2
KRON,SONH,3.0,2
KRP,LGL,2.0,4
KRP,PRTL,6.0,4
KRPN,RAJP,8.0,2
KRPN,VBW,8.0,2
KRPP,VARD,6.0,4
KRPR,PNF,8.0,1
KRPR,WDLN,15.0,1
KRPU,SUKU,11.0,2
KRPU,MVF,7.0,2
KRQ,VGLJ,11.0,2
KRR,TPJ,75.0,28
KRR,NMKL,33.0,20
KRR,PGR,15.0,8
KRR,MMH,25.0,1
KRR,SA,85.0,2
KRR,MONR,16.0,2
KRS,KYA,4.0,1
KRS,MTBH,3.0,1
KRTH,TAKU,12.0,1
KRTH,POX,29.0,2
KRV,OGL,8.0,2
KRW,MLI,11.0,1
KRY,MCU,37.0,6
KRY,MGB,32.0,4
KRY,MPL,77.0,10
KRY,NCU,10.0,4
KRYP,KYND,22.0,2
KRYR,VLYN,2.0,2
KS,SHG,11.0,7
KS,MIH,11.0,2
KSAR,LMT,4.0,1
KSAR,SII,5.0,1
KSB,PAO,8.0,6
KSB,ST,31.0,8
KSC,SHK,15.0,2
KSC,WRS,10.0,2
KSD,VRL,46.0,4
KSD,MLHA,16.0,14
KSE,URN,3.0,3
KSF,ZBD,23.0,2
KSG,NRI,44.0,12
KSG,RNW,89.0,2
KSG,MDJN,19.0,2
KSI,SDRA,6.0,5
KSI,NLQ,6.0,5
KSI,RE,27.0,8
KSJ,SWRT,19.0,4
KSJ,SKA,29.0,6
KSJ,SRNK,16.0,6
KSJ,MTJ,105.0,3
KSK,NASP,11.0,2
KSN,YG,43.0,2
KSN,RC,26.0,8
KSN,SADP,20.0,6
KSN,MNDK,13.0,2
KSNG,MNGD,73.0,29
KSNG,TIG,13.0,49
KSNG,RGDA,126.0,6
KSNG,NRLR,22.0,2
KSNG,RPRD,16.0,6
KSP,MKPR,7.0,1
KSP,RBZ,6.0,1
KSPR,MYG,7.0,1
KSQ,MWH,7.0,1
KSRA,KYN,68.0,17
KSRA,NK,66.0,2
KSTA,PRY,7.0,2
KSU,PRR,12.0,2
KSV,MTJ,41.0,19
KSV,PWL,42.0,8
KSV,NDLS,100.0,2
KSW,PPR,6.0,2
KSWD,PMP,2.0,5
KSX,PNW,12.0,8
KSX,MURI,24.0,4
KSX,PRR,36.0,2
KT,MAO,114.0,2
KT,MRDW,40.0,10
KT,MRJN,8.0,2
KTCE,KUW,6.0,1
KTD,TAO,8.0,3
KTD,URMA,8.0,3
KTE,STA,98.0,106
KTE,MYR,63.0,70
KTE,NWR,13.0,2
KTE,PTWA,9.0,4
KTE,MDRR,6.0,4
KTE,UDR,36.0,6
KTE,SHR,53.0,10
KTE,SDL,126.0,4
KTE,UMR,58.0,8
KTE,SBD,28.0,2
KTES,UMR,60.0,6
KTES,SHR,51.0,8
KTES,NWR,12.0,2
KTES,SDL,127.0,2
KTGG,SIDG,12.0,3
KTGG,SNNR,19.0,3
KTHD,MWRN,4.0,2
KTHU,PTKC,23.0,59
KTHU,PTK,24.0,2
KTHU,LDH,189.0,2
KTHY,TML,4.0,2
KTJ,NFK,14.0,2
KTJ,MLDT,21.0,2
KTK,NBL,9.0,3
KTK,MNL,10.0,3
KTKA,MQN,5.0,2
KTKH,NKR,4.0,1
KTKR,UDGR,12.0,1
KTM,MV,9.0,6
KTNR,PRNC,9.0,1
KTO,SJQ,21.0,2
KTP,MZR,11.0,1
KTPR,SOB,7.0,2
KTQ,SSM,25.0,16
KTQ,PSE,9.0,2
KTRA,SOR,9.0,2
KTRR,PTRE,10.0,2
KTU,PTB,18.0,25
KTU,TIR,15.0,31
KTU,TUA,6.0,2
KTU,SRR,30.0,8
KTV,VZM,35.0,31
KTV,SCM,18.0,14
KTV,VSKP,26.0,4
KTV,SUP,26.0,2
KTV,PDT,9.0,17
KTV,MVW,9.0,2
KTW,NBD,24.0,2
KTW,SNX,9.0,2
KTX,SCL,20.0,4
KTX,SCA,5.0,3
KTYM,TRVL,26.0,27
KTYM,TRTR,49.0,5
KTYM,VARD,25.0,2
KTYM,PVRD,30.0,7
KUA,KWR,4.0,1
KUD,MRJ,33.0,10
KUD,RBG,17.0,6
KUD,UGR,6.0,6
KUDA,UD,31.0,32
KUDA,SEN,14.0,2
KUDL,SNDD,11.0,24
KUDL,SWV,21.0,14
KUDL,ZARP,10.0,6
KUDL,THVM,53.0,14
KUDL,RN,140.0,16
KUDL,MAO,99.0,2
KUE,NNA,18.0,14
KUG,UBL,10.0,2
KUGT,MANU,21.0,2
KUGT,NLKT,12.0,2
KUGT,PEC,10.0,2
KUH,RTM,28.0,24
KUH,NAD,14.0,26
KUH,RNH,10.0,4
KUK,VZM,11.0,4
KUKT,TJSP,14.0,1
KULH,TKRP,6.0,1
KUM,MANA,13.0,1
KUN,PNP,34.0,41
KUN,NLKR,16.0,5
KUN,TRR,12.0,5
KUN,UMB,74.0,11
KUN,NDLS,124.0,2
KUND,RE,23.0,1
KUR,PURI,44.0,78
KUR,SIL,28.0,12
KUR,VZM,363.0,6
KUR,NKP,26.0,14
KUR,LGTR,15.0,2
KUR,RTN,7.0,2
KUR,MWQ,8.0,2
KUR,MLT,37.0,2
KUR,PSA,220.0,2
KURJ,MCSC,31.0,12
KURJ,MBA,65.0,10
KURJ,SPDM,34.0,2
KURO,ON,11.0,1
KUT,KWP,6.0,2
KUTI,NMGY,2.0,2
KUV,QLN,13.0,9
KVK,MRJ,46.0,4
KVLS,SMLG,9.0,2
KVO,UNI,10.0,2
KVR,RJY,7.0,6
KVR,NDD,15.0,6
KVR,PSDA,4.0,2
KVS,SVNR,8.0,2
KVU,VAK,9.0,14
KVZ,NLR,50.0,38
KVZ,OGL,66.0,22
KVZ,SKM,38.0,30
KWAE,NDAE,39.0,32
KWAE,SALE,17.0,16
KWAE,PSAE,31.0,1
KWE,LAV,13.0,4
KWMD,RE,6.0,4
KWO,TKBG,5.0,1
KWV,PUNE,187.0,7
KWV,SUR,78.0,42
KWV,PVR,53.0,10
KWV,WDS,8.0,1
KWV,MA,16.0,3
KXB,SRKI,7.0,1
KXB,MNV,8.0,1
KXE,TPH,5.0,1
KXE,TLJ,5.0,1
KXG,UMED,11.0,4
KXH,RCF,6.0,4
KXH,SQR,25.0,2
KXJ,NLBR,14.0,2
KXJ,NKMG,2.0,2
KXN,PPO,16.0,2
KXP,KZK,4.0,2
KXP,MQU,4.0,2
KXT,LOV,5.0,10
KY,NU,16.0,28
KYE,SGO,52.0,21
KYE,MAKR,18.0,7
KYE,SMRR,9.0,2
KYF,NBG,8.0,2
KYG,PDF,8.0,2
KYI,MPJ,5.0,1
KYJ,QLN,41.0,81
KYJ,MVLK,8.0,57
KYJ,OCR,6.0,2
KYJ,STKT,22.0,2
KYM,RJY,10.0,4
KYN,NK,134.0,91
KYN,PUNE,139.0,49
KYN,TNA,20.0,124
KYN,NRL,33.0,2
KYN,LNL,74.0,41
KYN,LTT,37.0,42
KYN,PNVL,36.0,12
KYN,MMR,207.0,8
KYOP,PDPL,8.0,2
KYQ,NBQ,176.0,19
KYQ,RNY,41.0,52
KZA,PNYA,7.0,4
KZA,SBZ,14.0,4
KZB,NZT,7.0,2
KZE,PAY,29.0,14
KZE,NLE,9.0,25
KZJ,SC,132.0,68
KZJ,WL,11.0,43
KZJ,RDM,101.0,22
KZJ,ZN,48.0,25
KZJ,OPL,33.0,5
KZJ,MJF,129.0,4
KZJ,MCI,109.0,4
KZJ,SKZR,168.0,3
KZJ,PDPL,84.0,28
KZJ,PQL,8.0,3
KZJ,MLY,126.0,2
KZJ,RYP,219.0,4
KZK,QLN,51.0,2
KZK,TVC,12.0,9
KZK,VAK,28.0,2
KZK,TVP,10.0,3
KZK,MQU,8.0,2
KZT,NYY,21.0,2
KZT,NCJ,33.0,2
KZT,TVC,38.0,4
KZT,PASA,8.0,10
KZT,NJT,28.0,2
KZU,MIK,5.0,3
KZY,TCN,7.0,2
LAA,PFL,10.0,2
LAD,RNC,66.0,5
LAD,PIS,53.0,4
LAD,TORI,44.0,5
LAE,MNDH,13.0,2
LAR,TKMG,51.0,14
LAR,TBT,39.0,10
LAR,UDPR,31.0,2
LAR,VGLJ,90.0,51
LAR,MAKR,60.0,7
LAR,RKMP,207.0,4
LAU,SUJH,10.0,18
LB,SRKR,2.0,1
LBA,SLN,22.0,10
LBA,SKN,36.0,6
LBG,WNG,5.0,1
LBI,NLP,9.0,2
LBI,SWJ,8.0,2
LBN,LKE,8.0,2
LC,LJN,5.0,4
LC,MBP,6.0,2
LD,LWR,33.0,24
LD,TVG,25.0,2
LDA,MKRN,7.0,2
LDH,PHR,14.0,24
LDH,PGW,36.0,53
LDH,SIR,60.0,13
LDH,RPJ,86.0,9
LDH,UMB,114.0,82
LDH,SASN,100.0,8
LDH,SMRL,35.0,6
LDH,NDLS,312.0,2
LDH,PTKC,165.0,4
LDH,MET,45.0,8
LDH,NMDA,67.0,3
LDH,SNL,16.0,1
LDH,MLX,21.0,2
LDX,RGDA,8.0,2
LEB,PHK,3.0,2
LEDO,MRG,7.0,2
LGCE,UHR,9.0,2
LGCE,STA,12.0,2
LGDH,MJF,1.0,1
LGDH,STPD,3.0,1
LGH,LKS,75.0,18
LGH,NAL,12.0,1
LGH,SOG,177.0,2
LGH,MHJ,115.0,2
LGO,PFM,28.0,6
LGO,PRG,35.0,2
LGO,RMC,7.0,6
LGTR,RTN,7.0,2
LHA,SFMU,21.0,10
LHA,SAG,34.0,4
LHB,TLB,7.0,2
LHLL,ROK,15.0,2
LHN,PDNR,5.0,3
LHU,SDLP,50.0,26
LHU,NDLS,175.0,2
LHU,RE,91.0,2
LHU,MHRG,41.0,14
LHU,SRGH,17.0,8
LHU,RMB,21.0,6
LHU,STNL,17.0,6
LIJ,MTBG,4.0,1
LIJ,RKL,6.0,1
LIR,NTV,20.0,6
LJN,ON,56.0,8
LJN,SPN,164.0,2
LJR,NRLR,12.0,4
LKA,LMG,31.0,18
LKA,MYD,31.0,2
LKA,LKG,16.0,2
LKBL,PPLI,10.0,2
LKD,PLJ,8.0,1
LKD,MYG,8.0,1
LKDU,PKO,5.0,1
LKDU,VVM,5.0,1
LKE,SWM,47.0,4
LKE,SGAC,61.0,2
LKG,LMG,15.0,2
LKKD,USD,7.0,5
LKMR,TKRI,22.0,8
LKN,SKJ,9.0,6
LKO,ON,56.0,32
LKO,NHH,90.0,39
LKO,RBL,78.0,41
LKO,SPN,164.0,30
LKO,SLN,140.0,19
LKO,MB,326.0,10
LKO,SAN,49.0,8
LKO,NHN,36.0,8
LKO,ML,11.0,1
LKO,LNWT,2.0,1
LKO,RDL,89.0,2
LKO,MFKA,108.0,2
LKO,SHG,233.0,2
LKR,MKA,33.0,6
LKR,SRY,15.0,2
LKR,MKB,5.0,4
LKS,SOG,102.0,6
LKS,MHJ,40.0,12
LKS,NTZ,10.0,1
LKT,NGR,10.0,4
LKU,RUPC,21.0,18
LKU,PBW,6.0,4
LKU,RPSC,9.0,2
LKW,MKS,17.0,2
LKZ,SIA,7.0,2
LKZ,SIOB,9.0,2
LLBR,MPRA,7.0,3
LLBR,MNCR,8.0,3
LLI,SRGM,15.0,4
LLJ,RRS,13.0,4
LLJ,NHF,8.0,1
LLJP,VSHI,15.0,1
LLP,NPV,12.0,6
LLP,RGV,19.0,8
LLPR,RJA,4.0,1
LM,RUR,27.0,4
LM,WC,20.0,3
LM,SRGT,27.0,6
LMD,PDL,7.0,2
LMD,MYL,8.0,2
LMG,MBG,65.0,10
LMG,NHLG,99.0,14
LMG,MYD,10.0,2
LMK,PPD,8.0,3
LMK,MAM,8.0,2
LMM,SBO,7.0,1
LMN,UCR,17.0,8
LMN,RBL,21.0,8
LMN,RCP,7.0,1
LMO,SVKD,24.0,4
LMP,STP,46.0,4
LMY,TQM,8.0,2
LNH,SIKR,27.0,10
LNK,MQS,20.0,2
LNK,MXH,24.0,6
LNK,SQR,6.0,6
LNL,TGN,29.0,9
LNL,PUNE,64.0,53
LNL,NRL,42.0,1
LNL,SVJR,62.0,8
LNL,TNA,95.0,2
LNL,MVL,8.0,3
LNL,PNVL,56.0,4
LNN,NIRA,7.0,6
LNN,WTR,27.0,6
LNN,STR,53.0,2
LOG,SRJ,10.0,4
LOG,MFX,6.0,4
LOGH,YPR,2.0,1
LONI,MJBK,6.0,1
LONI,URI,12.0,1
LOV,UAM,4.0,10
LPG,RGL,11.0,2
LPI,TDU,92.0,4
LPI,SNF,14.0,6
LPI,SKP,21.0,17
LPI,SC,23.0,14
LPI,VKB,49.0,21
LPI,NPL,9.0,1
LR,MDJN,7.0,1
LRD,SRU,10.0,12
LRJ,MB,140.0,28
LRJ,SRE,53.0,11
LRJ,NBD,41.0,32
LRJ,RK,18.0,40
LRJ,MZM,31.0,5
LRJ,PRI,14.0,1
LRU,NNW,10.0,2
LS,NR,17.0,10
LS,MMR,25.0,16
LS,NK,48.0,6
LSD,RGQ,29.0,2
LSI,SPJ,33.0,17
LSI,TLWA,7.0,1
LSMP,SMAP,6.0,1
LSR,RGO,28.0,15
LSR,POZ,12.0,2
LTA,NIR,34.0,2
LTD,NGA,7.0,1
LTHR,TORI,32.0,23
LTR,VG,43.0,4
LTR,SUNR,21.0,4
LTRR,LUR,33.0,17
LTRR,PRLI,63.0,17
LTRR,UDGR,33.0,21
LTRR,PNF,28.0,2
LTRR,WDLN,4.0,4
LTT,TNA,17.0,85
LTT,NK,171.0,2
LTT,PUNE,175.0,2
LTT,PNVL,54.0,2
LUNI,PMY,41.0,26
LUNI,SMR,49.0,8
LUR,UMD,89.0,17
LUSA,SBDR,35.0,4
LUSA,SKGH,20.0,4
LWR,TVG,8.0,2
LWR,MGD,23.0,2
LXA,SLGR,14.0,3
LXA,SFR,10.0,1
LYD,TSAH,1.0,1
MA,WDS,7.0,1
MA,WKA,8.0,1
MA,SUR,63.0,1
MA,MO,30.0,2
MAAR,PLCJ,13.0,1
MABD,WL,62.0,28
MABD,NKD,31.0,4
MABD,TAA,6.0,1
MABN,PGA,8.0,1
MACR,NRG,3.0,2
MAD,MYA,20.0,28
MAD,RMGM,29.0,3
MADR,SWV,10.0,2
MADR,PERN,12.0,2
MAG,NBR,12.0,6
MAG,NGNT,19.0,4
MAHE,TLY,9.0,24
MAHM,MLKN,6.0,4
MAI,MFP,39.0,8
MAI,MTR,13.0,13
MAJN,SL,24.0,16
MAJN,UD,66.0,44
MAJN,MAO,315.0,4
MAJN,MAQ,6.0,8
MAJN,MULK,33.0,2
MAJN,TOK,19.0,2
MAKM,SRTL,11.0,5
MAKR,VGLJ,150.0,4
MAKR,SGO,71.0,11
MAKR,MNV,26.0,2
MALB,SIOB,40.0,3
MALM,RC,29.0,64
MALM,MTU,12.0,4
MALM,SC,312.0,2
MAM,USRA,5.0,1
MAN,ND,42.0,11
MAN,MHD,25.0,14
MANA,MZR,12.0,1
MANE,SBPY,9.0,2
MANK,MRDW,9.0,2
MANU,SKAP,3.0,2
MANU,NLKT,9.0,2
MAO,SVM,15.0,15
MAO,THVM,46.0,28
MAO,RN,239.0,20
MAO,UD,249.0,6
MAO,VSG,25.0,15
MAO,SWV,79.0,4
MAO,PERN,57.0,4
MAO,SRVX,5.0,2
MAP,SA,67.0,9
MAP,SLY,24.0,4
MAP,TPT,47.0,5
MAQ,MJS,17.0,5
MAQ,SL,29.0,6
MAQ,ULL,9.0,2
MAQ,UD,72.0,2
MAR,PU,11.0,1
MAS,SPE,82.0,24
MAS,PER,6.0,44
MAS,NLR,175.0,4
MAS,TRL,48.0,8
MAS,OGL,292.0,1
MAS,PON,34.0,2
MAS,SA,345.0,2
MAS,RU,144.0,5
MAU,RSR,37.0,8
MAU,MMA,22.0,22
MAUR,MSZ,18.0,10
MAY,ZBD,18.0,6
MAYR,STD,4.0,3
MB,RJK,24.0,6
MB,RMU,27.0,54
MB,NBD,98.0,21
MB,SEO,45.0,6
MB,SPN,162.0,4
MB,SRE,192.0,30
MB,PLS,18.0,4
MB,NDLS,166.0,4
MB,RK,157.0,2
MB,MTC,133.0,2
MB,STP,252.0,2
MBA,SPDM,30.0,2
MBAH,NZP,2.0,2
MBAH,THA,1.0,2
MBDD,MBDP,14.0,6
MBDP,PRYJ,59.0,8
MBDP,MCDA,21.0,6
MBDP,PRG,53.0,6
MBDP,SLN,40.0,8
MBDP,SBTJ,15.0,2
MBDP,RBL,95.0,5
MBG,NHLG,34.0,14
MBG,WDA,6.0,2
MBG,MYD,54.0,2
MBI,SKI,17.0,28
MBI,PDW,9.0,1
MBI,RJA,10.0,9
MBM,TBM,18.0,19
MBM,MS,7.0,19
MBNL,MON,28.0,24
MBNL,RNV,32.0,22
MBNR,SRNR,62.0,2
MBNR,WPR,53.0,16
MBNR,SHNR,54.0,8
MBNR,MHBT,3.0,2
MBNR,YNG,4.0,4
MBNR,MQN,14.0,2
MBP,SD,42.0,4
MBT,PLCJ,11.0,1
MBT,MKHR,15.0,1
MBY,SGRA,30.0,12
MBY,PTRL,6.0,2
MCA,ULB,26.0,6
MCA,TMZ,34.0,10
MCA,SRC,51.0,5
MCA,PKU,13.0,6
MCDA,MFL,8.0,1
MCI,RDM,13.0,43
MCI,SKZR,58.0,22
MCI,PDPL,32.0,12
MCI,RVKH,7.0,6
MCI,WL,114.0,4
MCI,PPZ,9.0,2
MCN,WJR,8.0,4
MCQ,SGRL,21.0,2
MCQ,OBR,30.0,2
MCS,NQR,17.0,4
MCS,PTAB,3.0,2
MCSC,TKMG,83.0,2
MCTM,SVDK,25.0,43
MCTM,RMJK,10.0,4
MCU,MPL,40.0,7
MCU,NCU,27.0,1
MCU,TKU,15.0,3
MCU,TAT,16.0,2
MCVM,NDO,5.0,2
MDAK,SMAP,7.0,1
MDB,MMC,5.0,1
MDB,MMY,24.0,1
MDCR,NDW,4.0,2
MDCR,TEA,2.0,2
MDDP,ODG,13.0,4
MDDP,RKMP,17.0,8
MDDP,NDPM,51.0,4
MDE,THA,4.0,4
MDE,WKND,2.0,2
MDF,MDKD,7.0,3
MDJ,URD,11.0,10
MDKU,TSR,4.0,2
MDKU,NDO,6.0,2
MDLL,NDV,3.0,1
MDN,VSU,72.0,16
MDN,SLB,24.0,10
MDNR,MUZ,8.0,1
MDNR,MUD,10.0,4
MDNR,MTC,19.0,14
MDP,VDS,24.0,20
MDP,MUW,12.0,5
MDP,NPZ,6.0,1
MDP,NGRH,35.0,2
MDP,PKA,107.0,2
MDR,RYP,46.0,2
MDR,YP,16.0,4
MDRR,NWR,8.0,4
MDS,NMH,49.0,30
MDS,RTM,84.0,18
MDS,PIP,15.0,13
MDU,VPT,43.0,62
MDU,SDN,21.0,7
MDU,TMQ,18.0,4
MDU,TDN,7.0,6
MDU,MNM,47.0,6
MDU,USLP,36.0,2
MDUN,RMV,3.0,2
MDVK,SRKI,5.0,1
MDVL,PCU,6.0,2
MDW,NGO,18.0,8
MDW,MTD,39.0,6
ME,WDR,10.0,1
ME,MOB,14.0,1
ME,SHAN,3.0,1
MED,SC,27.0,2
MED,WDR,38.0,10
MED,MZL,45.0,2
MED,MOB,14.0,4
MED,MJF,23.0,4
MEJ,TME,30.0,1
MEJ,TN,31.0,3
MEJ,TEN,29.0,8
MEM,PFM,20.0,2
MEM,SBTJ,11.0,2
MEP,NAD,17.0,8
MEP,VMA,23.0,8
MER,SNKB,7.0,2
MESR,TIS,9.0,3
MESR,RNC,19.0,2
MEW,MHC,13.0,2
MEX,PTKC,40.0,23
MEX,PTK,43.0,2
MEX,MRTL,20.0,1
MFB,RAA,9.0,5
MFKA,NHH,19.0,20
MFKA,SLN,31.0,22
MFP,SPJ,52.0,75
MFP,MTR,26.0,13
MFP,SMI,65.0,15
MFQ,VST,19.0,2
MGAE,NHT,18.0,4
MGAE,SDI,8.0,4
MGB,MVA,11.0,2
MGE,MXR,4.0,2
MGE,NHLG,5.0,2
MGKM,TLMR,11.0,2
MGLP,SSB,4.0,1
MGLP,NNO,3.0,1
MGME,TORI,22.0,4
MGN,RTM,80.0,20
MGN,THDR,8.0,6
MGR,SGG,32.0,6
MGR,RPUR,9.0,2
MGR,SKJ,13.0,2
MGRR,NEW,4.0,2
MGRR,TKA,8.0,2
MGW,ON,6.0,1
MHBA,NCB,32.0,8
MHBA,NCBD,37.0,2
MHBT,MQN,11.0,2
MHC,RPV,9.0,2
MHD,ND,17.0,26
MHD,NEP,4.0,1
MHDB,SSPR,4.0,2
MHH,SIPR,4.0,1
MHH,SWA,8.0,2
MHI,MHPR,8.0,2
MHJ,SOG,63.0,8
MHJ,MLC,18.0,1
MHPR,MNS,7.0,2
MHQ,TLE,11.0,2
MHQ,MLQ,6.0,1
MHRG,RE,51.0,14
MHRG,NDRT,14.0,2
MHRG,STNL,24.0,4
MHSA,NWDH,14.0,2
MHT,SIP,14.0,2
MHV,RLA,31.0,4
MID,VYA,15.0,6
MID,TBV,8.0,4
MIKD,RBN,4.0,1
MIL,RMU,23.0,8
MIM,PJ,12.0,4
MINA,TRWT,17.0,2
MINA,RSJ,9.0,3
MINJ,STP,42.0,2
MINJ,SPN,49.0,3
MINJ,SPC,38.0,1
MIPM,VSKP,5.0,10
MIPM,SCM,3.0,8
MIQ,PTLI,5.0,2
MJ,PMY,31.0,46
MJ,RANI,52.0,28
MJ,SOD,21.0,16
MJ,SEU,74.0,3
MJ,SOS,28.0,6
MJA,MNF,16.0,1
MJA,PCOI,30.0,1
MJA,NYN,31.0,4
MJA,PRYJ,39.0,4
MJBT,ULG,21.0,2
MJBT,NMM,30.0,2
MJBT,RWTB,10.0,2
MJF,SC,3.0,6
MJF,STPD,4.0,4
MJF,NLDA,107.0,2
MJG,MKP,37.0,6
MJG,TKYR,13.0,2
MJHR,SRJ,10.0,4
MJL,SGL,13.0,2
MJN,TSK,8.0,2
MJO,VEN,5.0,2
MJO,SRVX,3.0,2
MJP,SLJ,6.0,1
MJRI,WANI,13.0,6
MJRI,SEGM,85.0,2
MJRI,NGP,161.0,2
MJRI,WRR,13.0,3
MJS,UAA,7.0,2
MJS,ULL,8.0,2
MJZ,PBE,26.0,4
MKA,PNBE,89.0,14
MKA,PNC,79.0,4
MKA,NBJU,19.0,20
MKA,TALL,4.0,3
MKA,MMKB,13.0,2
MKA,PHK,15.0,2
MKA,MOR,7.0,3
MKBH,SGA,3.0,2
MKC,UJN,40.0,42
MKC,SFY,29.0,28
MKC,SJP,62.0,2
MKC,TAN,10.0,12
MKC,PUO,7.0,2
MKC,RCJ,15.0,2
MKC,SFW,56.0,2
MKC,SHRN,132.0,2
MKD,TKYR,8.0,2
MKD,MKP,16.0,2
MKDN,NVG,9.0,4
MKH,RHG,17.0,4
MKH,MWW,8.0,2
MKHR,RDRA,21.0,1
MKMN,SRBH,7.0,4
MKN,NAC,30.0,4
MKO,SORO,15.0,4
MKO,RNTL,6.0,3
MKO,SZZ,6.0,2
MKP,PRYJ,100.0,28
MKP,STA,78.0,83
MKP,NYN,93.0,2
MKP,PCOI,92.0,57
MKP,PNHI,11.0,4
MKP,SRJ,55.0,8
MKPR,SPJ,3.0,1
MKPT,MO,9.0,1
MKR,TGL,15.0,2
MKRD,PBV,12.0,2
MKRN,SGO,7.0,6
MKSR,SMR,26.0,24
MKTL,MNDK,14.0,2
MKU,NN,28.0,26
MKU,SEG,52.0,28
MKU,WADO,8.0,1
MKX,RMA,10.0,4
MKZ,SKLI,6.0,4
MLAR,SONI,33.0,6
MLAR,SAC,7.0,4
MLC,NTZ,11.0,1
MLD,SAN,23.0,1
MLDT,NFK,34.0,87
MLDT,PKR,67.0,8
MLDT,RPH,122.0,19
MLDT,SM,35.0,25
MLDT,NJP,233.0,6
MLDT,SBG,104.0,2
MLG,NMH,26.0,3
MLG,PIP,8.0,5
MLGH,PSLI,22.0,4
MLGH,SMPA,21.0,4
MLHA,VRL,30.0,8
MLI,SDH,10.0,1
MLK,RGM,12.0,3
MLMR,VM,67.0,26
MLMR,TMV,30.0,25
MLMR,MMK,11.0,8
MLN,PP,32.0,4
MLO,WFD,20.0,8
MLO,TCL,15.0,4
MLPR,SHG,25.0,12
MLQ,TSAH,4.0,1
MLT,PURI,7.0,4
MLTR,PKQ,7.0,2
MLTR,TUV,7.0,2
MLV,SNT,15.0,6
MLV,RPH,12.0,8
MLV,TPF,6.0,3
MLY,SC,6.0,14
MLY,NLDA,104.0,1
MLY,WL,146.0,2
MLZ,SWM,31.0,4
MLZ,NNW,16.0,2
MLZ,NMD,7.0,4
MLZ,MXL,11.0,2
MMA,SAA,9.0,2
MMB,TSF,16.0,2
MMC,RKB,2.0,1
MMKB,PHK,2.0,2
MML,SRID,50.0,16
MML,NU,81.0,6
MML,NIR,119.0,2
MMM,RMM,17.0,8
MMM,RMD,37.0,10
MMM,PBM,6.0,2
MMP,VKM,8.0,1
MMPL,NRE,7.0,2
MMPL,VNM,11.0,2
MMR,NGN,25.0,18
MMR,NK,73.0,77
MMR,YL,29.0,2
MMR,RGO,52.0,8
MMR,PUNE,307.0,4
MMR,NR,42.0,2
MMR,NSL,22.0,16
MMR,SNSI,82.0,10
MMR,TNA,227.0,2
MMS,SPT,19.0,6
MMS,PSA,13.0,6
MMV,SINI,7.0,7
MMV,RKSN,8.0,7
MMY,TIW,10.0,3
MMY,RKB,31.0,2
MMY,OSN,31.0,2
MMZ,RVKH,4.0,4
MNAE,PAN,10.0,12
MNC,VDS,10.0,2
MNDH,R,18.0,2
MNE,NNA,58.0,10
MNE,SHC,45.0,4
MNE,SBV,28.0,9
MNE,MSK,11.0,12
MNE,THB,42.0,8
MNF,PCOI,46.0,1
MNGD,RGDA,54.0,39
MNGD,NRLR,50.0,2
MNGD,THV,35.0,4
MNGD,TIG,86.0,4
MNI,PNVL,108.0,13
MNI,ROHA,30.0,28
MNI,VEER,17.0,17
MNI,RN,173.0,4
MNJ,SYWN,8.0,1
MNM,PMK,24.0,19
MNM,SVGA,20.0,24
MNM,RMD,60.0,9
MNM,PDKT,97.0,2
MNM,VPT,67.0,2
MNO,SPP,8.0,8
MNQ,SKB,48.0,8
MNSR,SGRA,15.0,3
MNSR,NAWN,5.0,1
MNTT,TRTR,8.0,6
MNTT,PVRD,11.0,6
MNV,PIA,19.0,8
MNV,SGO,97.0,6
MO,MVE,8.0,1
MO,SUR,33.0,2
MOA,SBBJ,14.0,2
MOB,WDR,24.0,1
MOB,NCRM,13.0,2
MOF,SAW,7.0,4
MOG,VPDA,10.0,2
MOG,SPP,13.0,8
MOGA,TWB,24.0,6
MOJ,SVPI,62.0,4
MOJ,PARH,28.0,3
MOJ,RENH,13.0,3
MOL,RA,10.0,1
MOL,SUNR,22.0,2
MOL,THAN,26.0,2
MOMU,RDG,15.0,7
MOMU,THKU,32.0,2
MONJ,TPK,9.0,5
MONR,NMKL,18.0,2
MOO,YA,16.0,6
MOO,TU,51.0,6
MOO,MUM,14.0,2
MOPR,SGNR,6.0,1
MOR,PHK,8.0,3
MOT,PKK,15.0,5
MOTC,RWL,7.0,12
MOTH,VGLJ,55.0,4
MOU,ROU,40.0,16
MOU,SWR,40.0,2
MOZ,MTC,55.0,34
MOZ,SRE,58.0,12
MOZ,RK,83.0,4
MOZ,SKF,31.0,6
MOZ,TPZ,52.0,5
MPA,TPJ,36.0,10
MPI,VLT,5.0,2
MPJ,SMX,4.0,1
MPL,PIL,42.0,11
MPL,VLD,8.0,3
MPR,VRM,5.0,1
MPR,VS,5.0,1
MPT,PCL,8.0,2
MPU,SLO,9.0,3
MPY,NAT,4.0,1
MQ,NMJ,14.0,6
MQ,TVR,37.0,2
MQC,NNO,3.0,1
MQL,PIZ,6.0,4
MQL,PAU,13.0,4
MQO,QLN,15.0,2
MQO,PRND,5.0,2
MQO,STKT,5.0,2
MQR,SEM,12.0,1
MQS,NRO,12.0,2
MRA,SANK,10.0,2
MRA,SIKD,8.0,2
MRBL,TIG,19.0,4
MRDL,TLHD,14.0,6
MRDL,NBT,9.0,2
MRDL,TLHR,21.0,2
MRE,SYWN,4.0,2
MRE,PRYJ,18.0,2
MRF,VKB,36.0,4
MRF,SSPD,14.0,2
MRGA,NDKD,38.0,29
MRGA,NLDA,38.0,52
MRGA,PGRL,59.0,8
MRGA,VNUP,21.0,2
MRGA,SAP,91.0,10
MRHA,TELY,4.0,2
MRHT,SRTN,38.0,4
MRHT,SLGR,54.0,2
MRJ,SLI,7.0,54
MRJ,VRB,5.0,1
MRJ,SGLA,107.0,6
MRJ,PUNE,279.0,2
MRJ,RBG,50.0,2
MRJ,UGR,27.0,4
MRJ,VJR,8.0,2
MRK,NRT,98.0,6
MRK,VKN,61.0,8
MRK,TLU,12.0,6
MRK,NDL,113.0,2
MRL,NVS,8.0,13
MRL,SCH,7.0,9
MRL,ST,22.0,2
MRL,UDN,17.0,2
MRM,RU,14.0,2
MRN,RTM,10.0,3
MRND,RPAR,24.0,8
MRND,NMDA,2.0,2
MRND,SASN,33.0,6
MROA,RAKD,7.0,2
MRPR,TKA,22.0,2
MRPR,RNRD,11.0,2
MRPR,RORA,10.0,2
MRPR,NEW,34.0,12
MRPR,VGLJ,65.0,4
MRR,NHT,17.0,6
MRR,RJG,12.0,3
MRR,RPH,31.0,8
MRR,PKR,23.0,11
MRSH,RDHR,4.0,2
MRSH,WOC,36.0,2
MRSH,NRKR,66.0,2
MRT,MTJ,2.0,14
MRTL,PTKC,20.0,1
MS,PER,12.0,8
MS,TBM,25.0,67
MS,SPE,87.0,8
MS,NLR,180.0,8
MS,TLM,18.0,2
MS,VM,159.0,6
MS,RU,149.0,1
MSDG,SGLA,20.0,2
MSH,PNU,65.0,77
MSH,SBIB,62.0,41
MSH,PTN,40.0,20
MSH,UJA,21.0,22
MSH,SID,35.0,5
MSH,VG,65.0,10
MSH,VNG,20.0,2
MSH,SUNR,130.0,2
MSK,NNR,24.0,8
MSK,PSR,12.0,4
MSMD,R,55.0,27
MSR,TAZ,13.0,6
MSR,SIW,6.0,1
MSW,MUR,14.0,16
MSW,SNC,4.0,2
MTA,TLV,8.0,2
MTC,NZM,75.0,4
MTC,TPZ,107.0,4
MTC,MUT,4.0,17
MTC,PRTP,7.0,1
MTC,SRE,113.0,2
MTD,REN,17.0,22
MTD,NGO,57.0,34
MTD,RKB,101.0,4
MTD,PPR,57.0,4
MTHP,OKHA,10.0,6
MTI,TDL,7.0,1
MTJ,RKM,49.0,19
MTJ,NDLS,141.0,24
MTJ,NZM,134.0,61
MTJ,SWM,216.0,6
MTL,TMV,10.0,2
MTL,VM,27.0,2
MTM,PAV,10.0,8
MTP,ONR,27.0,2
MTSI,PLRD,13.0,1
MTT,TTP,23.0,10
MTT,PKT,27.0,2
MTU,RC,17.0,4
MTV,ZB,13.0,2
MTWN,TMS,3.0,4
MTY,PAR,41.0,14
MTY,NGP,142.0,4
MTY,NRKR,59.0,2
MUBR,SBRM,8.0,2
MUBR,THTW,7.0,2
MUE,NED,23.0,50
MUE,NZB,88.0,10
MUE,UMRI,19.0,14
MUG,TLO,4.0,1
MUG,PDA,14.0,1
MULK,UD,34.0,14
MULK,SL,9.0,14
MULK,NAND,7.0,2
MUP,RJN,15.0,1
MURI,RNC,63.0,73
MURI,RMT,53.0,10
MURI,TATA,104.0,7
MURI,TIS,49.0,7
MURI,THO,4.0,1
MURI,SLF,7.0,3
MURI,TRAN,12.0,2
MUT,SKF,20.0,12
MUW,SNQ,9.0,6
MUW,NPZ,6.0,1
MUZ,PRTP,5.0,1
MV,SY,20.0,32
MV,TVR,39.0,19
MV,VDL,14.0,11
MV,PEM,16.0,7
MV,TDPR,79.0,4
MVE,PK,9.0,1
MVI,SIOB,88.0,4
MVI,WKR,28.0,4
MVJ,RPZ,38.0,33
MVJ,NDT,15.0,2
MVJ,UDZ,42.0,4
MVLK,QLN,49.0,2
MVO,PBN,27.0,16
MVO,SELU,16.0,16
MVV,SGG,6.0,1
MVW,SUP,17.0,2
MW,SV,21.0,8
MW,ZRDE,11.0,8
MWAD,PUSA,12.0,2
MWAD,NRKR,8.0,2
MWC,TKJ,7.0,1
MWJ,SGAM,46.0,6
MWJ,NWB,17.0,2
MWK,RM,6.0,2
MWK,SHF,7.0,2
MWM,YPR,3.0,5
MWM,SBC,3.0,5
MWRN,SRBA,6.0,2
MWT,OSN,44.0,6
MWT,PLCJ,28.0,6
MWT,STSN,14.0,1
MWX,MXH,18.0,2
MXK,SNS,7.0,1
MXL,RNT,9.0,2
MXN,NTSK,156.0,2
MXN,SLGR,54.0,20
MXN,TTB,13.0,2
MXN,NCH,10.0,3
MXN,VSG,3433.0,1
MXR,PDJ,6.0,2
MYA,MYS,46.0,30
MYA,PANP,25.0,20
MYA,RMGM,48.0,4
MYA,SBC,93.0,7
MYA,Y,7.0,2
MYD,NHLG,89.0,6
MYG,PLJ,15.0,13
MYG,VS,27.0,4
MYO,SRPN,5.0,2
MYR,STA,36.0,80
MYR,UHR,14.0,16
MYR,UDR,27.0,10
MYS,SBC,138.0,6
MYS,PANP,20.0,20
MYS,NHY,9.0,2
MYY,QLN,9.0,4
MYY,PVU,4.0,6
MZC,SBG,15.0,10
MZC,PPT,8.0,10
MZL,WDR,7.0,7
MZM,NBD,11.0,7
MZP,PCOI,81.0,41
MZP,PRYJ,90.0,18
MZQ,NBQ,9.0,2
MZS,TQM,25.0,2
MZY,RJGR,3.0,2
NAB,WSA,28.0,2
NAC,SBR,28.0,14
NAD,UJN,55.0,86
NAD,RTM,42.0,79
NAD,VMA,39.0,22
NAD,SGZ,91.0,20
NAD,RMA,153.0,8
NAHT,WTWI,9.0,1
NAK,TKG,34.0,2
NAM,NHK,12.0,7
NAM,SLGR,66.0,2
NAN,VBW,15.0,14
NANA,PDWA,17.0,4
NAND,PDD,9.0,2
NASP,TUNI,47.0,2
NASP,YLM,7.0,2
NAT,SGG,20.0,2
NAVI,WLGN,14.0,4
NAW,TDU,18.0,1
NAW,SEM,16.0,1
NAZJ,UJP,6.0,5
NB,SAV,9.0,2
NB,RV,10.0,2
NBA,PTA,25.0,10
NBD,NGG,22.0,14
NBD,SRE,94.0,2
NBD,SNX,15.0,2
NBH,NMH,27.0,12
NBH,SMP,18.0,2
NBI,TBL,8.0,1
NBI,PPEA,10.0,1
NBJU,PNBE,108.0,6
NBPH,SGV,4.0,1
NBQ,NOQ,110.0,28
NBQ,RNY,109.0,34
NBQ,NJP,254.0,10
NBQ,NCB,128.0,9
NBR,PDKN,2.0,4
NBX,VNE,17.0,2
NCA,VNE,12.0,2
NCB,NOQ,18.0,90
NCB,NJP,126.0,55
NCB,TFGN,25.0,6
NCE,NCU,8.0,2
NCE,TKU,4.0,2
NCH,SLX,12.0,1
NCJ,VLY,31.0,18
NCJ,TEN,73.0,16
NCJ,TVC,71.0,5
NCR,NGT,7.0,6
NCU,TKU,11.0,1
NDAE,SMAE,8.0,1
NDAE,PSAE,8.0,1
NDB,VYA,100.0,5
NDB,NWU,58.0,16
NDB,ST,160.0,60
NDB,TISI,13.0,2
NDB,UDN,156.0,8
NDD,TDD,20.0,31
NDD,RJY,22.0,39
NDD,TNKU,16.0,20
NDD,PSDA,11.0,2
NDKD,PGRL,21.0,18
NDKD,VNUP,18.0,2
NDKD,SAP,52.0,13
NDKR,TMZ,10.0,1
NDL,PNM,15.0,5
NDLS,NZM,7.0,48
NDLS,SZM,4.0,17
NDLS,PNP,89.0,23
NDLS,SNP,44.0,5
NDLS,UMB,198.0,25
NDLS,TKJ,3.0,1
NDLS,PRYJ,634.0,2
NDLS,ROK,71.0,8
NDLS,PNKD,430.0,2
NDLS,SSB,11.0,16
NDM,RMV,6.0,1
NDM,UPL,6.0,1
NDN,SNK,13.0,10
NDNR,SPWI,10.0,1
NDO,TEL,21.0,22
NDO,TSR,11.0,4
NDPM,RKMP,68.0,39
NDPM,ODG,38.0,6
NDPU,NRT,17.0,2
NDPU,PRCA,17.0,2
NDRT,NWN,5.0,2
NDU,TEA,6.0,2
NDU,TNRI,1.0,2
NDU,SONH,2.0,2
NDW,PFT,5.0,2
NDW,TEA,6.0,2
NDW,NEMA,1.0,2
NDZ,VKI,8.0,1
NDZ,VDD,9.0,2
NED,PAU,31.0,79
NED,PBN,59.0,2
NED,NZB,111.0,4
NED,WNG,6.0,1
NEMA,PFT,4.0,2
NEO,SDE,7.0,1
NERH,WKND,6.0,2
NES,TIA,28.0,4
NES,RGD,18.0,4
NEW,VGLJ,31.0,8
NEW,TKA,12.0,2
NEWC,PCOI,143.0,2
NFK,RPH,88.0,9
NFK,TDLE,5.0,2
NFK,PKR,33.0,30
NFK,NILE,27.0,4
NG,TRT,15.0,2
NGF,RJG,6.0,1
NGF,PKR,5.0,1
NGNT,TEL,25.0,12
NGO,NOK,52.0,46
NGP,WR,78.0,55
NGP,NITR,4.0,4
NGP,TGP,55.0,1
NGP,SEGM,76.0,60
NGP,NRKR,84.0,7
NGP,SASR,74.0,2
NGP,SNI,47.0,6
NGP,RKMP,381.0,8
NGP,R,302.0,6
NGP,PAR,102.0,16
NGP,WRR,148.0,2
NGP,TMR,81.0,2
NGR,UBL,35.0,8
NGR,SVHE,13.0,4
NGT,TVR,23.0,18
NGT,VLNK,10.0,12
NGTN,NIDI,8.0,3
NGTN,ROHA,14.0,1
NGZ,SEG,8.0,1
NGZ,PS,9.0,1
NH,SDAH,41.0,12
NH,RHA,35.0,2
NHF,RRS,6.0,1
NHGJ,NHLG,20.0,4
NHH,SLN,51.0,21
NHK,SLGR,78.0,2
NHK,NTSK,24.0,2
NHM,SDGM,22.0,3
NHM,TOD,32.0,4
NHM,NRD,20.0,4
NHR,TSD,40.0,4
NHT,RPH,15.0,11
NHT,SDLE,8.0,1
NHT,PKR,41.0,1
NHY,PANP,11.0,2
NIDI,ROHA,6.0,3
NIIJ,TPND,10.0,7
NIL,VNB,11.0,2
NILE,SPLE,7.0,2
NIP,NNL,15.0,1
NIU,PLJ,13.0,5
NIU,VRE,7.0,2
NIV,RN,15.0,2
NJP,SGUJ,7.0,10
NJP,NMZ,55.0,4
NJP,NMX,45.0,2
NJT,VLY,36.0,6
NJT,PASA,37.0,2
NJT,TEN,78.0,4
NJT,TVC,66.0,4
NK,NR,31.0,12
NK,PNVL,170.0,2
NK,SNSI,157.0,2
NKB,NMZ,21.0,4
NKBR,SSU,4.0,1
NKBR,THE,6.0,1
NKD,WL,31.0,9
NKD,YGL,9.0,2
NKDO,PLU,5.0,2
NKDO,TIM,9.0,2
NKE,STF,24.0,2
NKE,SBZ,85.0,2
NKE,RXL,40.0,4
NKI,UJN,12.0,2
NKM,RNC,4.0,11
NKM,TIS,7.0,11
NKMG,PTKD,29.0,2
NKP,TAP,8.0,2
NKR,SWD,12.0,1
NKRA,SIRD,20.0,1
NKW,STBJ,11.0,2
NLD,RGD,11.0,8
NLD,POE,4.0,6
NLD,SILO,5.0,2
NLDA,SC,110.0,44
NLDA,RMNP,35.0,2
NLDM,UHL,16.0,10
NLE,PAY,20.0,13
NLI,RTM,13.0,4
NLKR,TRR,4.0,1
NLNI,NYDO,14.0,1
NLNI,SPWI,10.0,1
NLP,SOB,10.0,2
NLPD,PRCA,6.0,2
NLR,OGL,116.0,136
NLR,RU,122.0,15
NLR,VDE,7.0,6
NLR,NYP,66.0,1
NLR,PER,176.0,9
NLR,SKM,88.0,4
NLR,PGU,4.0,2
NLR,VDD,58.0,1
NLR,TPTY,132.0,2
NLV,RNY,17.0,10
NLV,TIHU,17.0,4
NMA,SRGR,19.0,8
NMBR,ROP,6.0,4
NMD,NNW,10.0,4
NMDA,SMRL,32.0,6
NMDA,SASN,33.0,4
NMH,PIP,33.0,8
NMJ,TVR,25.0,5
NMJ,TJ,30.0,5
NMK,SMPR,37.0,8
NMK,NNL,50.0,12
NMK,RGS,47.0,4
NMKL,SA,52.0,16
NMKL,RASP,25.0,6
NML,VZM,12.0,1
NMM,RPAN,11.0,18
NMM,ULG,51.0,12
NMM,RNY,113.0,2
NMT,SLGR,15.0,3
NMZ,SGUJ,48.0,10
NMZ,SVQ,27.0,2
NN,SEG,25.0,20
NNA,THB,15.0,20
NNL,RE,52.0,15
NNL,RGS,96.0,3
NNN,TEN,28.0,8
NNN,VLY,14.0,8
NNO,SSB,7.0,10
NNR,THB,8.0,12
NNR,PSR,12.0,4
NNW,SWM,47.0,2
NOI,SGO,18.0,2
NOMD,PDPH,4.0,1
NPL,SKP,11.0,1
NPNR,SXA,12.0,2
NPRD,UKR,10.0,4
NPS,SDGH,46.0,4
NPS,SDF,23.0,8
NRD,SDGM,2.0,4
NRDP,SC,52.0,2
NRE,RJP,11.0,4
NRE,OBVP,31.0,2
NRG,SQQ,3.0,2
NRGO,STL,10.0,2
NRGO,RJLA,4.0,2
NRKR,TNH,7.0,2
NRKR,PAR,18.0,14
NRKR,WOC,30.0,4
NRLR,RPRD,7.0,8
NRM,NRO,12.0,2
NRN,ROA,5.0,2
NRN,SPJ,24.0,2
NRP,YLM,18.0,12
NRP,TUNI,22.0,12
NRP,REG,9.0,2
NRS,RMU,31.0,4
NRT,VKN,37.0,16
NRT,PPM,24.0,4
NRT,SAB,17.0,2
NRW,TUN,26.0,24
NRW,ROK,91.0,2
NRW,UCA,15.0,10
NRZB,UMR,23.0,6
NS,PKO,9.0,16
NSGR,SNPU,11.0,4
NSL,RGO,28.0,10
NSL,TR,14.0,2
NSX,PVP,5.0,2
NSX,SNM,8.0,2
NTN,PNDR,4.0,2
NTN,TRP,4.0,2
NTR,SPGR,11.0,1
NTSK,TSK,2.0,5
NTSK,SLGR,102.0,8
NU,PPI,94.0,45
NU,SRID,31.0,22
NUB,SANK,3.0,2
NUD,VRR,13.0,8
NUQ,WDM,12.0,8
NUQ,RMF,11.0,6
NUQ,RNQ,56.0,2
NUR,SZM,23.0,8
NUR,SNP,17.0,13
NUR,RDDE,7.0,1
NVRD,TPND,3.0,5
NVS,ST,29.0,67
NVS,VAPI,65.0,6
NVS,VDH,8.0,3
NVS,UDN,26.0,2
NVT,NZB,15.0,2
NW,WADI,14.0,6
NW,YG,25.0,13
NWB,SGAM,29.0,2
NWD,WRS,19.0,6
NWD,TIA,17.0,6
NWH,SIKR,27.0,14
NWN,STNL,5.0,2
NWP,PSA,26.0,18
NWP,PLH,39.0,2
NWP,PUN,13.0,2
NWP,TEK,7.0,4
NWP,RMZ,7.0,1
NWR,SBD,15.0,2
NWR,SNRR,7.0,6
NWU,VYA,42.0,16
NWU,USD,24.0,2
NXN,ROU,26.0,6
NXN,ORGA,7.0,2
NXR,SAHA,4.0,1
NXR,TRG,9.0,1
NYA,VKD,6.0,4
NYG,PRNR,14.0,2
NYH,SBC,8.0,3
NYM,OREH,2.0,2
NYN,PRYJ,8.0,16
NYN,SRJ,37.0,8
NYO,STLR,8.0,1
NYO,PMU,4.0,1
NYP,SPE,28.0,23
NYP,PER,110.0,2
NYY,TVC,17.0,12
NYY,PASA,12.0,9
NZD,PRH,17.0,6
NZM,OKA,4.0,4
NZM,VGLJ,403.0,12
NZM,TKJ,4.0,2
NZM,SBB,21.0,2
NZT,SVV,11.0,2
OBM,SLM,16.0,7
OBVP,RJP,20.0,2
OBVP,RU,54.0,2
OBVP,PMT,11.0,2
OCH,SBLT,22.0,1
OD,UMH,5.0,1
ODC,PLNI,25.0,8
ODG,RKMP,30.0,6
ODM,VSU,15.0,6
ODM,RSG,9.0,3
OEA,PDPL,19.0,2
OEA,PTKP,3.0,4
OGL,TEL,107.0,20
OGL,PER,292.0,5
OGL,SKM,28.0,26
OGL,TNR,18.0,8
OGL,VTM,42.0,5
OGL,RU,238.0,3
OKA,TKD,7.0,4
OKL,TML,5.0,2
OLR,TCR,6.0,1
OLR,PUK,7.0,1
OND,RRP,10.0,4
ONR,WEL,2.0,8
ORAI,VGLJ,114.0,63
ORAI,PHN,48.0,26
ORC,VGLJ,11.0,2
ORGA,ROU,33.0,2
ORR,RTWS,5.0,1
OSN,RKB,62.0,2
OSN,TIW,21.0,3
OSN,PLCJ,73.0,2
OTD,RAH,11.0,2
OTP,PGT,31.0,38
OTP,WKI,29.0,17
OTP,SRR,13.0,8
OTP,TCR,46.0,13
OTR,PCU,8.0,1
OYR,UDL,8.0,9
PAD,UVD,6.0,9
PAK,TPTY,42.0,29
PAK,PIL,41.0,17
PAK,PAM,12.0,4
PAK,PTT,15.0,1
PANP,Y,18.0,2
PAP,SLO,12.0,24
PAP,TUNI,41.0,2
PAR,TEO,9.0,2
PASA,TVC,29.0,2
PASG,PEC,11.0,2
PAU,PBN,28.0,47
PAVI,SSKL,4.0,1
PAVI,TJH,7.0,1
PAW,UKA,9.0,4
PAY,PAZ,11.0,11
PAY,TKQ,6.0,4
PAZ,VAPM,15.0,2
PBA,VSU,12.0,3
PBE,PP,35.0,4
PBKS,SNKL,12.0,11
PBL,TIHU,10.0,4
PBM,RMM,11.0,2
PBN,PRLI,64.0,12
PBN,SELU,42.0,8
PBN,PKNS,17.0,2
PBN,PIZ,10.0,4
PBN,SNGR,11.0,1
PBR,WSJ,34.0,5
PBR,RWO,14.0,2
PBV,SUKU,8.0,2
PCH,SUL,9.0,2
PCH,PRKH,7.0,2
PCK,SV,8.0,1
PCL,PIL,15.0,2
PCM,TSI,11.0,6
PCN,THDR,14.0,2
PCOI,STA,170.0,80
PCOI,SRJ,37.0,10
PCX,PLY,6.0,4
PDH,RJT,22.0,4
PDH,WTJ,29.0,2
PDKT,TPJ,53.0,22
PDL,TGL,16.0,2
PDNA,PDO,7.0,2
PDNR,TVL,8.0,3
PDPL,WL,83.0,8
PDPL,RDM,18.0,27
PDPL,RGPM,8.0,2
PDPL,SKZR,90.0,2
PDSN,TMB,9.0,2
PDSN,TEK,5.0,2
PDT,VZM,43.0,2
PDT,SCM,9.0,8
PDU,SGDM,10.0,5
PDW,UGNA,3.0,1
PDWA,SRPJ,18.0,4
PDX,RHA,5.0,1
PDY,VM,38.0,20
PDY,VI,8.0,2
PEM,TVR,23.0,7
PEN,PNVL,35.0,12
PEN,ROHA,42.0,12
PER,TRL,42.0,18
PER,RU,135.0,1
PER,SPE,83.0,2
PERN,SWV,21.0,4
PERN,THVM,11.0,8
PERN,RN,182.0,2
PERN,SNDD,53.0,4
PFM,PRG,7.0,18
PFM,PLP,23.0,2
PFM,RMC,21.0,6
PFM,SYC,12.0,2
PFR,SFY,58.0,10
PFR,SFW,32.0,8
PFT,PPN,6.0,2
PGA,PIGT,6.0,1
PGC,SHC,11.0,2
PGI,TA,8.0,18
PGI,TIR,16.0,13
PGI,VLI,6.0,7
PGK,SOG,25.0,14
PGL,TBN,13.0,2
PGRL,SAP,32.0,21
PGT,SRR,43.0,25
PGT,TCR,77.0,71
PGT,PTJ,48.0,34
PGT,WKI,59.0,1
PGT,PGTN,4.0,4
PGTN,POY,54.0,2
PGW,PHR,22.0,25
PHA,SGO,51.0,16
PHD,RURA,39.0,1
PHM,TEK,27.0,2
PHM,PLH,5.0,4
PIA,RTWS,9.0,1
PIGT,SHDR,9.0,1
PIH,RTGH,20.0,2
PIH,SUJH,26.0,2
PIL,VLD,34.0,1
PIO,SMLA,12.0,1
PIRO,XBKJ,17.0,2
PIRO,SSM,58.0,2
PIS,RNC,13.0,4
PIT,SOJN,28.0,4
PK,SUR,16.0,1
PKD,SSPN,20.0,10
PKNS,SNGR,7.0,1
PKO,VVM,10.0,7
PKR,RPH,55.0,32
PKR,RJG,11.0,3
PKR,TDLE,28.0,2
PKR,TBB,4.0,1
PKRD,UDR,10.0,4
PKT,PVI,20.0,10
PKU,TMZ,27.0,11
PKU,SRC,64.0,2
PLCJ,RDRA,47.0,11
PLCJ,STSN,14.0,1
PLE,RDHP,9.0,2
PLE,VRX,8.0,2
PLG,VAPI,81.0,33
PLG,VR,31.0,7
PLG,SAH,14.0,2
PLG,ST,176.0,6
PLG,UBR,54.0,1
PLG,UOI,6.0,1
PLH,SPRM,13.0,2
PLJ,VRE,6.0,1
PLMD,TUP,41.0,2
PLNI,UDT,34.0,8
PLO,WR,30.0,28
PLP,PRYJ,36.0,6
PLP,URPR,9.0,4
PLP,SYC,11.0,2
PLP,PRG,30.0,4
PLS,RHN,10.0,2
PLSN,SIKR,27.0,10
PLSN,RGS,23.0,10
PLW,UJN,9.0,2
PLW,TJP,6.0,2
PLWR,SRKR,3.0,1
PLY,REJ,9.0,4
PLY,SRJN,5.0,2
PM,SMDP,3.0,4
PMK,RMD,36.0,19
PMKT,WANI,66.0,5
PML,TJ,24.0,14
PMPR,SSL,6.0,1
PMR,TLH,32.0,7
PMT,RJP,9.0,2
PMU,SEE,7.0,1
PNBE,PNC,10.0,35
PNBE,RJPB,2.0,49
PNBE,TEA,30.0,9
PNBE,PWS,7.0,4
PNBE,PPTA,13.0,5
PNBE,PPN,13.0,10
PNBE,SCY,3.0,1
PNBE,PRBZ,6.0,2
PNBE,RPR,85.0,2
PNC,RJPB,8.0,37
PND,USL,92.0,26
PND,VKR,18.0,4
PND,SBRA,5.0,2
PNDM,VRI,18.0,2
PNDR,PTD,6.0,2
PNE,SNT,29.0,6
PNF,PRLI,36.0,4
PNF,WDLN,23.0,1
PNKD,RURA,33.0,4
PNP,SMK,17.0,17
PNP,SNP,45.0,19
PNP,UMB,109.0,25
PNP,SZM,86.0,4
PNQ,TCR,2.0,6
PNQ,WKI,14.0,2
PNU,UJA,44.0,10
PNU,SID,30.0,15
PNUG,RSMN,2.0,2
PNUG,PPN,1.0,2
PNVL,TNA,37.0,46
PNVL,ROHA,77.0,20
PNVL,SMNE,5.0,6
PNVL,RN,281.0,28
PNVL,VEER,124.0,2
PNVL,PUNE,120.0,8
PNWN,SEH,6.0,2
PNWN,PUD,7.0,2
POA,RAL,5.0,3
POK,RDRA,11.0,10
POU,RKL,16.0,2
POU,TOI,32.0,6
POY,UDT,29.0,8
PPD,SAT,12.0,3
PPG,UNL,7.0,2
PPI,SGP,17.0,20
PPI,SCKR,36.0,2
PPM,PRCA,10.0,4
PPN,TEA,17.0,8
PPO,ROU,5.0,5
PPR,UMED,19.0,4
PPR,RKB,44.0,1
PPT,SVRP,9.0,5
PPT,SBG,24.0,6
PPTA,SEE,14.0,7
PPU,SLN,13.0,2
PPW,TLR,23.0,4
PPZ,RDM,4.0,2
PQN,UCR,11.0,10
PQT,TJH,7.0,1
PRB,SEH,14.0,6
PRBZ,RSMN,4.0,2
PRDP,RHMA,23.0,2
PRDT,YA,15.0,4
PRF,SWPR,14.0,5
PRG,PRYJ,6.0,14
PRG,PYGS,2.0,18
PRGR,RPH,19.0,4
PRGR,SKIP,21.0,4
PRJ,TOD,13.0,4
PRL,TNM,31.0,4
PRL,VLR,52.0,2
PRLI,WDN,15.0,2
PRLI,UKH,11.0,1
PRNA,PRNC,5.0,3
PRND,QLN,10.0,2
PRP,TKN,12.0,4
PRP,TIA,61.0,2
PRR,TATA,90.0,15
PRR,TAO,7.0,3
PRRB,PRYJ,2.0,15
PRSL,RKSN,11.0,1
PRT,VM,20.0,11
PRT,TDPR,22.0,9
PRWD,WSB,7.0,1
PRYJ,STA,179.0,26
PRYJ,SRJ,45.0,6
PRYJ,SRO,57.0,4
PRYJ,SBDR,196.0,2
PRYJ,RBL,123.0,2
PRZ,SOT,9.0,2
PSA,SPT,32.0,41
PSA,PUN,12.0,3
PSA,VZM,143.0,8
PSD,RGO,13.0,2
PSO,UNL,8.0,2
PSPY,ZPL,8.0,3
PT,TNJR,4.0,4
PTA,RPJ,26.0,16
PTB,SRR,11.0,26
PTB,TIR,34.0,1
PTH,RDL,15.0,2
PTJ,TUP,44.0,23
PTK,PTKC,3.0,2
PTRD,RE,22.0,24
PTRU,RAY,29.0,6
PTRU,TORI,65.0,2
PTU,SELU,27.0,22
PTU,RNE,14.0,4
PUK,TCR,14.0,6
PUL,TAPA,13.0,6
PUN,RMZ,7.0,1
PUNE,SSV,11.0,2
PUNE,STR,145.0,37
PUNE,SVJR,3.0,17
PUNE,SUR,266.0,34
PUNE,URI,28.0,16
PUNE,SLI,272.0,4
PURI,SIL,16.0,17
PUSA,WOC,9.0,2
PUT,RU,23.0,16
PUT,TRT,30.0,6
PUU,TML,22.0,10
PVD,TEL,20.0,2
PVP,VBL,25.0,41
PVP,RGDA,46.0,33
PVP,PVPT,2.0,16
PVP,SNM,12.0,4
PVP,VZM,77.0,2
PVPT,RGDA,45.0,18
PVPT,VBL,26.0,8
PVR,SGLA,30.0,10
PVRD,TRTR,19.0,7
PVRD,VARD,7.0,4
PVU,VAK,11.0,22
PVU,QLN,13.0,18
PWS,SCY,4.0,1
PYOL,QLD,12.0,6
PYX,SIE,4.0,1
PYX,RAM,6.0,1
QLM,SVM,18.0,15
QLN,VAK,23.0,21
QLN,TVC,64.0,30
QLN,STKT,19.0,20
QLN,TVP,62.0,4
QSR,RWL,10.0,2
R,TLD,38.0,38
R,WRC,2.0,2
R,SRWN,2.0,1
R,SZB,6.0,1
RA,VD,7.0,1
RAA,YJUD,26.0,2
RAA,UMB,25.0,10
RAIR,SBP,71.0,19
RAIR,SBPY,65.0,8
RAJP,VBW,17.0,22
RAJP,SUAL,7.0,2
RAJP,VID,16.0,16
RAJP,RN,64.0,8
RANI,SOS,24.0,6
RASP,SA,26.0,6
RBD,SAN,9.0,1
RBL,UCR,38.0,4
RBR,RKY,11.0,2
RBZ,SPJ,16.0,2
RC,YG,69.0,42
RC,WADI,108.0,14
RC,SADP,46.0,8
RC,VKB,210.0,4
RC,SEM,135.0,2
RC,SC,283.0,2
RCF,SQR,19.0,4
RCP,UCR,10.0,1
RDD,SES,15.0,4
RDDE,SNP,11.0,1
RDG,SLM,23.0,7
RDHP,SNLR,43.0,2
RDHP,SIOB,134.0,2
RDL,SLW,23.0,12
RDM,SKZR,73.0,21
RDM,WL,101.0,36
RDM,RGPM,10.0,2
REG,YLM,9.0,2
REI,SYA,19.0,2
REJ,SRJN,4.0,2
REWA,STA,49.0,22
REWA,TZR,12.0,6
RGBP,VNGP,12.0,2
RGBP,TGBP,22.0,2
RGD,SILO,6.0,2
RGDA,THV,19.0,4
RGDA,TKRI,90.0,6
RGDA,SPRD,9.0,10
RGH,SGL,14.0,4
RGH,RXL,15.0,4
RGI,SHV,20.0,2
RGL,SBP,23.0,16
RGL,SSN,9.0,2
RGL,SBPY,19.0,2
RGO,TR,13.0,2
RGP,ZN,12.0,6
RGS,SMPR,10.0,13
RGS,SIKR,50.0,20
RGS,RNW,32.0,8
RGV,SRGR,11.0,8
RHA,SDAH,76.0,2
RHE,TATA,20.0,6
RHG,SRRG,6.0,2
RIG,SKT,50.0,2
RIKA,SHDR,8.0,1
RJAP,RRGA,5.0,3
RJP,RU,74.0,12
RJPM,SVPR,11.0,15
RJPM,SNKL,33.0,17
RJPM,SVKS,28.0,2
RJR,RTGH,17.0,18
RJR,SDGH,47.0,18
RJT,WKR,41.0,63
RJT,SUNR,116.0,31
RJT,SDD,29.0,1
RJT,WTJ,52.0,2
RJY,SLO,51.0,123
RJY,VSKP,201.0,40
RJY,TDD,42.0,44
RJY,RYP,156.0,2
RJY,TNKU,39.0,6
RJY,TUNI,104.0,2
RK,SRE,35.0,64
RK,TPZ,32.0,22
RKD,VV,7.0,2
RKK,RMN,5.0,2
RKMP,VGLJ,295.0,14
RKMP,SJP,89.0,4
RKO,SFX,2.0,1
RKSH,RWL,12.0,2
RKSN,SINI,16.0,12
RKSN,TATA,42.0,2
RLA,SVKD,38.0,4
RLL,VRN,7.0,2
RLO,VML,6.0,2
RLP,SOQ,9.0,1
RMA,SGZ,61.0,18
RMB,SDLP,29.0,4
RMD,RMM,54.0,12
RMGM,SBC,44.0,2
RMH,SOG,10.0,1
RMNP,SC,75.0,2
RMP,TAZ,11.0,6
RMV,TGU,17.0,1
RMY,TDU,11.0,1
RMY,VKB,31.0,1
RN,SGR,33.0,32
RN,SWV,161.0,4
RN,THVM,192.0,4
RN,VEER,157.0,2
RN,SNDD,129.0,6
RN,VID,47.0,2
RNC,TIS,10.0,2
RNC,ROU,169.0,6
RNG,UDL,7.0,16
RNJ,RTM,32.0,2
RNL,TISI,10.0,4
RNO,VDA,8.0,2
RNPR,STN,11.0,2
RNPR,SLS,8.0,2
RNR,UBL,108.0,2
RNRD,TKA,11.0,2
RNT,SWM,10.0,2
RNY,TNL,39.0,10
RNY,ULG,61.0,10
RNY,RPAN,123.0,2
ROA,SPJ,29.0,3
ROHA,VEER,47.0,2
ROHN,SPZ,5.0,1
ROI,SIP,10.0,6
ROI,STW,9.0,6
ROK,SPZ,22.0,6
ROK,SSB,60.0,6
ROK,SMF,10.0,1
ROP,TKH,6.0,2
ROZA,SPN,7.0,6
ROZA,SPC,79.0,2
RPAN,VNE,51.0,14
RPAN,ULG,62.0,6
RPAR,SIR,48.0,2
RPH,SNT,28.0,24
RPH,TPF,6.0,5
RPH,SDLE,7.0,1
RPH,SURI,47.0,10
RPJ,UBC,20.0,32
RPJ,SIR,25.0,31
RPJ,UMB,28.0,28
RPMN,SMQL,43.0,2
RPMN,TPZ,20.0,2
RPR,TWG,8.0,1
RPR,SKRI,6.0,1
RPRL,UGD,4.0,2
RPZ,UDZ,5.0,33
RRB,TKE,24.0,15
RRB,TK,141.0,1
RRL,TAR,6.0,2
RRS,TQA,12.0,2
RSG,VSU,6.0,3
RSNR,SRW,34.0,4
RSNR,SOG,56.0,4
RSR,RTP,13.0,2
RSYI,SMNE,6.0,6
RTGH,SDGH,64.0,8
RTGH,SUJH,45.0,14
RTGH,TLC,32.0,2
RTM,UJN,97.0,25
RTM,SVA,119.0,2
RTM,SGZ,133.0,6
RU,TRT,53.0,6
RU,SMVB,347.0,2
RU,TPTY,9.0,94
RU,YPD,9.0,1
RUB,SNIE,7.0,1
RUI,SNKR,8.0,3
RUI,SNTD,8.0,3
RV,SAV,18.0,2
RV,WGA,10.0,2
RWJ,SWM,15.0,4
RWL,YNRK,11.0,4
RWL,VRH,6.0,8
RWO,WSJ,20.0,2
RWTB,ULG,12.0,2
RXL,SGL,29.0,5
RXL,SMI,86.0,9
RXL,STF,17.0,2
RXM,SSL,7.0,1
RYP,WL,198.0,4
SA,SGE,39.0,7
SA,TPT,114.0,12
SA,SLY,90.0,4
SA,SXT,6.0,2
SA,WFD,239.0,2
SA,SMVB,255.0,2
SAB,SYM,11.0,2
SADP,YG,24.0,14
SAG,SFMU,13.0,10
SAGM,STA,5.0,2
SAH,VR,17.0,4
SAH,VTN,9.0,5
SALE,TYAE,7.0,1
SALI,SK,7.0,1
SAO,SYA,18.0,2
SAP,SRPM,19.0,2
SAPE,VEER,8.0,5
SAS,SNGN,17.0,4
SAU,VG,37.0,5
SAU,SBT,23.0,2
SAW,SQN,10.0,4
SAY,YVP,5.0,2
SBB,VVB,4.0,1
SBC,YNK,27.0,7
SBC,YPR,5.0,43
SBC,SMVB,9.0,2
SBC,SSPN,156.0,2
SBD,SNRR,7.0,6
SBG,TPH,38.0,12
SBG,SLJ,8.0,2
SBGN,SRPN,6.0,2
SBGN,SPTR,5.0,2
SBH,SXB,7.0,2
SBH,SUL,11.0,2
SBHR,SKLR,55.0,14
SBP,SLRA,7.0,2
SBP,SBPY,6.0,2
SBP,TIG,181.0,4
SBRM,UDPU,67.0,2
SBV,SHC,17.0,19
SBW,TLE,6.0,2
SC,WADI,185.0,4
SC,VKB,73.0,6
SC,WL,152.0,10
SC,ZN,84.0,15
SC,SEM,148.0,2
SCH,UDN,10.0,4
SCI,SHRN,55.0,2
SCI,SMT,7.0,4
SCM,VSKP,8.0,28
SCM,VZM,53.0,14
SCMN,VZM,52.0,1
SCT,TSI,7.0,19
SCT,TML,28.0,8
SD,STP,35.0,4
SDB,WADI,10.0,27
SDB,YG,49.0,3
SDD,WKR,13.0,1
SDDN,UB,9.0,4
SDDN,SOT,19.0,8
SDDN,TLR,79.0,3
SDF,SDGH,24.0,8
SDL,UMR,67.0,19
SDLP,TSD,65.0,6
SDLP,SDMK,36.0,4
SDLP,SWNI,41.0,6
SDNR,TEN,16.0,2
SDNR,SVV,12.0,2
SDS,SGNR,30.0,10
SED,UGR,9.0,2
SED,VJR,9.0,2
SEE,STLR,18.0,4
SEGM,SNI,29.0,2
SEGM,WRR,73.0,2
SEGM,WR,2.0,1
SEH,SHRN,29.0,32
SEH,SJP,41.0,22
SEJ,VLA,22.0,4
SEJ,VTP,3.58,2
SEM,WADI,38.0,4
SEM,TDU,33.0,22
SES,ZW,44.0,2
SEU,SOD,53.0,2
SFC,TIG,28.0,6
SFW,SFY,27.0,6
SGAC,SWM,109.0,4
SGBJ,TLV,12.0,2
SGD,SOJN,7.0,11
SGD,SOA,10.0,1
SGDP,TGRL,17.0,2
SGKM,VVM,3.0,2
SGNR,SRW,47.0,4
SGO,VGLJ,219.0,14
SGR,UKC,13.0,1
SGR,SVX,24.0,4
SGS,TVI,7.0,5
SGUJ,SVQ,21.0,4
SGZ,SVA,13.0,14
SGZ,VMA,52.0,6
SHAN,WDR,7.0,1
SHC,SOU,27.0,2
SHDM,UMB,19.0,11
SHE,SRP,2.0,4
SHK,SRY,10.0,2
SHK,WRS,26.0,4
SHM,SRC,5.0,60
SHNR,UR,32.0,13
SHNR,TMX,15.0,4
SHRN,UJN,173.0,20
SHRN,SJP,70.0,16
SHU,WJR,15.0,11
SHZ,SML,3.0,6
SID,UJA,15.0,12
SIDG,SRNM,4.0,3
SINI,TATA,26.0,16
SIOB,SNLR,92.0,2
SIOB,VONB,7.0,2
SIOB,VG,182.0,2
SIPR,SWA,5.0,1
SIR,UMB,54.0,14
SJL,VJA,5.0,2
SJL,TEL,9.0,2
SJN,UBR,5.0,9
SJP,UJN,103.0,24
SJT,SRO,10.0,1
SKB,TDL,36.0,18
SKI,SSNS,3.0,1
SKI,UGNA,5.0,1
SKLI,TRDI,5.0,4
SKM,TNR,10.0,8
SKP,VKB,28.0,16
SKZR,WL,173.0,12
SL,UD,42.0,12
SL,TOK,5.0,2
SLD,TLAM,6.0,1
SLF,TIS,45.0,2
SLGE,TVL,8.0,3
SLGR,SRTN,16.0,6
SLI,VRB,2.0,1
SLI,STR,126.0,8
SLJ,TPH,30.0,1
SLN,ZBD,92.0,3
SLNA,SPJ,60.0,2
SLO,VSKP,150.0,33
SLO,VZM,198.0,2
SLO,TUNI,54.0,16
SLO,YLM,94.0,4
SLR,SOL,6.0,6
SLRA,SSN,7.0,2
SLS,STN,4.0,2
SLY,TPT,24.0,6
SMCP,SPTR,24.0,2
SMCP,TQM,12.0,4
SMD,TEN,19.0,6
SME,SMET,2.0,7
SMK,SNP,28.0,3
SML,SOL,50.0,4
SMPA,URML,7.0,2
SMVB,WFD,13.0,14
SMVB,TK,78.0,7
SMVB,YNK,21.0,4
SNDD,SWV,31.0,2
SNDD,THVM,64.0,2
SNI,TGP,8.0,3
SNI,WR,31.0,4
SNK,SNSL,6.0,4
SNM,VBL,12.0,6
SNN,WG,9.0,1
SNP,SZM,41.0,16
SNSL,VKH,5.0,4
SNT,SURI,20.0,6
SNT,TPF,21.0,2
SNT,UDL,73.0,2
SOGR,SXN,6.0,2
SORO,SZZ,9.0,2
SOU,SRGR,25.0,6
SPC,STP,4.0,3
SPE,TADA,12.0,2
SPJ,UJP,9.0,6
SPN,TLH,19.0,12
SPN,STP,91.0,6
SPRD,THV,9.0,8
SPRD,TKRI,81.0,2
SPX,TPK,10.0,5
SPYA,SSU,5.0,1
SRBA,URGA,7.0,2
SRC,ULB,25.0,13
SRE,YJUD,30.0,73
SRE,UMB,81.0,48
SRF,TLGP,15.0,6
SRGM,TPJ,12.0,25
SRGM,TPTN,4.0,2
SRGM,VRI,111.0,2
SRGM,VM,166.0,2
SRGT,VG,66.0,16
SRGT,SUNR,5.0,5
SRNK,UJH,31.0,4
SRNR,WPR,10.0,6
SRR,TIR,46.0,49
SRR,TCR,34.0,69
SRR,WKI,17.0,7
SRR,VPZ,9.0,2
SRT,VPT,27.0,50
SRT,TEN,86.0,3
SRTL,TUVR,10.0,11
SRWN,SZB,4.0,1
SSIA,TUL,7.0,2
SSIA,TRAN,11.0,2
SSNH,TTR,2.0,1
SSNS,TRS,3.0,1
SSPD,VKB,22.0,2
ST,VAPI,94.0,96
ST,UDN,4.0,26
ST,SYN,13.0,6
ST,URN,4.0,3
STA,UHR,21.0,14
STA,TZR,37.0,2
STL,TLB,3.0,4
STN,ULT,4.0,4
STR,WTR,26.0,6
SUAL,VID,10.0,2
SUD,TETA,8.0,4
SUJH,TLC,13.0,2
SUNR,WKR,75.0,49
SUNR,VG,64.0,74
SUNR,THAN,48.0,16
SUR,TKWD,7.0,4
SUR,WADI,149.0,2
SUR,TVL,34.0,1
SURI,UDL,54.0,4
SV,ZRDE,10.0,8
SV,THE,28.0,6
SV,SVC,3.0,2
SVHE,UBL,23.0,2
SVKS,TTL,3.0,6
SVKS,SVPR,17.0,15
SVKS,VPT,25.0,11
SVL,TAS,14.0,1
SVL,TBA,3.0,1
SVNR,YLG,9.0,2
SWR,TUX,6.0,4
SWV,ZARP,11.0,6
SWV,THVM,33.0,14
SY,VDL,6.0,11
SYM,VKN,10.0,2
SYN,UDN,18.0,2
TA,TIR,8.0,18
TAN,UJN,31.0,10
TAN,TJP,16.0,2
TBA,TUWA,9.0,1
TBM,TLM,7.0,2
TBM,VM,133.0,6
TBM,TPJ,311.0,2
TCR,WKI,16.0,23
TDN,TMQ,11.0,6
TDPR,VM,42.0,16
TDU,WADI,70.0,8
TDU,VKB,43.0,28
TEL,TSR,11.0,6
TEL,VJA,14.0,2
TEL,VTM,65.0,1
TEN,VPT,114.0,9
TEN,VLY,42.0,20
TEN,TME,59.0,2
TGN,VDN,4.0,3
TGP,WR,24.0,4
TGRL,TMKA,10.0,2
TGU,UPL,6.0,1
THAN,WKR,27.0,18
THAN,VD,10.0,1
THE,TOI,36.0,8
TIA,WZJ,18.0,2
TIBI,TLI,10.0,2
TIR,TUA,9.0,2
TIU,ULM,10.0,3
TJ,TPJ,50.0,29
TJ,TVR,55.0,5
TK,TTR,70.0,42
TK,YPR,66.0,62
TKBN,VP,4.0,6
TKMG,UDPR,20.0,2
TLD,WRC,36.0,1
TLD,URK,33.0,1
TLHD,TLHR,6.0,2
TLHR,TTPT,10.0,1
TME,TN,1.0,3
TMQ,VPT,25.0,8
TMR,TRO,20.0,16
TMR,TMS,6.0,4
TMV,VM,37.0,23
TMX,UR,16.0,8
TNI,TNM,16.0,1
TNL,ULG,22.0,10
TNM,TRK,34.0,8
TNM,VLR,83.0,19
TNM,VM,68.0,19
TOI,TRJ,9.0,1
TP,TPJ,4.0,5
TPJ,VRI,123.0,32
TPJ,TPTN,8.0,2
TPJ,TRB,10.0,2
TPJ,VM,178.0,4
TPTY,TPW,2.0,3
TPV,TRJ,4.0,1
TRK,VM,34.0,8
TRP,YVP,4.0,2
TTL,VPT,22.0,6
TTP,TVR,25.0,12
TU,YA,68.0,31
TUNI,YLM,40.0,14
TUNI,VSKP,97.0,2
TUP,UKL,13.0,3
TUV,VNB,8.0,2
TUWA,VKG,8.0,1
TVC,VAK,40.0,21
TVC,TVP,2.0,17
TVP,VAK,39.0,3
TWG,VVG,4.0,1
UBC,UMB,8.0,32
UBL,YLG,46.0,6
UBR,VAPI,28.0,2
UDL,UKA,12.0,2
UDN,VYA,56.0,8
UDZ,ZW,43.0,4
UDZ,UMRA,10.0,4
UJN,VRG,5.0,2
UKD,VDI,12.0,3
UKH,WDN,4.0,1
ULU,VM,36.0,2
ULU,VRI,19.0,2
UMB,YJUD,51.0,53
UMRA,ZW,33.0,4
URI,YT,13.0,1
URK,WRC,3.0,1
USD,VYA,18.0,2
UVD,VAPI,10.0,10
VBL,VZM,53.0,47
VDE,VKT,9.0,2
VDG,VNG,13.0,2
VID,VRLI,6.0,2
VKB,ZB,60.0,19
VKI,YLK,12.0,1
VKM,VM,8.0,1
VM,VRI,55.0,67
VR,VTN,8.0,5
VRH,YNRK,5.0,10
VRX,VU,9.0,2
VSKP,VZM,61.0,117
WADI,YG,39.0,28
YA,YGD,8.0,2
YNK,YPR,10.0,22
