station_name,station_code,state,railway_zone_code,latitude,longitude,is_junction,route_count,station_count_in_state
ATARIA,AA,Uttar Pradesh,NER,27.172457,80.861033,False,0,1205.0
AMBIKA BHAWANI HALT,AABH,Bihar,,25.751433665,84.9690033484,False,0,711.0
Amb Andora,AADR,Himachal Pradesh,,31.670727,76.110391,True,2,55.0
ANGAR,AAG,Maharashtra,,17.954256,75.599875,True,2,754.0
ITEHAR,AAH,Madhya Pradesh,NCR,26.562635,78.683783,False,0,614.0
ANKAI KILA,AAK,Maharashtra,,20.1831804301,74.4368553961,False,0,754.0
AMLAI,AAL,Madhya Pradesh,,23.173469,81.593507,True,19,614.0
Angadippuram,AAM,Kerala,SR,10.979489,76.20734300000001,True,2,183.0
AMBIAPUR,AAP,Uttar Pradesh,,26.515364,79.826878,False,0,1205.0
ADESAR,AAR,Gujarat,WR,23.5529783995,70.9720505023,False,0,633.0
ASRANADA,AAS,Rajasthan,,26.397374,73.30532500000001,True,4,645.0
Ambav,AAV,Gujarat,WR,,,False,0,633.0
ARALVAYMOZHI,AAY,Tamil Nadu,SR,8.2494513612,77.5292646945,True,6,557.0
AMBUR,AB,Tamil Nadu,,12.782934,78.721266,True,25,557.0
ABADA,ABB,West Bengal,,22.547877,88.19939199999999,False,0,713.0
AMBLI ROAD,ABD,Gujarat,,23.05437,72.494044,True,4,633.0
Ambikeshwar,ABE,Madhya Pradesh,NCR,26.368567,77.963828,False,0,614.0
Pattaravakkam,ABEO,Tamil Nadu,SR,13.114499981582952,80.16618146561086,False,0,557.0
AMBARI FALAKATA,ABFC,West Bengal,,26.641553,88.510593,True,2,713.0
ARBAGATTA HALT,ABGT,Karnataka,SWR,13.907468,76.13497100000001,False,0,416.0
AMBARNATH,ABH,Maharashtra,,19.210382000000003,73.184756,True,6,754.0
AMBATURAI,ABI,Tamil Nadu,,10.272226,77.924468,True,2,557.0
AMBIKA KALNA,ABKA,West Bengal,ER,23.211377,88.353984,True,15,713.0
AMBIKAPUR,ABKP,Chhattisgarh,SECR,23.137032,83.14510899999999,True,6,162.0
AMBALE,ABLE,Maharashtra,CR,18.398719,74.171511,False,1,754.0
ASTHAL BOHAR,ABO,Haryana,NR,28.857765,76.629155,False,0,201.0
AKBARPUR,ABP,Uttar Pradesh,,26.429818,82.539073,True,39,1205.0
ABU ROAD,ABR,Rajasthan,NWR,24.470775,72.775695,True,93,645.0
ABOHAR,ABS,Punjab,NR,30.1393834225,74.19568617739999,True,17,297.0
Ambassa,ABSA,Tripura,NFR,23.930507,91.860783,False,0,17.0
AMBATTUR,ABU,Tamil Nadu,,13.1143059808,80.1525249074,False,0,557.0
Abutara Halt,ABW,West Bengal,NFR,26.0707762,89.5868746,False,0,713.0
AMBARI,ABX,Maharashtra,SCR,19.6893606972,78.2166847791,False,0,754.0
AMBIVLI,ABY,Maharashtra,,19.267587,73.17171,False,0,754.0
Adgaon Buzurg,ABZ,Maharashtra,SCR,21.123876,76.955924,True,4,754.0
A-CABIN BONDAMUNDA,ACAB,Odisha,,22.23969,84.945577,False,0,235.0
ACHEGAON,ACG,Maharashtra,,20.976217,75.934247,False,0,754.0
Achalganj,ACH,Uttar Pradesh,NR,26.444642,80.54541499999999,False,0,1205.0
ACHARAPAKKAM,ACK,Tamil Nadu,,12.406776,79.821722,False,0,557.0
ANCHELI,ACL,Gujarat,WR,20.845167,72.944978,True,5,633.0
AZIMGANJ CITY,ACLE,West Bengal,ER,24.237941,88.25887100000001,True,2,713.0
ADHICHCHANUR,ACN,Tamil Nadu,,12.05415,79.182478,False,0,557.0
ACHARYA NARENDRA DEV NAGAR,ACND,Uttar Pradesh,,26.774576,82.156997,True,13,1205.0
ACHUARA HALT,ACU,Bihar,,25.45273,85.661087,False,0,711.0
ADONI,AD,Andhra Pradesh,,15.617035,77.27485,True,54,574.0
ADILABAD,ADB,Andhra Pradesh,SCR,19.680104,78.535285,True,10,574.0
ADAS ROAD,ADD,Gujarat,,22.486628078200003,73.0346944543,True,4,633.0
ADARI ROAD,ADE,Gujarat,WR,20.986794999999997,70.330818,False,0,633.0
ADINA,ADF,West Bengal,,25.114396999999997,88.12318,True,2,713.0
ANDHERI,ADH,Maharashtra,WR,19.1174289,72.84685300000001,True,26,754.0
ADIHALLI,ADHL,Karnataka,SWR,13.2834201678,76.3472840454,False,0,416.0
AHMEDABAD JN,ADI,Gujarat,,23.025515,72.601516,True,255,633.0
AHMEDABAD JN,ADIJ,Gujarat,,23.025715,72.60171600000001,False,1,633.0
ANDUL,ADL,West Bengal,,22.575169,88.239643,True,4,713.0
Adhikari,ADQ,Eastern Region,,26.57689211,88.16988226000001,True,2,2.0
Mandi Adampur,ADR,Haryana,NWR,29.283136,75.468851,True,2,201.0
ADRA JN,ADRA,West Bengal,SER,23.495992,86.67466499999999,True,44,713.0
ADRA EAST CABIN,ADRE,West Bengal,,23.492772,86.69287100000001,False,0,713.0
ADSR,ADSR,Bihar,,24.909345,84.19221399999999,False,0,711.0
ADI SAPTAGRAM,ADST,West Bengal,,22.95447,88.378872,False,1,713.0
ADUTURAI,ADT,Tamil Nadu,SR,11.009165,79.478668,True,6,557.0
ADHARTAL,ADTL,Madhya Pradesh,WCR,23.227389,79.972274,True,4,614.0
ADITYAPUR,ADTP,Jharkhand,,22.782212,86.158954,True,10,270.0
ADAVALI,ADVI,Maharashtra,KR,16.921753,73.592514,True,6,754.0
ADAPUR,ADX,Central Region,,26.924721,84.941759,False,0,7.0
Amreli,AE,Gujarat,WR,21.607831,71.228012,False,0,633.0
AULENDA,AED,Uttar Pradesh,NCR,27.029152,77.612583,True,2,1205.0
ANANT PAITH,AEH,Madhya Pradesh,,25.955389501299997,78.2761320917,False,0,614.0
ARNEJ,AEJ,Gujarat,WR,22.582088,72.268322,False,0,633.0
Anekal Road,AEK,Karnataka,SWR,12.723885,77.71072699999999,False,0,416.0
Ateli,AEL,Haryana,NWR,28.100118,76.25310499999999,True,2,201.0
Amreli Para,AEP,Gujarat,WR,21.6079811042,71.2281676154,False,0,633.0
Adderi,AEX,Karnataka,,14.141045,75.157978,False,0,416.0
AGRA FORT,AF,Uttar Pradesh,,27.183308,78.0191,True,52,1205.0
ANGAMALI,AFK,Kerala,,10.183676,76.37786,True,44,183.0
ASAFPUR,AFR,Uttar Pradesh,NR,28.405553,78.905957,True,4,1205.0
Aranghata,AG,West Bengal,ER,23.242037,88.613551,False,0,713.0
AGRA CITY,AGA,Uttar Pradesh,,27.1945731,78.0157752,True,8,1205.0
AGRADWIP,AGAE,West Bengal,ER,23.58096,88.22611699999999,False,0,713.0
AMBAGAON,AGB,Chhattisgarh,ECoR,19.062527,82.239507,True,2,162.0
AGRA CANTT,AGC,Uttar Pradesh,,27.157992,77.990153,True,154,1205.0
Angadi,AGCI,Gujarat,WR,22.806751,73.282558,False,0,633.0
AGASOD,AGD,Madhya Pradesh,,24.234023,78.216912,True,3,614.0
AGRAN DHULGAON,AGDL,Maharashtra,CR,16.966118,74.924993,False,0,754.0
Angai,AGE,Rajasthan,NCR,26.606593,77.46692,False,0,645.0
AMGURI,AGI,Assam,NFR,26.812601,94.524011,True,10,278.0
AMARGOL,AGL,Karnataka,SWR,15.4117921224,75.09820837459999,True,2,416.0
AGARAM SIBBANDI,AGM,Tamil Nadu,,12.414388,79.11334699999999,False,0,557.0
Agomoni,AGMN,Assam,,26.225947,89.786242,True,2,278.0
AMGAON,AGN,Maharashtra,,21.3612928554,80.3746491022,True,14,754.0
AGARPARA,AGP,West Bengal,,22.682505000000003,88.384761,False,0,713.0
ASIRGARH ROAD,AGQ,Madhya Pradesh,CR,21.378418,76.268065,False,0,614.0
AMARGARH,AGR,Madhya Pradesh,,23.080689,74.747038,True,4,614.0
AGTHORI,AGT,Assam,,26.20089324,91.686006,False,0,278.0
Agartala,AGTL,Tripura,NFR,23.792417,91.278481,False,0,17.0
Agauthar Halt,AGTR,Bihar,,26.0081455466,84.8437572205,False,0,711.0
ANGUA,AGV,Odisha,,21.892581999999997,87.26992299999999,False,0,235.0
AGORI KHAS,AGY,Uttar Pradesh,NCR,24.59896,83.056105,True,5,1205.0
AMAGURA,AGZ,Chhattisgarh,ECoR,19.068103,82.147342,True,2,162.0
ACHHNERA JN,AH,Uttar Pradesh,,27.1817602284,77.7578389026,True,33,1205.0
ABHAIPUR,AHA,Bihar,,25.2159864584,86.32307245909999,True,53,711.0
AHERWADI,AHD,Karnataka,SWR,17.504915,75.99559,True,2,416.0
AHMADGARH,AHH,Punjab,NR,30.683642000000003,75.829518,True,9,297.0
ASHTI,AHI,Maharashtra,CR,17.8447367757,75.4030697949,False,0,754.0
AHJU,AHJU,Himachal Pradesh,NR,32.02843,76.690156,False,0,55.0
AJHARAIL,AHL,West Bengal,,25.781637999999997,87.848322,False,0,713.0
AHALYAPUR,AHLR,Uttar Pradesh,,26.468381,83.824844,True,2,1205.0
AHIMANPUR,AHM,Uttar Pradesh,NER,25.252404,82.511544,False,0,1205.0
ADARSH MANPUR,AHMP,Bihar,,25.1344757598,85.91106267820001,False,0,711.0
AHIRAN,AHN,West Bengal,ER,24.517687,88.04112500000001,True,2,713.0
ADARSHNAGAR,AHO,Rajasthan,NWR,26.4115799308,74.653432493,False,0,645.0
AHERA HALT,AHQ,Uttar Pradesh,NR,28.926421,77.27862400000001,False,0,1205.0
Ahirauli,AHU,Uttar Pradesh,NER,27.30686,83.03422499999999,False,0,1205.0
ADHINPUR,AHZ,Uttar Pradesh,,26.418478,81.726848,False,0,1205.0
ADIPUR,AI,Gujarat,WR,23.077052700000003,70.0786586,True,12,633.0
AJARAKA,AIA,Rajasthan,NWR,27.959391,76.56420899999999,True,2,645.0
ALGAWAN,AIG,Uttar Pradesh,,27.700598000000003,79.963236,True,2,1205.0
ALAWALPUR I PUR,AIH,Uttar Pradesh,NR,29.0477960432,77.27163889890001,False,0,1205.0
AJMER JN,AII,Rajasthan,NWR,26.456612,74.63746400000001,True,125,645.0
AILAM,AILM,Uttar Pradesh,NR,29.2719947091,77.2915349414,False,0,1205.0
ATTIPPATTU,AIP,Tamil Nadu,,13.2611631708,80.2889459058,False,0,557.0
ATTIPPATTU PUDU NAGAR,AIPP,Tamil Nadu,,13.249326,80.299606,False,0,557.0
ALINDRA ROAD,AIR,Gujarat,,22.440575,73.239854,False,0,633.0
AIT,AIT,Uttar Pradesh,,25.903719,79.230436,True,11,1205.0
AJGAIN,AJ,Uttar Pradesh,,26.61721,80.62098800000001,False,1,1205.0
ANJAR,AJE,Gujarat,WR,23.1194723,70.0366109,True,10,633.0
AJHAI,AJH,Uttar Pradesh,,27.63615,77.55842299999999,False,0,1205.0
ANJHI SHAHABAD,AJI,Uttar Pradesh,,27.643994,79.973314,True,15,1205.0
AJIT,AJIT,Rajasthan,NWR,25.86007697,72.67795462,False,0,645.0
ARAKKONAM,AJJ,Tamil Nadu,,13.081512,79.667991,True,110,557.0
ARAKKONAM JN NORTH,AJJN,Tamil Nadu,,13.086445,79.64842900000001,False,0,557.0
AJAKOLLU,AJK,Telangana,,16.3467833327,77.8736361627,False,1,150.0
AJITKHERI,AJKI,Madhya Pradesh,WR,23.040004,76.045323,False,0,614.0
Ajitwal,AJL,Punjab,NR,30.807611,75.33981800000001,False,0,297.0
AZIMGANJ JN CABIN,AJLE,West Bengal,,24.23827,88.257363,False,0,713.0
Adraj Moti,AJM,Gujarat,WR,23.258801,72.565608,False,0,633.0
Ajnod,AJN,Madhya Pradesh,WR,22.931326,75.738947,True,2,614.0
AJNI,AJNI,Maharashtra,,21.1268588122,79.0825197485,True,17,754.0
AJJAMPUR,AJP,Karnataka,SWR,13.7283327,76.0097415,True,3,416.0
AJAIBPUR,AJR,Uttar Pradesh,,28.4728347205,77.59373730349999,False,0,1205.0
AUJARI,AJRE,Assam,NFR,26.1446457224,92.266800144,True,2,278.0
AJITGILL MATTA,AJTM,Punjab,NR,30.483469,74.863795,False,0,297.0
Arjuni,AJU,Maharashtra,SECR,20.8165878335,80.022581618,True,2,754.0
ABJUGANJ,AJUG,Bihar,,25.242369,86.775451,False,0,711.0
AKOLA JN,AK,Maharashtra,,20.723084,77.005497,True,113,754.0
AKKAMPET,AKAT,Andhra Pradesh,,13.6491060718,80.0188634064,False,0,574.0
AKODIA,AKD,Madhya Pradesh,,23.378255,76.599245,True,19,614.0
AKANAPET,AKE,Andhra Pradesh,SCR,18.110863,78.39630899999999,True,8,574.0
ADARKI,AKI,Maharashtra,CR,17.918333,74.189651,False,0,754.0
AKBARGANJ,AKJ,Uttar Pradesh,,26.531456,81.501628,True,6,1205.0
Akkihebbalu,AKK,Karnataka,SWR,12.62489,76.37759799999999,False,0,416.0
Anakhol,AKL,Gujarat,WR,23.2764584,72.4100828,False,0,633.0
ARAMBAKKAM,AKM,Tamil Nadu,,13.532686,80.074371,False,0,557.0
AKBARNAGAR,AKN,Bihar,,25.2348807669,86.8345333624,True,18,711.0
ADHYATMIK NAGAR,AKNR,Uttar Pradesh,,28.679874,77.49972700000001,False,0,1205.0
AKALKOT ROAD,AKOR,Maharashtra,,17.450243,76.13768900000001,True,6,754.0
Akot,AKOT,Maharashtra,SCR,21.095661,77.047217,True,4,754.0
ANAKAPALLE,AKP,Andhra Pradesh,,17.695503,83.00885099999999,True,67,574.0
AKOLNER,AKR,Maharashtra,,18.985409,74.66906999999999,True,6,754.0
Akra,AKRA,West Bengal,ER,22.514668,88.249021,False,0,713.0
AKURDI,AKRD,Maharashtra,,18.64812,73.76424399999999,True,3,754.0
ANKUSPUR,AKS,Uttar Pradesh,NER,25.5713190547,83.4940121521,False,0,1205.0
AKALTARA,AKT,Chhattisgarh,,22.029121,82.422049,True,25,162.0
ANGALAKUDURU,AKU,Andhra Pradesh,SCR,16.245325,80.609091,True,2,574.0
ANKLESHWAR JN,AKV,Gujarat,,21.623889,73.000633,True,73,633.0
AKIVIDU,AKVD,Andhra Pradesh,SCR,16.582653999999998,81.36905499999999,True,25,574.0
Akora,AKW,Uttar Pradesh,NCR,25.613687,80.139995,False,0,1205.0
AKKURTI,AKY,Andhra Pradesh,,13.7828960127,79.6686416895,False,0,574.0
Akashi,AKZ,Jharkhand,SER,23.3851244008,84.8877858557,False,0,270.0
ATTILI,AL,Andhra Pradesh,SCR,16.680149999999998,81.61636,True,14,574.0
ALAI,ALAI,Rajasthan,,27.337097,73.58576799999999,True,2,645.0
ALAL,ALAL,Punjab,,30.378176,75.72420699999999,False,0,297.0
ALIA BADA,ALB,Gujarat,WR,22.44677,70.210367,True,6,633.0
ALLAHABAD JN,ALD,Uttar Pradesh,,25.446241,81.828816,True,197,1205.0
ALER,ALER,Telangana,,17.6459553,79.04834140000001,True,18,150.0
Algapur,ALGP,Assam,?,24.754753,92.595918,False,0,278.0
ALAI,ALJ,Uttarakhand,NER,29.143806,78.932709,False,1,46.0
ALIGARH JN,ALJN,Uttar Pradesh,,27.889584,78.074559,True,73,1205.0
ALAKKUDI,ALK,Tamil Nadu,SR,10.77766297,79.0537095,False,0,557.0
ALAL,ALL,Punjab,NR,30.377725,75.72074952000001,False,0,297.0
ALLEPPEY,ALLP,Kerala,,9.483759,76.32247600000001,True,49,183.0
ALAMANDA,ALM,Andhra Pradesh,,18.012510000000002,83.271604,True,4,574.0
ALAMPUR,ALMR,Gujarat,WR,21.944013,71.699156,True,6,633.0
ALMAW,ALMW,Uttar Pradesh,NER,25.259915,82.489941,False,0,1205.0
ALANDI,ALN,Maharashtra,CR,18.451229,74.09309499999999,False,1,754.0
ALNIYA,ALNI,Rajasthan,,25.0316757156,75.90874587280001,False,1,645.0
Akelahanspur Halt,ALNP,Uttar Pradesh,NER,28.34054,80.31557099999999,False,0,1205.0
ALAPAKAM,ALP,Tamil Nadu,SR,11.6178033436,79.7272273724,False,0,557.0
ALAMPUR ROAD,ALPR,Telangana,,15.895657,78.047012,False,1,150.0
Amlori Sarsar,ALS,Bihar,NER,26.2947140024,84.3455775659,False,0,711.0
ARIYALUR,ALU,Tamil Nadu,,11.150035,79.06831799999999,True,27,557.0
Alur Halt,ALUR,Karnataka,SWR,12.98251226,75.99049337,False,0,416.0
Anklav,ALV,Gujarat,WR,22.392856,72.999264,False,0,633.0
ALWAL,ALW,Andhra Pradesh,SCR,17.505779,78.515006,True,2,574.0
ALLAHABAD CITY,ALY,Uttar Pradesh,NER,25.44241,81.829736,True,25,1205.0
ATAMANDA,AMA,Uttar Pradesh,NER,28.58606,79.468143,False,0,1205.0
AMBODALA,AMB,Odisha,,19.8363234649,83.45635247989999,True,20,235.0
Ambika Rohina,AMBR,Maharashtra,SCR,18.442254377900003,76.9437206531,True,2,754.0
Amritapura,AMC,Karnataka,SWR,14.1395487324,76.24556342560001,True,2,416.0
Amdi Halt,AMDI,Maharashtra,SECR,21.352410000000003,79.31875600000001,False,0,754.0
AMETHI,AME,Uttar Pradesh,,26.153024,81.806276,True,47,1205.0
ALAMNAGAR,AMG,Uttar Pradesh,,26.84708,80.86031200000001,True,14,1205.0
AMJONGA,AMGA,Assam,,25.9816211386,90.8529670435,False,0,278.0
AZAMGARH,AMH,Uttar Pradesh,,26.038607,83.160614,True,26,1205.0
Amravati,AMI,Maharashtra,CR,20.9300829,77.7577863,True,11,754.0
AMIN,AMIN,Haryana,,29.904968,76.900028,False,0,201.0
Amin Gaon,AMJ,Assam,NFR,,,False,0,278.0
AMALSAD,AML,Gujarat,WR,20.811373000000003,72.956092,True,13,633.0
AMLA JN,AMLA,Madhya Pradesh,,21.919717,78.123187,True,44,614.0
AMLI,AMLI,Rajasthan,,25.828156,76.286156,True,4,645.0
AMLO,AMLO,Jharkhand,ECR,23.768893,85.98023400000001,False,0,270.0
Amalpur,AMLP,Gujarat,WR,22.161144,73.508313,False,0,633.0
AMALA NAGAR,AMLR,Kerala,SR,10.561834,76.171838,False,0,183.0
AMLX,AMLX,,,,,False,0,
Atirampattinam,AMM,Tamil Nadu,SR,10.332285228976446,79.38580758869648,False,0,557.0
Ammanur,AMNR,Tamil Nadu,SR,,,False,0,557.0
Amolwa,AMO,Bihar,ECR,27.211161,84.478487,False,0,711.0
Amod,AMOD,Gujarat,WR,21.990791167399735,72.86546467803419,False,0,633.0
AHMADPUR JN,AMP,West Bengal,,23.8325090573,87.6928410938,True,23,713.0
AMBALAPUZHA,AMPA,Kerala,SR,9.386059,76.363817,True,20,183.0
AMMAPALLI HALT,AMPL,Bihar,,25.2724414889,87.4585745682,False,0,711.0
AMARPURA RATHAN,AMPR,Rajasthan,NWR,29.483399,74.078953,True,2,645.0
AMMUGUDA,AMQ,Andhra Pradesh,SCR,17.487039,78.527215,True,2,574.0
ANAJ MANDI,AMRI,Haryana,,28.187505,76.605319,False,0,201.0
AMROHA,AMRO,Uttar Pradesh,,28.892688,78.474329,True,42,1205.0
AMAUSI,AMS,Uttar Pradesh,,26.77443,80.841544,False,1,1205.0
AMMASANDRA,AMSA,Karnataka,SWR,13.264571,76.71148570000001,True,6,416.0
AMMAPET,AMT,Tamil Nadu,SR,10.779506,79.31573800000001,False,0,557.0
LUCKNOW ALAMBAGH,AMV,Uttar Pradesh,,26.794514000000003,80.87313999999999,False,0,1205.0
AMARAVILA HALT,AMVA,Kerala,SR,8.397108999999999,77.10036199999999,False,0,183.0
AMAN VADI,AMW,Maharashtra,SCR,20.300507,77.065281,False,0,754.0
Amlakhurd,AMX,Madhya Pradesh,SCR,21.510235,76.65068500000001,True,4,614.0
AKATHUMURI,AMY,Kerala,,8.70031,76.758792,True,2,183.0
AMALNER,AN,Maharashtra,,21.049009,75.057314,True,40,754.0
ASLANA,ANA,Madhya Pradesh,,23.860522,79.319493,True,3,614.0
AUNTA HALT,ANAH,Bihar,,25.3804334414,85.94936398009999,False,0,711.0
ANAS,ANAS,Gujarat,,22.866009,74.421513,True,4,633.0
AMMANABROLU,ANB,Andhra Pradesh,,15.596402,80.148353,True,8,574.0
Annechakanahali,ANC,Karnataka,SWR,12.7379,76.282814,False,0,416.0
ANCHURI,ANCR,West Bengal,SER,23.283904,86.993174,False,0,713.0
ANDAMPALIAM,AND,Tamil Nadu,SR,12.08842638,79.16898527,False,0,557.0
ADARSH NAGAR DELHI,ANDI,NCT,,28.714205,77.16670699999999,True,5,18.0
Anand Nagar,ANDN,Uttar Pradesh,NER,27.103714,83.270698,True,4,1205.0
ANANTARAJUPET,ANE,Andhra Pradesh,,13.999592,79.30246799999999,True,2,574.0
Anandapuram,ANF,Karnataka,SWR,14.073324,75.209164,True,6,416.0
AHMADNAGAR,ANG,Maharashtra,,19.0755194777,74.721882467,True,58,754.0
ANGUL,ANGL,Odisha,,20.859445,85.099994,True,43,235.0
Aungari Dham,ANGM,Bihar,,25.1913324416,85.2261571069,False,0,711.0
ANGADGERI HALT,ANGR,Karnataka,SWR,16.451873659999997,75.84589116000001,False,0,416.0
ANKORAH AKORHA,ANH,Bihar,,24.761166999999997,84.169539,True,10,711.0
Ajanti,ANI,Madhya Pradesh,WR,21.893954,76.285956,True,4,614.0
Anjangaon,ANJ,Maharashtra,CR,21.163199753077336,77.31896504759789,False,0,754.0
ANGARPATHRA HALT,ANJE,Jharkhand,,23.793062,86.319368,False,0,270.0
ANKAI,ANK,Maharashtra,,20.1510279143,74.4697560736,True,8,754.0
Anakhi,ANKI,Gujarat,WR,,,False,0,633.0
ANKOLA,ANKL,Karnataka,KR,14.645347,74.332936,True,10,416.0
ANAIMALAI ROAD,ANM,Tamil Nadu,,10.624894,76.935071,False,0,557.0
ARANG MAHANADI,ANMD,Chhattisgarh,,21.189614,81.955513,True,2,162.0
ANAND JN,ANND,Gujarat,,22.561307,72.965733,True,169,633.0
ANNANUR,ANNR,Tamil Nadu,,13.116018,80.126743,False,0,557.0
ANJANI,ANO,Maharashtra,KR,17.620604999999998,73.399308,True,4,754.0
ANANDTANDAVPUR,ANP,Tamil Nadu,SR,11.143966349,79.6576745148,False,0,557.0
ANUPALEM,ANPM,Andhra Pradesh,,16.469897,79.962595,False,0,574.0
Anpara,ANPR,Uttar Pradesh,ECR,24.217386,82.766166,True,3,1205.0
AMNAPUR,ANQ,Maharashtra,,17.049464999999998,74.459554,False,0,754.0
ANARA,ANR,West Bengal,SER,23.481082,86.559763,True,17,713.0
ANANDPUR SAHIB,ANSB,Punjab,,31.2305136,76.50060350000001,True,10,297.0
Anantnag,ANT,Jammu and Kashmir,NR,33.738534244499846,75.10713108815253,True,2,16.0
ANTU,ANTU,Uttar Pradesh,,26.055162063100003,81.8977879919,True,13,1205.0
ANANGUR,ANU,Tamil Nadu,,11.39694,77.820053,False,0,557.0
ANNAVARAM,ANV,Andhra Pradesh,,17.269633,82.41967700000001,True,49,574.0
ANAND VIHAR,ANVR,Uttar Pradesh,,28.6486144,77.3140236,True,79,1205.0
ANAND VIHAR TRM,ANVT,Uttar Pradesh,,28.6505035654,77.31521255,True,53,1205.0
Anawal,ANW,Gujarat,WR,,,False,0,633.0
Arumuganeri,ANY,Tamil Nadu,SR,8.579144,78.091842,True,2,557.0
AONLA,AO,Uttar Pradesh,NR,28.296051,79.16915,True,20,1205.0
ARAON,AON,Uttar Pradesh,NCR,27.114343,78.692248,False,0,1205.0
Amoni,AONI,Assam,NFR,26.448121,92.919609,True,2,278.0
ARGORA,AOR,Jharkhand,,23.347039,85.314358,False,0,270.0
ASHOKAPURAM,AP,Karnataka,SWR,12.273762,76.635315,True,2,416.0
AMARPURA,APA,Rajasthan,NWR,26.110973,74.249302,True,2,645.0
ANUPPAMBATTU,APB,Tamil Nadu,,13.304293,80.23076900000001,False,0,557.0
ALIPURDUAR COLLEGE,APCH,West Bengal,,26.5016791611,89.5274862292,False,0,713.0
Alipur Duar,APD,West Bengal,NFR,26.479307,89.520667,True,2,713.0
Alipur Duar Court,APDC,West Bengal,NFR,26.499255,89.526808,False,0,713.0
ALIPUR DUAR JN,APDJ,West Bengal,NFR,26.523279,89.534048,True,28,713.0
ANDANAPPETTAI,APE,Tamil Nadu,SR,10.758823,79.84409600000001,False,0,557.0
ANUPGANJ,APG,Uttar Pradesh,,26.757292,81.126093,False,0,1205.0
ANUPGARH,APH,Rajasthan,NWR,29.1968977,73.2045643,False,0,645.0
Akkaraippatti,API,Tamil Nadu,,10.3998079865,77.92262799379999,True,2,557.0
Amarpur Jorasi,APJ,Rajasthan,NWR,28.02178,76.07610899999999,False,0,645.0
Aruppukkottai,APK,Tamil Nadu,,9.524631681,78.10189147,True,2,557.0
APPIKATLA,APL,Andhra Pradesh,,15.970371,80.514466,True,2,574.0
AYODHYAPATTANAM,APN,Tamil Nadu,,11.671392,78.233642,True,2,557.0
Ambapendarpur Halt,APP,Bihar,,25.2669627882,85.5297094055,False,0,711.0
ADITPARA,APQ,Gujarat,,21.67359117,69.6779178894,False,0,633.0
ANUPPUR JN,APR,Madhya Pradesh,,23.117312,81.695967,True,59,614.0
Ashapurna Devi,APRD,West Bengal,,21.727401,87.638201,False,0,713.0
Alehpur Halt,APRH,Bihar,,26.2094647257,84.78898557980001,False,0,711.0
ANAPARTI,APT,Andhra Pradesh,,16.935817,81.953181,True,24,574.0
APTA,APTA,Maharashtra,CR,18.863471,73.152629,True,4,754.0
Anipur,APU,Assam,NFR,24.545736,92.434527,False,0,278.0
ASHAPURA GOMAT,AQG,Rajasthan,NWR,26.950232,71.892665,True,11,645.0
AQX,AQX,,,,,False,0,
ARA,ARA,Bihar,,25.548889,84.66259600000001,True,80,711.0
ARAG,ARAG,Maharashtra,CR,16.823628,74.79116400000001,True,2,754.0
ARUNACHAL,ARCL,Assam,NFR,24.855593,92.742995,False,0,278.0
AMARDA ROAD,ARD,Odisha,,21.734258,87.102374,True,2,235.0
ARNETHA,ARE,Rajasthan,,25.3897784806,76.01867416990001,True,2,645.0
ANGAR GHAT,ARG,Bihar,,25.795385,85.907174,False,0,711.0
ARIGADA,ARGD,Jharkhand,ECR,23.643461,85.466475,False,1,270.0
ARGUL,ARGL,Odisha,,20.12442672,85.67088007,False,0,235.0
ARALAGUPPE,ARGP,Karnataka,SWR,13.253132,76.615439,False,0,416.0
AMHERA,ARH,Uttar Pradesh,NR,29.26223824,78.28580221,False,0,1205.0
ANTRI,ARI,Madhya Pradesh,,26.0352337224,78.2266994458,False,0,614.0
AUNRIHAR JN,ARJ,Uttar Pradesh,NER,25.54466,83.18727200000001,True,39,1205.0
Arakku,ARK,Andhra Pradesh,ECoR,18.333991,82.86256,True,2,574.0
Arkha,ARKA,Uttar Pradesh,NR,25.867316,81.331277,False,0,1205.0
AROUL,ARL,Uttar Pradesh,,26.920662,80.01863300000001,False,0,1205.0
ARAND,ARN,Chhattisgarh,,21.102097,82.183013,True,2,162.0
ARNIA,ARNA,Rajasthan,,27.0101287751,76.5171796234,True,2,645.0
Arunnagar,ARNG,Maharashtra,,20.7084913199,79.9789721362,False,0,754.0
Arjunahalli,ARNH,Karnataka,SWR,12.512857,76.391729,False,0,416.0
AROOR HALT,AROR,Kerala,,9.8791031,76.30283299999999,False,0,183.0
Atrampur,ARP,Uttar Pradesh,NR,25.572021,81.745663,False,0,1205.0
AREPALLI HALT,ARPL,Telangana,,16.270533999999998,77.862369,False,1,150.0
ARARIYA COURT,ARQ,Bihar,,26.114921,87.446912,True,4,711.0
ARARIYA,ARR,Bihar,,26.1371182668,87.41199809689999,False,0,711.0
ARASUR,ARS,Tamil Nadu,SR,11.270467,79.72470399999999,False,0,557.0
Arasalu,ARU,Karnataka,SWR,13.999308999999998,75.314466,False,0,416.0
ARNI ROAD,ARV,Tamil Nadu,SR,12.630801,79.209033,True,8,557.0
Arvi,ARVI,Maharashtra,CR,20.9928709,78.223256,False,0,754.0
AHRAURA ROAD,ARW,Uttar Pradesh,,25.1965007241,83.0188834607,True,3,1205.0
Areli,ARX,Uttar Pradesh,NER,28.0190183,79.885622,False,0,1205.0
ARJANSAR,AS,Rajasthan,NWR,28.933796,73.87196899999999,True,4,645.0
ASIFABAD ROAD,ASAF,Telangana,,19.256682,79.416719,True,2,150.0
ASAN,ASAN,Haryana,NR,29.40129,76.882594,False,0,201.0
ASRA HALT,ASAR,Uttar Pradesh,,29.2497607742,77.29144328,False,0,1205.0
ASANBONI,ASB,Jharkhand,,22.712394,86.313908,False,0,270.0
ATHSARAI,ASCE,Uttar Pradesh,,25.678728805,81.2620300824,False,0,1205.0
ASAUDAH,ASE,Haryana,NR,28.73653776,76.85877285,False,0,201.0
AISHBAGH,ASH,Uttar Pradesh,,26.8373880081,80.90960679930001,True,5,1205.0
Arseni,ASI,Uttar Pradesh,NR,27.243104,80.39386,False,0,1205.0
AMAR SAHEED JAGDEV P HALT,ASJP,Bihar,,25.560087000000003,84.409699,False,0,711.0
ARSIKERE JN,ASK,Karnataka,SWR,13.314425,76.2520848,True,62,416.0
ASHOK NAGAR,ASKN,Madhya Pradesh,,24.58015,77.726725,True,28,614.0
ASLAODA,ASL,Madhya Pradesh,,23.231264309,75.60816015629999,True,3,614.0
Aslu,ASLU,Rajasthan,NWR,28.368988,75.07484199999999,False,0,645.0
Asarma,ASM,Gujarat,WR,21.458933,73.0643576,False,0,633.0
ASANSOL JN,ASN,West Bengal,,23.691441,86.975152,True,190,713.0
ASANSOL EAST,ASNE,West Bengal,,23.686432,86.991176,False,0,713.0
ASANGAON,ASO,Maharashtra,,19.439278,73.307859,False,0,754.0
ASPARI,ASP,Andhra Pradesh,,15.454804,77.356253,False,0,574.0
AMRITSAR JN,ASR,Punjab,,31.631511999999997,74.858025,True,82,297.0
AISHBAGH,ASSH,Uttar Pradesh,,26.836088,80.908616,False,0,1205.0
ASAOTI,AST,Haryana,,28.250878,77.323569,True,5,201.0
Astegaon,ASTG,Maharashtra,,21.296402,77.927221,False,0,754.0
ASARVA JN,ASV,Gujarat,WR,23.043981,72.612937,True,2,633.0
ASNOTI,AT,Karnataka,KR,14.876286,74.147683,True,2,416.0
ATA,ATA,Uttar Pradesh,,26.0445422657,79.5991430011,False,0,1205.0
Alattambadi,ATB,Tamil Nadu,SR,10.6051907,79.640233,False,0,557.0
ARTS COLLEGE,ATC,Telangana,,17.418129999999998,78.51966499999999,False,0,150.0
Atladara,ATDA,Gujarat,WR,,,False,0,633.0
ATARRA,ATE,Uttar Pradesh,NCR,25.291367,80.576491,True,19,1205.0
ATGAON,ATG,Maharashtra,,19.5031813038,73.3276912396,False,0,754.0
ANTAH,ATH,Rajasthan,WCR,25.1611771,76.3072684,True,8,645.0
Atwa Kursath,ATKS,Uttar Pradesh,NR,27.134570267199997,80.2672099268,False,0,1205.0
ATHMAL GOLA,ATL,Bihar,,25.4530149778,85.6213724115,True,18,711.0
ALTAGRAM,ATM,West Bengal,,26.608131,88.946682,False,0,713.0
AITHAL,ATMO,Uttarakhand,NR,29.8079295893,78.0436230264,True,8,46.0
AWATAR NAGAR,ATNR,Bihar,,25.764396,84.956774,True,2,711.0
ANANTAPUR,ATP,Andhra Pradesh,,14.686478,77.59531199999999,True,76,574.0
Arantangi,ATQ,Tamil Nadu,SR,10.16446905696374,78.99684813804924,False,0,557.0
Attar,ATR,Madhya Pradesh,WR,21.998734,76.204918,True,4,614.0
ATRAURA,ATRR,Uttar Pradesh,NER,25.316112,82.314016,False,0,1205.0
ATRU,ATRU,Rajasthan,WCR,24.8821354,76.6702185,True,4,645.0
ATTABIRA,ATS,Odisha,,21.388039,83.792637,True,6,235.0
ATARI,ATT,Punjab,NR,31.594934,74.607241,True,2,297.0
ATTUR,ATU,Tamil Nadu,,11.594788,78.592092,True,6,557.0
ATUL,ATUL,Gujarat,WR,20.544593354,72.9271335858,True,2,633.0
Atwa Muthia Halt,ATW,Uttar Pradesh,NR,27.27399,80.415479,False,0,1205.0
Alinagar Tola,ATX,Bihar,ECR,,,False,0,711.0
ALUABARI ROAD,AUB,West Bengal,,26.269681,88.18561000000001,True,24,713.0
ANUGRAHA NARAYAN ROAD,AUBR,Bihar,,24.8559556,84.3298444,True,35,711.0
Aurahi,AUI,Bihar,ECR,25.823021,87.135054,False,0,711.0
AGSAULI,AUL,Uttar Pradesh,,27.705677,78.44455300000001,False,0,1205.0
Aurang Nagar,AUN,Haryana,,29.043935,75.974542,False,0,201.0
AUNG,AUNG,Uttar Pradesh,,26.16423,80.544495,False,0,1205.0
ATRAULI ROAD,AUR,Uttar Pradesh,NR,28.0971879576,78.2201080066,False,0,1205.0
Anupshahr,AUS,Rajasthan,NWR,28.947951113517377,75.21122979931533,False,0,645.0
AUWA,AUWA,Rajasthan,NWR,25.665207,73.564613,True,2,645.0
ASVALI,AV,Maharashtra,,19.817371,73.751085,False,0,754.0
AMRAVATHI COLONY,AVC,Karnataka,,14.498219,75.854093,False,0,416.0
AVADI,AVD,Tamil Nadu,,13.118247,80.10051800000001,True,3,557.0
Aravankadu,AVK,Tamil Nadu,SR,11.359124,76.769203,True,4,557.0
AMRITVEL,AVL,Gujarat,WR,21.077372,71.679671,False,0,633.0
ARAVALLI,AVLI,Andhra Pradesh,SCR,16.620491,81.599095,False,0,574.0
ANAVARDIKHANPET,AVN,Tamil Nadu,,13.05050406,79.56735042999999,True,2,557.0
Abhanpur Junction,AVP,Chhattisgarh,SECR,21.052203,81.74489899999999,False,0,162.0
ARAVALI ROAD,AVRD,Maharashtra,KR,17.316531,73.53816,True,6,754.0
Auvaneeswaram,AVS,Kerala,SR,9.036513,76.852807,True,2,183.0
Avati,AVT,Karnataka,SWR,13.299092,77.72667899999999,False,0,416.0
AURANGABAD,AWB,Maharashtra,SCR,19.859276,75.31064599999999,True,50,754.0
Awa Garh,AWG,Uttar Pradesh,NCR,27.464247,78.47340000000001,False,0,1205.0
Alewahi,AWH,Maharashtra,SECR,20.38793,79.71014699999999,False,0,754.0
ALAWALPUR,AWL,Punjab,NR,31.425164,75.642236,False,0,297.0
Aswapuram,AWM,Andhra Pradesh,SCR,17.821267000000002,80.80126,True,2,574.0
AGHWANPUR,AWP,Uttar Pradesh,,28.939542,78.702865,False,0,1205.0
AWAPUR,AWPR,Bihar,,26.508916000000003,85.652916,False,0,711.0
ALWAR,AWR,Rajasthan,NWR,27.559273,76.62126500000001,True,60,645.0
ASWANI HALT,AWS,Bihar,ECR,27.15958,84.051843,False,0,711.0
Alwar Tirunagri,AWT,Tamil Nadu,SR,8.602296,77.941809,False,0,557.0
ALUVA,AWY,Kerala,,10.108163,76.356508,True,121,183.0
AMARSAR,AXA,Gujarat,WR,22.585991,70.91711000000001,True,2,633.0
ASOKHAR,AXK,Madhya Pradesh,NCR,26.525539,78.55585400000001,True,2,614.0
ALLURU ROAD,AXR,Andhra Pradesh,,14.710541,79.989036,False,1,574.0
AYODHYA,AY,Uttar Pradesh,,26.787784,82.200604,True,42,1205.0
Aliyabad,AYB,Karnataka,SWR,16.878268000000002,75.758306,False,1,416.0
AYANDUR,AYD,Tamil Nadu,,11.966732,79.34081,False,0,557.0
Ayingudi,AYI,Tamil Nadu,SR,10.2171423,79.0921032,False,0,557.0
ADIYAKKAMANGALAM,AYM,Tamil Nadu,SR,10.756748,79.68058,False,0,557.0
AIYANAPURAM,AYN,Tamil Nadu,SR,10.788547,78.929033,False,0,557.0
AYYALUR,AYR,Tamil Nadu,,10.483391,78.157049,False,0,557.0
AKSHAYWAT RAI NAGAR,AYRN,Bihar,ECR,25.688767621,85.31541102290001,True,4,711.0
ABHAYAPURI ASSAM,AYU,Assam,NFR,26.356599,90.641696,False,0,278.0
AZIMGANJ JN,AZ,West Bengal,ER,24.219053,88.256764,True,29,713.0
AZARA,AZA,Assam,NFR,26.09934,91.613927,False,0,278.0
AYYAMPET,AZP,Tamil Nadu,SR,10.896267,79.206701,False,0,557.0
AZAMNAGAR ROAD,AZR,Bihar,,25.5555556424,87.8523278357,True,14,711.0
BANDRA,BA,Maharashtra,WR,19.05445443,72.84045439,False,0,754.0
Barala,BAA,West Bengal,ER,24.300532,88.039851,False,0,713.0
Bandar P.H.,BAAR,West Bengal,?,22.052122,88.086816,False,0,713.0
BABINA,BAB,Uttar Pradesh,,25.237832,78.451748,True,24,1205.0
BALANAGAR,BABR,Telangana,,16.947622000000003,78.188891,True,2,150.0
BAAD,BAD,Uttar Pradesh,,27.3959406,77.68965184,False,0,1205.0
BARKA,BADK,Uttar Pradesh,NR,29.0725646906,77.2733021582,False,0,1205.0
Bhader,BADR,Gujarat,WR,21.36507,70.928979,False,0,633.0
BALIAKHERI,BAE,Uttar Pradesh,,29.9285,77.63368,True,2,1205.0
Bap,BAF,Rajasthan,?,27.2881821763,72.32740791990001,False,0,645.0
Bhagega,BAGA,Rajasthan,NWR,27.67720995,75.72088996,False,0,645.0
BAGWADA,BAGD,Gujarat,,20.43948,72.916866,True,2,633.0
Barharagani,BAGJ,Uttar Pradesh,,26.921354215,83.9195740283,False,0,1205.0
BARAGOPAL,BAGL,Bihar,,25.765088,84.906765,True,2,711.0
BHABHAR,BAH,Gujarat,WR,24.06528,71.615774,False,0,633.0
Balenahalli,BAHI,Karnataka,SWR,14.250321,76.56637599999999,True,2,416.0
BABHABGAON HALT,BAHN,Bihar,,25.4483399037,87.8098941528,False,0,711.0
Band Hamirpur,BAHP,Uttar Pradesh,NR,26.32975,80.744382,False,0,1205.0
Bahir Khanda,BAHW,West Bengal,ER,22.851949,88.071068,False,0,713.0
BASSI,BAI,Rajasthan,,26.840617,76.047213,True,2,645.0
Bhalej,BAJ,Gujarat,WR,22.63303,73.034499,False,0,633.0
Bajakare Halt,BAJE,Karnataka,SWR,12.720476,75.508955,False,0,416.0
BAJANA,BAJN,Gujarat,,23.10173524,71.77207677000001,False,0,633.0
BHAN KARI,BAK,Rajasthan,,26.962546794,76.4094554639,True,2,645.0
Banka,BAKA,Bihar,?,24.8659010332,86.91169348999999,True,2,711.0
BAKAL,BAKL,Chhattisgarh,,21.123637,80.940946,False,0,162.0
Barhara Kothi,BAKT,Bihar,ECR,25.776942,87.09631900000001,False,0,711.0
BUDALUR,BAL,Tamil Nadu,SR,10.782843000000002,78.981443,True,8,557.0
BALE,BALE,Maharashtra,,17.676185604199997,75.8450861792,True,2,754.0
Bhaili,BALI,Gujarat,WR,22.266245011489417,73.1319768447429,False,0,633.0
BAITALPUR,BALR,Uttar Pradesh,,26.5526634,83.7385572,True,2,1205.0
BALUGAON,BALU,Odisha,,19.747366,85.200953,True,62,235.0
BRAHMAPUR,BAM,Odisha,,19.2961348,84.7966912,True,119,235.0
BIRAMBAD,BAMA,Rajasthan,NCR,26.922783000000003,77.32494000000001,True,2,645.0
BAMUR,BAMR,Odisha,,21.006738,84.475865,True,2,235.0
BANASWADI,BAND,Karnataka,,13.00573,77.628196,True,37,416.0
BASNI,BANE,Rajasthan,NWR,26.222963,73.010639,True,4,645.0
BANI,BANI,Uttar Pradesh,,26.227487999999997,81.620936,True,4,1205.0
BHATANGLI,BANL,Maharashtra,?,18.446007,76.678145,False,0,754.0
BANO,BANO,Odisha,,22.6647837973,84.90298541140001,True,8,235.0
Bhaner,BANR,Gujarat,,22.879185725,72.9756196179,False,0,633.0
BANMOR,BAO,Madhya Pradesh,,26.355565,78.0989272,True,3,614.0
BAOLI,BAOL,Uttar Pradesh,NR,29.140457035199997,77.278015354,False,0,1205.0
BELAPUR,BAP,Maharashtra,,19.619569311800003,74.6617443079,True,42,754.0
BARAIPURA HALT,BAPN,Bihar,,25.7394205815,86.1373006799,False,0,711.0
BALLUPUR,BAPR,Uttar Pradesh,,27.5865985855,79.1451478125,False,0,1205.0
GANJ BASODA,BAQ,Madhya Pradesh,,23.845347,77.944826,True,47,614.0
BAR,BAR,Rajasthan,NWR,26.063048,74.113189,True,2,645.0
DUVRI KALAN,BARD,Madhya Pradesh,WCR,23.994181,81.507968,False,0,614.0
BARH,BARH,Bihar,,25.46165,85.70942600000001,True,60,711.0
Bari,BARI,Rajasthan,NCR,26.65005846,77.61817468,False,0,645.0
BHARATGARH,BARJ,Punjab,,31.1104617696,76.59140316889999,False,0,297.0
Baral,BARL,Uttar Pradesh,NR,28.494092,77.80997500000001,True,3,1205.0
BARANAGAR ROAD,BARN,West Bengal,,22.6530928,88.37831077,False,0,713.0
Barsana,BARS,Rajasthan,,27.443263,77.15025299999999,False,0,645.0
Baharu,BARU,West Bengal,ER,22.205278,88.44446,False,0,713.0
Banosa,BASA,Maharashtra,CR,20.9221016,77.3261342,False,0,754.0
BHAINSWAN,BASN,Haryana,NR,29.094392,76.680769,False,0,201.0
Batala Junction,BAT,Punjab,NR,31.8214816,75.1944316,True,9,297.0
BAIHATOLA,BATL,Madhya Pradesh,SECR,23.231204,82.05862,True,12,614.0
Batala Sugar Mills,BATM,Punjab,,31.856906,75.228493,False,0,297.0
Bhatsar,BATS,Gujarat,WR,,,False,0,633.0
BURHANPUR,BAU,Madhya Pradesh,CR,21.3343976,76.1986787,True,54,614.0
BARUVA,BAV,Andhra Pradesh,,18.900748,84.554233,False,0,574.0
CHIK BANAVAR,BAW,Karnataka,SWR,13.073539,77.50634099999999,True,5,416.0
Balwara,BAWA,Rajasthan,NWR,25.5031445488,72.5545000909,False,0,645.0
BHADWAD,BAWD,Maharashtra,,21.32315915,74.09831697,False,0,754.0
BELLARY JN,BAY,Karnataka,SWR,15.145135,76.921995,True,31,416.0
Beyad,BAYD,Gujarat,WR,23.216364,73.20732600000001,False,0,633.0
BARAN,BAZ,Rajasthan,WCR,25.0967701,76.50512839999999,True,18,645.0
BABRALA,BBA,Uttar Pradesh,NR,28.2664932,78.4034137,True,4,1205.0
BAIDYABATI,BBAE,West Bengal,,22.79549199,88.33203765,False,0,713.0
BHADBHUNJA,BBAI,Gujarat,,21.166264,73.693754,True,5,633.0
BARA,BBAR,Madhya Pradesh,WCR,24.001215,81.21186200000001,False,0,614.0
Bhachhbar,BBC,Rajasthan,NWR,25.73181,71.044404,False,0,645.0
BABLAD,BBD,Karnataka,,17.337569,76.779259,False,0,416.0
BARBENDA (RNC DIVISION),BBDA,West Bengal,,23.420983,86.110242,False,0,713.0
BENOY BADAL DINESH GARDENS,BBDB,West Bengal,,22.577047,88.34685800000001,False,0,713.0
BABARPUR,BBDE,Haryana,,29.449652,76.966178,False,0,201.0
BAGHI BARDIHA,BBE,Bihar,ECR,24.953077,85.623332,False,0,711.0
Barua Bamungaon,BBGN,Assam,NFR,26.662157,93.944693,True,2,278.0
Bela Bela,BBHL,Uttar Pradesh,,26.137192375,81.2487596802,False,0,1205.0
Barabar Halt,BBHT,Bihar,?,25.0558596095,84.9743682056,False,0,711.0
Babaganj,BBJ,Uttar Pradesh,NER,27.96429,81.568611,False,0,1205.0
BARABANKI JN,BBK,Uttar Pradesh,,26.935335,81.18104,True,78,1205.0
BABA BAKALARAYA,BBKR,Punjab,,31.541835000000003,75.238827,False,0,297.0
BALRAI,BBL,Uttar Pradesh,,26.9205023929,78.8237102228,False,0,1205.0
Bhyabla Halt,BBLA,West Bengal,ER,22.654259999999997,88.854932,False,0,713.0
B L DASPURI,BBLK,Uttar Pradesh,NCR,27.3169993559,79.36351860779999,False,0,1205.0
BARABHUM,BBM,West Bengal,,23.0912864,86.2112372,True,17,713.0
BARI BRAHMAN,BBMN,Jammu and Kashmir,NR,32.63896,74.916171,True,8,16.0
Barbil,BBN,Odisha,SER,22.104577,85.36905800000001,True,6,235.0
BABUGARH,BBO,Uttar Pradesh,,28.747393,77.855523,False,1,1205.0
BALABHADRAPURAM,BBPM,Andhra Pradesh,,16.96580143,82.00037565999999,True,2,574.0
BABUPUR,BBPR,Uttar Pradesh,,27.349971,81.070314,False,0,1205.0
BASIN BRIDGE JN,BBQ,Tamil Nadu,,13.102361,80.27122100000001,False,0,557.0
BAGH BAZAR,BBR,West Bengal,,22.60512587,88.36524556,False,0,713.0
Bbra,BBRA,Andhra Pradesh,,16.549141,81.53283,False,0,574.0
BABA BHAGWAN RAM HALT,BBRM,Uttar Pradesh,,25.3158876718,83.0384061804,False,0,1205.0
BHUBANESWAR,BBS,Odisha,,20.265388,85.84259499999999,True,209,235.0
BABA SODHAL NAGAR,BBSL,Punjab,,31.3530203474,75.5648681348,False,0,297.0
BHUBANESWAR NEW,BBSN,Odisha,,20.382175,85.83518699999999,False,0,235.0
Birati,BBT,West Bengal,ER,22.66472,88.42761300000001,False,0,713.0
BARBATPUR,BBTR,Madhya Pradesh,,22.197033,77.920758,True,4,614.0
BHABUA ROAD,BBU,Bihar,,25.173007,83.618913,True,55,711.0
BABHULGOAN,BBV,Maharashtra,CR,17.778326000000003,75.383427,False,0,754.0
BODARWAR,BBW,Uttar Pradesh,NER,26.8780004923,83.6381910315,False,0,1205.0
BHADROLI,BBY,Madhya Pradesh,NCR,26.30595,78.181356,True,2,614.0
BAREILLY CITY,BC,Uttar Pradesh,,28.3556564,79.403718,True,4,1205.0
BACHWARA JN,BCA,Bihar,,25.5812576,85.90014240000001,True,15,711.0
Bhowra Junction,BCB,Jharkhand,SER,23.67077,86.417009,False,0,270.0
BANSDIH ROAD,BCD,Bihar,,25.8115832,84.215238,False,0,711.0
Bankapasi,BCF,West Bengal,ER,23.5704001,88.0372191,False,0,713.0
BAINCHIGRAM,BCGM,West Bengal,,23.10588031,88.21629817,False,0,713.0
BERCHHA,BCH,Madhya Pradesh,,23.2824808,76.33419289999999,True,43,614.0
Bacheli,BCHL,Chhattisgarh,ECoR,18.703461,81.238534,True,2,162.0
Bochasan Junction,BCHN,Gujarat,WR,22.402073,72.847673,False,0,633.0
Bachar,BCHR,Gujarat,WR,,,False,0,633.0
BAGAHABISHUNPUR,BCJ,Bihar,,24.811468,84.204658,False,0,711.0
BALICHAK,BCK,West Bengal,,22.35818589,87.55335416,True,4,713.0
Buranpudi,BCM,Bihar,ECR,,,False,0,711.0
BACHHRAWAN,BCN,Uttar Pradesh,,26.4773211,81.10545649999999,True,27,1205.0
BHACHAU BG,BCOB,Gujarat,,23.301391,70.34497200000001,True,26,633.0
BICHPURI,BCP,Uttar Pradesh,,27.176397,77.91435,False,0,1205.0
BACHHARPUR HALT,BCPR,Bihar,,26.4946286292,85.66252866580001,False,0,711.0
BARACHAK,BCQ,West Bengal,,23.706726,86.92813299999999,True,4,713.0
Barchi Road,BCRD,Madhya Pradesh,CR,21.951502,78.311632,True,3,614.0
Mumbai Central,BCT,Maharashtra,WR,18.970667,72.819383,True,43,754.0
BHUCHCHU,BCU,Punjab,NR,30.209881999999997,75.0951862,True,8,297.0
VARANASI CITY,BCY,Uttar Pradesh,NER,25.3341176,83.0141142,True,27,1205.0
BUDHDEVCHAK Y NAGAR,BCYN,Bihar,,25.4968269712,85.3313080389,False,0,711.0
BADNERA JN,BD,Maharashtra,,20.8567925,77.73231969999999,True,91,754.0
VADODARA C CABIN,BDA,Gujarat,,22.318357,73.17783,False,0,633.0
BONIDANGA,BDAG,West Bengal,,24.82345158,87.81052581,False,1,713.0
Badabandha Road,BDBA,Orissa,ECoR,20.276721,86.519951,False,0,65.0
Badhai Balamgarh Halt,BDBG,Punjab,NR,30.459894,74.460168,False,0,297.0
BASUDEBPUR,BDBP,Bihar,ER,24.6355270351,87.98253549799999,False,0,711.0
BINDUBASINI HAL,BDBS,West Bengal,,24.792848,87.859263,False,0,713.0
BANDEL JN,BDC,West Bengal,,22.9236565,88.3793623,True,90,713.0
Bhadrachalam Road,BDCR,Andhra Pradesh,SCR,17.550365,80.616024,True,6,574.0
BADODAR,BDDR,Gujarat,WR,21.361073,70.295846,True,2,633.0
Bodeli,BDE,Gujarat,WR,22.2701906,73.71657979999999,False,0,633.0
BADANAGUPPE,BDGP,Karnataka,SWR,11.990316,76.861228,False,0,416.0
BHEDIA,BDH,West Bengal,,23.586642,87.711813,True,4,713.0
BADHADA,BDHA,Gujarat,WR,21.2703,71.33741400000001,False,0,633.0
Badhal,BDHL,Rajasthan,NWR,27.2520587,75.4516454,False,0,645.0
Bodhan,BDHN,Andhra Pradesh,SCR,18.645933,77.8881657,False,0,574.0
BHUDPUR,BDHP,Uttar Pradesh,NR,29.218093878,77.29116829590001,False,0,1205.0
Bardi Halt,BDHT,Madhya Pradesh,SECR,21.621177,78.822411,False,1,614.0
BUDHI,BDHY,Jammu and Kashmir,NR,32.440429,75.432931,True,2,16.0
BHADLI,BDI,Maharashtra,,21.0236632507,75.672912326,True,6,754.0
BHADAIYAN,BDIN,Uttar Pradesh,,26.171113,82.169148,False,0,1205.0
VADAKARA,BDJ,Kerala,SR,11.5933214,75.5869409,True,50,183.0
BHADORA JAGIR,BDJR,Madhya Pradesh,,24.786919,77.41188299999999,False,0,614.0
BEDAG,BDK,Maharashtra,,16.823512,74.756723,False,0,754.0
Bhadsivni,BDKE,Maharashtra,CR,20.5509746,77.4527028,False,0,754.0
BANDHUA KALAN,BDKN,Uttar Pradesh,,26.271965,81.99539200000001,False,0,1205.0
Badakhandita,BDKT,Orissa,ECoR,20.3654487,86.08383554000001,False,0,65.0
VINDHYACHAL,BDL,Uttar Pradesh,,25.1607717,82.5020212,True,49,1205.0
BONIDANGA LINK CABIN,BDLC,West Bengal,,24.822167,87.798331,False,0,713.0
BADAMI,BDM,Karnataka,SWR,15.958918,75.6767002,True,12,416.0
Budhma,BDMA,Bihar,ECR,25.902768,86.85700899999999,False,0,711.0
Baidyanathdham Deoghar,BDME,Jharkhand,ER,24.4892623,86.6920701,False,0,270.0
BHODWAL MAJRI,BDMJ,Haryana,,29.1852092,77.0082364,False,0,201.0
BHADAN,BDN,Uttar Pradesh,,26.9793918,78.73749459999999,True,2,1205.0
BIDANPUR,BDNP,Uttar Pradesh,,25.585017,81.44201699999999,False,1,1205.0
Bahalda Road,BDO,Orissa,SER,22.441687,86.1643225,False,0,65.0
Badalpur Ph,BDPA,West Bengal,?,21.710487,87.616227,False,0,713.0
BADA PADAGAON,BDPG,Odisha,,20.57058831,85.87382799,False,0,235.0
BURHAPANKA,BDPK,Odisha,,20.85315668,85.25582286000001,False,0,235.0
BANDARUPALLE,BDPL,Andhra Pradesh,,16.3655265,80.36280020000001,True,2,574.0
BUDORA,BDQ,Jharkhand,,23.7785572386,86.23544766479999,False,0,270.0
BYADARAHALLI,BDRL,Karnataka,SWR,12.5019534049,76.7520832336,True,4,416.0
Bhadran,BDRN,Gujarat,WR,22.3568501,72.8915128,False,0,633.0
Budhsinghwala,BDSW,Rajasthan,NWR,29.831708406844584,74.22266067937016,False,0,645.0
BORDUBI ROAD,BDT,Assam,NFR,27.399181,95.314595,False,0,278.0
MUMBAI BANDRA TERMINUS,BDTS,Maharashtra,WR,19.061911,72.840535,True,81,754.0
BADNAPUR,BDU,Maharashtra,SCR,19.873979,75.722483,True,8,754.0
BASUDEOPUR CHANDAIL HALT,BDUA,Bihar,,25.6487380699,85.5426915326,False,0,711.0
BADANAVALU,BDV,Karnataka,SWR,12.075565500000002,76.74904447,False,0,416.0
BUDVEL,BDVL,Telangana,,17.3093773,78.4245182,True,3,150.0
Bodavara,BDVR,Andhra Pradesh,,18.175095,83.112494,True,2,574.0
Bhadravati,BDVT,Karnataka,SWR,13.8424287,75.702832,True,10,416.0
BANDANWARA,BDW,Rajasthan,NWR,26.1253008,74.6913786,True,3,645.0
BADHWA BARA,BDWA,Madhya Pradesh,,23.2939334,81.28636818000001,True,5,614.0
BODWAD,BDWD,Maharashtra,,20.9035827,76.017046,True,11,754.0
BIRADHWAL,BDWL,Rajasthan,NWR,29.1741168151,73.896516228,True,6,645.0
BADARWAS,BDWS,Madhya Pradesh,WCR,24.98333982,77.56182792,True,4,614.0
BDX,BDX,,,,,False,0,
BASAI DHANKOT,BDXT,Haryana,NR,28.464735,76.983187,False,0,201.0
Bade Arapur,BDXX,Chhattisgarh,ECoR,19.011494000000003,81.837917,True,2,162.0
BUDDIREDDIPPATI,BDY,Tamil Nadu,,12.04465861,78.3127518,True,2,557.0
BDYD,BDYD,,,,,False,0,
BINDAYAKA,BDYK,Rajasthan,,26.924224,75.659572,True,2,645.0
Bidyadharpur,BDYP,West Bengal,ER,22.425122,88.452872,False,0,713.0
Bidyadabri,BDYR,West Bengal,,26.271855,89.767506,False,0,713.0
Badkulla,BDZ,West Bengal,ER,23.3046657,88.526557,True,4,713.0
BAREILLY,BE,Uttar Pradesh,,28.3371543,79.4108444,True,162,1205.0
BIHIYA,BEA,Bihar,,25.558893,84.448984,True,24,711.0
BEAS,BEAS,Punjab,,31.5193738,75.2908085,True,78,297.0
Beldanga,BEB,West Bengal,ER,23.9320594,88.2429681,True,10,713.0
BERACH JN CABIN,BEC,Rajasthan,,24.896441999999997,74.61523199999999,False,0,645.0
Bikaner East,BECN,Rajasthan,,27.972495,73.368894,False,0,645.0
Baseri,BED,Uttar Pradesh,NCR,26.74699159,77.54301509999999,False,0,1205.0
Bedham,BEDM,Rajasthan,NCR,27.453929,77.209461,False,0,645.0
Bebejia,BEE,Assam,NFR,26.310185,92.640956,False,0,278.0
BHUPDEOPUR,BEF,Chhattisgarh,,21.97503504,83.25998102000001,True,4,162.0
BEHTAGOKUL,BEG,Uttar Pradesh,,27.5304336,80.054854,True,2,1205.0
BAGDIHI,BEH,Odisha,,21.951046,84.18631,True,12,235.0
Behj,BEHJ,Uttar Pradesh,,27.481951,77.396587,False,0,1205.0
BEOHARI,BEHR,Madhya Pradesh,WCR,24.0002687,81.3797154,True,8,614.0
Bihar Sharif,BEHS,Bihar,ECR,25.206116,85.5390747,True,7,711.0
BIHAT HALT,BEHT,Bihar,,25.4497699558,86.0334555469,False,0,711.0
Shimoga Bidare,BEI,Karnataka,,13.9025358525,75.64768061160001,False,0,416.0
Beniganj,BEJ,Uttar Pradesh,NR,27.299916,80.440599,False,0,1205.0
BUNDKI,BEK,Uttar Pradesh,,29.522577,78.3932854,False,1,1205.0
Bela,BELA,Bihar,ECR,24.97843,84.981353,True,6,711.0
BELKHERA,BELD,Madhya Pradesh,WCR,22.981891,79.299879,False,0,614.0
BELG,BELG,,,,,False,0,
Bela Halt,BELT,Bihar,,25.0382570525,86.99825916260001,False,0,711.0
Budaun,BEM,Uttar Pradesh,NER,28.0274922,79.1360237,False,0,1205.0
BEML Nagar,BEML,Karnataka,SWR,12.9786413,78.24197815000001,False,0,416.0
BENL,BENL,Karnataka,SWR,16.384407,75.882249,False,0,416.0
BIROHE,BEO,Uttar Pradesh,,25.173789,82.449749,False,0,1205.0
BHEERPUR,BEP,Uttar Pradesh,,25.265024,81.98924,False,0,1205.0
BELUR,BEQ,West Bengal,,22.63591201,88.33950084,False,0,713.0
BEAWAR,BER,Rajasthan,NWR,26.1089078,74.3149711,True,42,645.0
BERO,BERO,West Bengal,SER,23.548271,86.72660900000001,False,0,713.0
BARETH,BET,Madhya Pradesh,,23.91494729,77.99967978000001,True,4,614.0
Bhetasi,BETI,Gujarat,WR,22.421624,73.03223700000001,False,0,633.0
Bisheshwarganj,BEU,Uttar Pradesh,NER,27.341282,81.833817,False,0,1205.0
BETAVAD,BEW,Maharashtra,,21.149244,74.886199,True,4,754.0
B CEMENT NAGAR,BEY,Andhra Pradesh,,15.48632233,78.19541209,True,8,574.0
Bagetar,BF,Assam,NFR,,,False,0,278.0
BORHAT,BFD,Assam,NFR,27.164263,95.277512,True,4,278.0
BAHAWAL BASI,BFE,Punjab,NR,30.147265,74.279311,False,1,297.0
Barabhati,BFF,Maharashtra,,20.862984,80.06084100000001,False,0,754.0
Bagthar,BFG,Uttar Pradesh,NCR,26.79623183,77.52218902999999,False,0,1205.0
Bhoras Budrukh,BFJ,Maharashtra,CR,20.538301,75.01429200000001,True,2,754.0
BHALUI,BFM,Bihar,,25.0732160325,86.172874585,True,10,711.0
Bugana,BFN,Haryana,NR,29.258822195,75.8278150574,False,0,201.0
BILOCHPURA AGRA,BFP,Uttar Pradesh,,27.202619,77.987169,False,0,1205.0
Bhopatpur,BFPA,Uttar Pradesh,NER,28.3754640974,79.8051375,False,0,1205.0
BENDI,BFQ,Jharkhand,,23.763612,84.416974,False,0,270.0
BEKAL FORT,BFR,Kerala,SR,12.385524,75.04278599999999,True,3,183.0
Bhabta,BFT,West Bengal,ER,23.9869677,88.241584,True,4,713.0
BAHELIA BUZURG,BFV,Uttar Pradesh,NER,28.046924,80.512537,False,0,1205.0
BYATRAYANHALLI,BFW,Karnataka,,13.00203974,77.98850762000001,False,0,416.0
BAGHI GHAUSPUR,BFX,Bihar,ECR,25.051952,85.684033,False,0,711.0
BHESANA,BFY,Rajasthan,NWR,25.82438,73.7180903,True,2,645.0
BHANDARTIKURI,BFZ,West Bengal,ER,23.43319157,88.32981731,False,0,713.0
BHONGIR,BG,Telangana,,17.524696,78.89847,True,18,150.0
BAGALIA,BGA,West Bengal,SER,23.44693617,86.51904643,True,2,713.0
BALAGARH,BGAE,West Bengal,ER,23.1215453,88.4525522,True,2,713.0
Bangain,BGAN,Uttar Pradesh,NER,27.238993,81.90592400000001,False,0,1205.0
BANGARI,BGAR,Bihar,,26.538089,84.921285,False,0,711.0
Budge Budge,BGB,West Bengal,ER,22.49310248,88.19469228000001,False,0,713.0
BAGBAHRA,BGBR,Chhattisgarh,,21.0462946,82.3841486,True,14,162.0
Bara Gudah,BGD,Haryana,NWR,29.697657,75.00164099999999,False,0,201.0
Bogada,BGDA,Orissa,?,20.2787142311,86.5881717944,False,0,65.0
Bagadia Ph,BGDI,Odisha,,20.279033,86.586249,False,0,235.0
BHAGWANPUR DESU,BGDS,Bihar,,25.82701,85.846025,False,0,711.0
BAGILA,BGF,West Bengal,,23.16014581,88.12200441,False,0,713.0
BANTA RAGHUNATHGARH,BGG,Rajasthan,NWR,25.60180707,73.52738176000001,True,2,645.0
BAGHAULI,BGH,Uttar Pradesh,,27.228081,80.296314,True,5,1205.0
BAGAHAI ROAD,BGHI,Madhya Pradesh,WCR,24.555903,81.018663,True,6,614.0
Borraguhallu,BGHU,Andhra Pradesh,ECoR,18.275624,83.040289,True,2,574.0
Bagha Jatin,BGJT,West Bengal,ER,22.482615000000003,88.387421,False,0,713.0
BAGALKOT,BGK,Karnataka,SWR,16.1787931,75.7002383,True,18,416.0
BANGURKELA,BGKA,Odisha,,22.3505683976,84.9552704382,False,0,235.0
BHAGAT KI KOTHI,BGKT,Rajasthan,NWR,26.2484972,73.0133366,True,25,645.0
Bagula,BGL,West Bengal,ER,23.335464709999997,88.64640372000001,False,0,713.0
Bargolai,BGLI,Assam,NFR,27.287486,95.703548,False,0,278.0
BELGAUM,BGM,Karnataka,SWR,15.8492433,74.5095639,True,39,416.0
BAGUMRA,BGMR,Gujarat,,21.149694,72.996091,True,5,633.0
Bangarmau,BGMU,Uttar Pradesh,NR,26.89181589,80.22205951000001,False,0,1205.0
BORGAON,BGN,Maharashtra,,20.7290593,77.1796502,False,0,754.0
Balgona,BGNA,West Bengal,ER,23.458049719226736,87.95045644976199,False,0,713.0
BOGRI ROAD,BGO,West Bengal,SER,22.881747,87.325732,False,0,713.0
BHAGALPUR,BGP,Bihar,,25.241909300000003,86.9767918,True,56,711.0
Bageshapura,BGPA,Karnataka,SWR,13.1438034416,76.2293551874,False,0,416.0
Baghuapal,BGPL,Orissa,ECoR,21.042219,86.013166,True,2,65.0
BHAGWANPURA,BGPR,Rajasthan,NWR,25.419012,73.36331200000001,True,2,645.0
BHONGAON,BGQ,Uttar Pradesh,NCR,27.2590416,79.1657234,True,4,1205.0
Bhagdara,BGR,Maharashtra,CR,20.7367289,75.7506113,False,0,754.0
BAGHNAPARA,BGRA,West Bengal,ER,23.242082,88.329724,False,1,713.0
Beliaghata Road,BGRD,West Bengal,ER,22.674548,88.607005,False,0,713.0
Biggabas Ramsara,BGRM,Rajasthan,NWR,28.04769242,74.20154742999999,False,0,645.0
BAGARPUR HALT,BGRR,Uttar Pradesh,,29.079065999999997,78.278043,False,0,1205.0
BEGU SARAI,BGS,Bihar,ECR,25.425296,86.134476,True,50,711.0
BISUGIRSHARIF,BGSF,Telangana,,18.348122,79.483604,True,2,150.0
BAGRA TAWA,BGTA,Madhya Pradesh,WCR,22.6307113,77.9937073,True,6,614.0
BAIRGANIA,BGU,Bihar,ECR,26.738282,85.27333399999999,True,8,711.0
BAIGUDA,BGUA,Odisha,,18.82704371,82.96578736,True,2,235.0
Balegundi,BGV,Karnataka,,14.1509474571,75.11856523189999,False,0,416.0
BHIGWAN,BGVN,Maharashtra,,18.317256,74.77504200000001,True,15,754.0
BEGDEWADI,BGW,Maharashtra,,18.701176,73.70903919999999,False,0,754.0
BAGEWADI,BGWD,Karnataka,SWR,16.30777084,74.75360002999999,False,0,416.0
BEGDAEWADI,BGWI,Maharashtra,,18.700263,73.708437,False,0,754.0
BAGRI SAJJANPUR,BGX,Rajasthan,NWR,25.916759000000003,73.821842,True,2,645.0
Bangriposi,BGY,Odisha,,22.130678,86.501362,True,2,235.0
BAHADURGARH,BGZ,Haryana,NR,28.700863,76.930886,True,33,201.0
BHARUCH JN,BH,Gujarat,,21.706907,72.997689,True,127,633.0
BHANDAI,BHA,Uttar Pradesh,,27.06906445,77.96680748,False,0,1205.0
BARHAPUR HALT,BHAD,Bihar,,25.427352,85.86024300000001,False,0,711.0
BHATIEL,BHAL,Gujarat,,22.477066,72.834624,False,0,633.0
Bhoyani,BHAN,Gujarat,WR,23.358779,72.234682,False,0,633.0
BHOJRAS,BHAS,Rajasthan,,25.7882166,74.63427990000001,False,0,645.0
Bhatpura,BHAT,Madhya Pradesh,NCR,26.327284,77.674711,False,0,614.0
BLOCK HUT A (BHA),BHAW,Uttar Pradesh,,26.802226,80.98059500000001,False,0,1205.0
BADLA GHAT,BHB,Bihar,ECR,25.5537629,86.5871439,True,4,711.0
BODHADI BUJRUG,BHBK,Maharashtra,SCR,19.4962759853,78.1952487683,True,2,754.0
Bathua Bazar,BHBR,Uttar Pradesh,NER,26.4968303633,84.2321793958,False,0,1205.0
BLOCK HUT BASANTPUR,BHBT,Kashmir,,32.559965,75.059067,False,0,4.0
BLOCK HUT B,BHBV,Uttar Pradesh,,25.274869,83.102203,False,0,1205.0
BHADRAKH,BHC,Odisha,,21.0917458,86.5162305,True,109,235.0
BLOCK CABIN CHAKKI BANK,BHCH,Punjab,,32.2419748422,75.651062146,False,0,297.0
BAHORA CHANDIL,BHCL,Uttar Pradesh,,25.364918,83.489726,False,0,1205.0
BADLI,BHD,NCT,,28.746799999999997,77.1377425,True,3,18.0
BAHADURPUR HALT,BHDH,Uttar Pradesh,,27.9522550839,79.7825431824,False,0,1205.0
Bhadri,BHDR,Uttar Pradesh,NR,25.6766583,81.56775470000001,False,1,1205.0
BHESTAN,BHET,Gujarat,WR,21.1278829,72.8613128,True,5,633.0
Bhaton Ki Gali,BHG,Rajasthan,NWR,27.105646,75.712919,False,0,645.0
Bhairgachhi,BHGH,West Bengal,ER,23.274779,88.634016,False,0,713.0
Bihariganj,BHGJ,Bihar,ECR,25.732598999999997,86.992655,False,0,711.0
BHILGAON,BHGN,Assam,NFR,26.354394000000003,93.926117,False,0,278.0
Bhagirathpur,BHGP,Uttar Pradesh,NER,27.326628,83.38771,False,0,1205.0
Barhara,BHHT,Bihar,?,26.4414546,86.3652554,False,0,711.0
BEHTA HAZIPUR HALT,BHHZ,Uttar Pradesh,NR,28.71973,77.304041,False,0,1205.0
BAHERI,BHI,Uttar Pradesh,NER,28.777391,79.5003221,True,2,1205.0
Barhaj Bazar,BHJ,Uttar Pradesh,NER,26.283912,83.731497,False,0,1205.0
Bheja,BHJA,Orissa,ECoR,18.47264914,82.68546380999999,True,2,65.0
BADHARI KALAN,BHK,Uttar Pradesh,,27.799053,78.734589,False,0,1205.0
Bahira Kalibari,BHKA,West Bengal,ER,22.685772,88.563588,False,0,713.0
BHURKUNDA,BHKD,Jharkhand,,23.6375642,85.3721452,True,3,270.0
BAGHOI KUSA,BHKH,Bihar,,24.8399006513,84.46243313289999,False,0,711.0
BHAKRAULI,BHKL,Uttar Pradesh,NR,28.308471,78.474665,False,0,1205.0
BHILWARA,BHL,Rajasthan,NWR,25.3435508,74.63077340000001,True,33,645.0
BEHULA,BHLA,West Bengal,ER,23.1819674,88.4287921,False,1,713.0
Barahat,BHLE,Bihar,ER,24.9206004744,87.0100837976,True,2,711.0
BOHALI,BHLI,Maharashtra,CR,17.5887732682,75.27417043950001,False,0,754.0
Bhalki,BHLK,Karnataka,SCR,18.0470111,77.228081,True,14,416.0
BHULANPUR,BHLP,Uttar Pradesh,NER,25.2878753,82.9575192,True,12,1205.0
Bahram,BHM,Punjab,NR,31.197575,75.894193,False,0,297.0
Baghmara Halt,BHMA,Bihar,,25.3655236284,87.6174634106,False,0,711.0
BHANDARIDAH,BHME,Jharkhand,ECR,23.7566729304,86.05509864230001,True,4,270.0
BHULI,BHN,Jharkhand,,23.8022772592,86.39469277709999,False,0,270.0
Bhayna,BHNA,West Bengal,ER,23.31226134,88.64165885999999,False,0,713.0
BHONE,BHNE,Maharashtra,,21.018946,75.22247700000001,True,4,754.0
BISHANPUR HALT,BHNP,Bihar,,25.614900999,87.74611696720001,False,0,711.0
Bhansi,BHNS,Chhattisgarh,ECoR,18.77690197,81.26535758,True,2,162.0
DHANDARIKALAN BLOCK HUT,BHOI,Punjab,,30.894741,75.87188,False,0,297.0
Bhoj Padra,BHOJ,Gujarat,WR,,,False,0,633.0
BOLPUR SHANTINIKETAN,BHP,West Bengal,,23.657804,87.698136,True,63,713.0
Bahrupiya Halt,BHPA,West Bengal,ER,22.22962,88.349067,False,0,713.0
BHADRESHWAR,BHR,West Bengal,,22.8279397,88.34153486,False,0,713.0
Bhairabi,BHRB,Mizoram,?,24.19545969,92.54106045,False,0,1.0
Baghara Road,BHRD,,SER,,,False,0,
Bhuyar Halt,BHRH,Maharashtra,,20.712948,79.579542,False,0,754.0
Becharji,BHRJ,Gujarat,WR,23.516602,72.02941299999999,False,0,633.0
BHAROLI JUNCTION,BHRL,Punjab,NR,32.27104809,75.61637323000001,True,2,297.0
VIDISHA,BHS,Madhya Pradesh,,23.5222886,77.8148356,True,62,614.0
BHISA HALT,BHSA,Bihar,,26.576528999999997,85.533501,False,0,711.0
Bhattu,BHT,Haryana,NWR,29.387323,75.34013,True,2,201.0
BHATIYA,BHTA,Gujarat,WR,22.0881542,69.2803623,True,8,633.0
Bhairopatti Halt,BHTH,Bihar,,25.894911,86.90718700000001,False,0,711.0
BHANWAR TONK,BHTK,Madhya Pradesh,,22.607916,81.897794,True,8,614.0
BHATEL,BHTL,Gujarat,WR,22.164096299999997,69.4936287,True,4,633.0
BHITONI,BHTN,Madhya Pradesh,WCR,23.1427283,79.6740109,True,2,614.0
BHATPAR RANI,BHTR,Uttar Pradesh,,26.3104766,84.03310139999999,True,14,1205.0
BHATASA,BHTS,Uttar Pradesh,,27.50375661,79.38388843,False,0,1205.0
BHANDU MOTIDAU,BHU,Gujarat,WR,23.709061,72.38933899999999,True,2,633.0
BHUA,BHUA,Uttar Pradesh,,25.9455806635,79.3510848193,False,0,1205.0
BHUJ,BHUJ,Gujarat,WR,23.2660225,69.6778278,True,16,633.0
Bhoma,BHV,Madhya Pradesh,SECR,22.171372,79.689457,True,2,614.0
BARHARWA JN,BHW,West Bengal,,24.857748,87.77449299999999,True,26,713.0
BECHHIWARA,BHWA,Rajasthan,NWR,23.787792,73.535256,False,0,645.0
Bhitiharwa Ashram,BHWR,Bihar,ECR,27.2445096,84.4839728,False,0,711.0
BULLUANA,BHX,Punjab,NR,30.217553,74.78304,False,0,297.0
BHAYAVADAR,BHY,Gujarat,WR,21.8478371804,70.23614485659999,False,0,633.0
BIHARA,BHZ,Assam,NFR,24.9628178,92.689054,False,0,278.0
BARI SADRI,BI,Rajasthan,NWR,24.411465,74.468715,False,0,645.0
BHILAI,BIA,Chhattisgarh,,21.2025983,81.4217238,True,8,162.0
Birpur,BIB,Rajasthan,NCR,26.155568,77.174223,False,0,645.0
Bichia,BIC,Uttar Pradesh,NER,28.1830705,81.2720808,True,2,1205.0
Barkichampi,BICI,Jharkhand,,23.483611,84.709751,False,0,270.0
BIDADI,BID,Karnataka,SWR,12.8004252,77.39029839999999,True,16,416.0
Bidar,BIDR,Karnataka,SCR,17.9116836,77.5137793,True,18,416.0
BHISTENHATTI,BIE,Karnataka,,15.41363,74.705805,False,0,416.0
BHAIRONPUR,BIF,Madhya Pradesh,WCR,22.432086,77.420409,False,0,614.0
BELGAHNA,BIG,Chhattisgarh,,22.431085,82.032374,True,14,162.0
Bigga,BIGA,Rajasthan,NWR,28.0474529072,74.20137015629999,False,0,645.0
BAGRIGRAM HALT,BIGH,Bihar,,25.391339123,86.9852379138,False,0,711.0
BAIRAGARH,BIH,Madhya Pradesh,,23.273607199999997,77.33622,True,43,614.0
Birnagar,BIJ,West Bengal,ER,23.2358754,88.55125199999999,True,4,713.0
BIJOOR,BIJR,Karnataka,KR,13.8221962,74.6420535,True,4,416.0
BHIRA KHERI,BIK,Uttar Pradesh,NER,28.334799,80.486132,True,2,1205.0
Bheslana,BILA,Rajasthan,NWR,27.065209000000003,75.304187,False,0,645.0
BILDI,BILD,Madhya Pradesh,,23.2255232,74.91853870000001,True,3,614.0
Bilkha,BILK,Gujarat,WR,21.443078399999997,70.6004021,False,0,633.0
Bhilpur,BILP,Gujarat,WR,22.196154999999997,73.323477,False,0,633.0
BILIMORA JN,BIM,Gujarat,WR,20.763319,72.970474,True,22,633.0
Bhimal,BIML,Rajasthan,NWR,24.7524306,73.92244020000001,False,0,645.0
BINA JN,BINA,Madhya Pradesh,,24.1709735,78.1831998,True,135,614.0
Brij Nagar,BINR,Rajasthan,NCR,27.439639,77.089708,False,0,645.0
BORDI,BIO,Gujarat,,22.8664871,74.3470986,True,4,633.0
BAHILPURWA,BIP,Uttar Pradesh,NCR,25.137088,80.998599,False,0,1205.0
Bheempura,BIPR,Rajasthan,NWR,25.129644,72.39224899999999,False,0,645.0
BANSI PAHARPUR,BIQ,Rajasthan,NCR,26.93277,77.457241,True,2,645.0
Bir,BIR,Madhya Pradesh,WCR,22.05264,76.547232,False,1,614.0
BHIWANDI ROAD,BIRD,Maharashtra,CR,19.268544,73.045654,True,32,754.0
Biraul,BIRL,Bihar,ECR,25.937062,86.233733,False,0,711.0
BIRARAJPUR,BIRP,Jharkhand,,22.8235001,86.06450201000001,False,0,270.0
BISWA BRIDGE,BIS,Maharashtra,,20.88515715,76.33919345,False,0,754.0
Bishengarh,BISH,Rajasthan,NWR,25.448874,72.5752165,False,0,645.0
Bamhani Banjur,BIV,Madhya Pradesh,SECR,22.438916000000003,80.324566,False,0,614.0
BISALWAS KALAN,BIWK,Rajasthan,WR,24.500035299999997,74.78308399999999,False,1,645.0
BHIND,BIX,Madhya Pradesh,NCR,26.588904900000003,78.77743530000001,True,4,614.0
BARDOLI,BIY,Gujarat,,21.1342405,73.1058944,True,9,633.0
BAIHATA,BIZ,Assam,,26.343713,91.684343,False,0,278.0
BAHJOI,BJ,Uttar Pradesh,NR,28.4014996,78.6315064,True,3,1205.0
BIJROTHA,BJA,Madhya Pradesh,,24.9469398,78.4216048,False,0,614.0
BAREJADI,BJD,Gujarat,,22.8954267,72.6778863,True,9,633.0
Bhojudih Junction,BJE,Jharkhand,SER,23.642175,86.4469993,True,10,270.0
BIJNI,BJF,Assam,,26.497967,90.707827,True,2,278.0
BAJRANGARH,BJG,Madhya Pradesh,,23.042607,74.69499300000001,True,2,614.0
BIJAULI,BJI,Uttar Pradesh,,25.3764678,78.51774610000001,False,0,1205.0
BIJULI HALT,BJIH,Bihar,,26.186676,85.976126,False,0,711.0
BIJORA,BJK,Rajasthan,WCR,25.1451124,76.3956989,True,3,645.0
Bajekan,BJKN,Haryana,,29.524298,75.099097,False,0,201.0
BARAI JALALPUR,BJLP,Uttar Pradesh,NER,27.449608,80.800122,False,0,1205.0
Burj Mohar,BJMA,Punjab,,30.185034097,74.2058883679,False,0,297.0
Bara Jamda,BJMD,Jharkhand,SER,22.1665327,85.41239200000001,True,6,270.0
BAIJNATH MANDIR,BJMR,Himachal Pradesh,NR,32.052625660000004,76.65152893999999,False,0,55.0
Bejnal,BJN,Rajasthan,NWR,24.983198,73.914959,True,2,645.0
BIJAINAGAR,BJNR,Rajasthan,NWR,25.931003,74.65305889999999,True,23,645.0
BIJNOR,BJO,Uttar Pradesh,NR,29.3856298,78.14680469999999,True,7,1205.0
BIJAPUR,BJP,Karnataka,SWR,16.8310603,75.7400012,True,24,416.0
BAIJNATH PAPROLA,BJPL,Himachal Pradesh,NR,32.050368999999996,76.632508,False,0,55.0
Bijaipur Road,BJPR,Madhya Pradesh,NCR,26.196877,77.305586,False,0,614.0
BAGHORA,BJQ,Madhya Pradesh,,24.1358767,78.2603362,True,3,614.0
BARRAJPUR,BJR,Uttar Pradesh,,26.6851659,80.13867760000001,True,2,1205.0
BHAJERA,BJRA,Rajasthan,,27.1007745881,76.6568744922,False,0,645.0
BIJURI,BJRI,Madhya Pradesh,SECR,23.250338600000003,82.1189461,True,14,614.0
BAJPATTI,BJT,Bihar,,26.546976,85.62061299999999,False,0,711.0
BARAUNI JN,BJU,Bihar,,25.461768000000003,85.988748,True,130,711.0
BAJUD,BJUD,Gujarat,WR,21.736131,71.82792500000001,True,3,633.0
BJUP,BJUP,,,,,False,0,
Bijauria,BJV,Uttar Pradesh,NER,28.574785,79.65527399999999,False,0,1205.0
BAJVA,BJW,Gujarat,,22.3662226,73.1431251,True,4,633.0
Bojawas,BJWS,Haryana,NWR,28.312786,76.25286799999999,False,0,201.0
Bangalbaree,BJY,West Bengal,NFR,25.626454,88.22942499999999,False,0,713.0
Bakra Road,BK,Rajasthan,NWR,25.2130523,72.487603,False,0,645.0
BARKHERA,BKA,Madhya Pradesh,,22.917359,77.649646,True,2,614.0
BARKAKANA AVOIDING CABIN,BKAC,Jharkhand,,23.64052,85.46359199999999,False,0,270.0
BHIKAMKOR,BKC,Rajasthan,NWR,26.80763,72.78720299999999,False,0,645.0
BOKARO STEEL CITY A CABIN,BKCA,Jharkhand,,23.649514,86.08772599999999,False,0,270.0
Bhankoda,BKD,Gujarat,WR,23.270810878299997,72.1277773999,False,0,633.0
BUDHAKHERA,BKDE,Haryana,NR,29.378719,76.557193,False,0,201.0
BEGUN KUDAR,BKDR,West Bengal,,23.383687,86.01258700000001,False,0,713.0
Bhikhna Thori,BKF,Bihar,ECR,27.333596,84.61057,False,0,711.0
BANKA GHAT,BKG,Bihar,,25.547008,85.27274200000001,True,8,711.0
BANKHEDI,BKH,Madhya Pradesh,WCR,22.7748819,78.5379969,True,6,614.0
BAKHRI,BKHR,Bihar,,25.4998407393,87.3353004456,False,0,711.0
BANDIKUI JN,BKI,Rajasthan,,27.039271,76.56672300000001,True,59,645.0
BINKADAKATTI,BKIT,Karnataka,,15.4367140478,75.5954738599,False,0,416.0
BARKUR,BKJ,Karnataka,KR,13.4774588,74.75968040000001,True,6,416.0
Bhukarka,BKKA,Rajasthan,NWR,29.238227312503696,74.75103096105158,False,0,645.0
BAKARKUDI,BKKI,Jharkhand,,23.095049,85.970936,False,0,270.0
BAKAS,BKKS,Uttar Pradesh,,26.776082,81.051489,False,0,1205.0
BONA KALU,BKL,Andhra Pradesh,SCR,17.031591000000002,80.261499,True,4,574.0
BAKULHA,BKLA,Bihar,,25.797877,84.543411,False,0,711.0
BAKUDI,BKLE,West Bengal,,24.9345107267,87.7749068933,False,0,713.0
BIKANER JN,BKN,Rajasthan,,28.014139,73.31659800000001,True,54,645.0
BAKAINA HALT,BKNA,Uttar Pradesh,,29.0358,78.27473099999999,False,0,1205.0
BHAKTI NAGAR,BKNG,Gujarat,WR,22.282963,70.792278,True,14,633.0
BINDKI ROAD,BKO,Uttar Pradesh,,26.116562,80.580557,True,5,1205.0
BAKHTIYARPUR JN,BKP,Bihar,,25.45611,85.52956400000001,True,99,711.0
BAKASPUR,BKPR,Jharkhand,,22.9810196446,84.9537296552,False,0,270.0
BHAKARAPET,BKPT,Andhra Pradesh,,14.4093627,78.97007317,True,2,574.0
BHALUKA ROAD F,BKRD,Jharkhand,,25.3425716,87.9121276,True,7,270.0
Brij Kishor Halt,BKRH,Bihar,,26.31374,84.69461,False,0,711.0
BAKROL,BKRL,Gujarat,,22.5881026822,73.4192042773,False,0,633.0
BOKARO THERMAL,BKRO,Jharkhand,ECR,23.7851503,85.87557819999999,True,4,270.0
Balikotia,BKS,Assam,NFR,26.46830942,92.57044308,False,0,278.0
BAKHSHA,BKSA,Uttar Pradesh,,25.78236,82.57318000000001,False,0,1205.0
BOKARO STEEL CITY,BKSC,Jharkhand,,23.656551,86.08501600000001,True,56,270.0
BIKRAM SHILA,BKSL,Bihar,,25.30004436,87.3002182,True,4,711.0
BKSC NORTH CABIN,BKSN,Jharkhand,,23.671356,86.078541,False,0,270.0
BAKSHI KA TALAB,BKT,Uttar Pradesh,NER,26.983452,80.922331,False,0,1205.0
BINDUKURI,BKTB,Assam,,26.709021999999997,92.734685,False,0,278.0
BAIKUNTH,BKTH,Chhattisgarh,,21.4976724,81.7800294,True,2,162.0
BAKTAL,BKTL,Madhya Pradesh,,23.234083,77.038514,True,3,614.0
BAKOTHIKHAS,BKTS,Uttar Pradesh,,26.87806,80.03776699999999,False,0,1205.0
Baikunth,BKTW,Chhattisgarh,,21.489690999999997,81.777975,False,0,162.0
BHIKNUR,BKU,Andhra Pradesh,SCR,18.1644907169,78.39915082280001,False,0,574.0
BAKAYANWALA,BKWA,Rajasthan,NR,30.143292,73.98581800000001,False,0,645.0
VALSAD,BL,Gujarat,WR,20.6085595,72.9335291,True,114,633.0
BAJALTA,BLA,Jammu and Kashmir,NR,32.762368,74.953339,False,0,16.0
BALARAMBATI,BLAE,West Bengal,,22.8068127,88.21216842,False,0,713.0
BARLAI,BLAX,Madhya Pradesh,WR,22.894163,75.962109,True,4,614.0
BOLDA,BLC,Maharashtra,SCR,19.5520321,77.2735908,False,0,754.0
BLOCK HUT BEAS,BLCA,Punjab,,32.101414,75.61447700000001,False,0,297.0
BHILAD,BLD,Gujarat,WR,20.275323200000003,72.887446,True,11,633.0
BELDA,BLDA,West Bengal,,22.07144398,87.33691374,True,12,713.0
BHILDI,BLDI,Gujarat,WR,24.194251,72.008187,True,12,633.0
Balauda Takun,BLDK,Madhya Pradesh,WR,22.877384,75.755456,False,0,614.0
BALLE-DA-PIR-LA,BLDL,Himachal Pradesh,NR,32.215731,75.932732,False,0,55.0
Balajan,BLF,Assam,,26.09571,89.887371,False,0,278.0
BILHAR GHAT,BLG,Uttar Pradesh,,26.6813068,82.2689979,False,1,1205.0
Belagula,BLGA,Karnataka,SWR,12.3856986769,76.5887032642,False,0,416.0
BALANGIR,BLGR,Odisha,,20.688591,83.494207,True,42,235.0
BALURGHAT,BLGT,West Bengal,,25.232648,88.757636,True,6,713.0
BELGHARIA,BLH,West Bengal,,22.661900000000003,88.389455,False,1,713.0
Bisalehalli,BLHI,Karnataka,,13.4826117961,75.9666857568,False,0,416.0
BALAHAPUR HALT,BLHR,Bihar,,25.1202705418,86.14781537840001,False,0,711.0
BELAKOBA,BLK,West Bengal,,26.591441,88.583312,True,5,713.0
BALLEKERE HALT,BLKR,Karnataka,SWR,13.502322,76.023514,False,0,416.0
BANTANAHAL,BLL,Andhra Pradesh,SCR,15.16290019,77.27572365,True,4,574.0
BALLI,BLLI,Goa,KR,15.1517258,74.0209756,True,2,21.0
Ballupete,BLLT,Karnataka,,12.969668,75.908903,False,0,416.0
BALAMU JN,BLM,Uttar Pradesh,,27.167363,80.352497,True,29,1205.0
BHOLLDIH,BLME,Jharkhand,,23.898444,86.116898,False,0,270.0
BHALUMASKA,BLMK,Odisha,,19.32812783,83.29429956000001,True,2,235.0
Bhalukmara,BLMR,Assam,NFR,26.685532,94.143709,True,2,278.0
BALLYGUNGE JN,BLN,West Bengal,,22.51983196,88.37206854,False,0,713.0
Bolinna Doaba,BLND,Punjab,NR,31.34286,75.656972,False,0,297.0
BARLANGA,BLNG,West Bengal,,23.449913,85.833473,False,0,713.0
BHALWANI,BLNI,Maharashtra,,18.212962,75.199289,True,2,754.0
BELANKI,BLNK,Maharashtra,CR,16.84890756,74.86933565,False,0,754.0
BIRLANAGAR,BLNR,Madhya Pradesh,,26.237555,78.1953108,True,2,614.0
BHULON,BLO,Rajasthan,WCR,24.635909,76.968812,True,2,645.0
Balrampur,BLP,Uttar Pradesh,NER,27.4158206073,82.16066989870001,False,0,1205.0
BALAPALLE,BLPE,Andhra Pradesh,,13.817151,79.403557,True,2,574.0
Badulipar,BLPR,Assam,NFR,26.646825,93.879129,True,2,278.0
BILPUR,BLPU,Uttar Pradesh,,28.083668,79.62578099999999,True,8,1205.0
BILASPUR ROAD,BLQR,Uttar Pradesh,NER,28.865601,79.254263,True,10,1205.0
BALGANUR,BLR,Karnataka,SWR,15.59262851,75.60251865000001,True,4,416.0
BALA ROAD,BLRD,Gujarat,WR,22.80462,71.703754,True,2,633.0
BELSIRI,BLRE,Assam,,26.800481,92.514463,False,0,278.0
BALASIRING,BLRG,Jharkhand,,23.2691273563,85.2812029169,False,0,270.0
BELARI HALT,BLRI,Bihar,,25.8459891799,85.79465626460001,False,0,711.0
Belandur Road,BLRR,Karnataka,SWR,12.936565,77.706939,False,0,416.0
BALASORE,BLS,Odisha,,21.500521,86.91958199999999,True,123,235.0
BOLSA,BLSA,Maharashtra,SCR,19.0012905282,77.7029205847,True,6,754.0
Balsamand,BLSD,Rajasthan,NWR,27.581307,74.473873,False,0,645.0
BELSONDA,BLSN,Chhattisgarh,,21.155027,82.03562500000001,True,2,162.0
Belasar,BLSR,Rajasthan,,27.995122,73.653205,False,0,645.0
BALOTRA JN,BLT,Rajasthan,NWR,25.830070999999997,72.248683,True,10,645.0
BELTHARA ROAD,BLTR,Uttar Pradesh,NER,26.121418,83.841719,True,21,1205.0
BILHAUR,BLU,Uttar Pradesh,,26.839002,80.060383,True,2,1205.0
Bhelwa,BLV,Bihar,,26.994131,84.77836099999999,False,0,711.0
BALAWALI,BLW,Uttarakhand,,29.6274345,78.1124328,True,3,46.0
BOLWAD,BLWD,Maharashtra,CR,16.823851,74.719998,False,0,754.0
BILESHWAR,BLWR,Gujarat,WR,22.382129,70.830427,False,1,633.0
BOLAI,BLX,Madhya Pradesh,,23.361400652599997,76.4864047449,True,5,614.0
BALLY,BLY,West Bengal,,22.6552655812,88.3406065536,False,1,713.0
BLYC,BLYC,,,,,False,0,
BALLY GHAT,BLYG,West Bengal,,22.652173,88.347431,False,0,713.0
BALIHALT,BLYH,West Bengal,,22.652604,88.33860800000001,False,0,713.0
BUDHLADA,BLZ,Punjab,NR,29.9217422,75.5496866,True,12,297.0
BODMA,BM,West Bengal,,23.897286,86.852624,False,0,713.0
BAGMAR,BMA,Madhya Pradesh,CR,21.7371288607,76.3616019397,False,0,614.0
BELMURI,BMAE,West Bengal,,22.93272742,88.15233111,False,0,713.0
BAMRA,BMB,Odisha,,22.051355,84.291044,True,25,235.0
BIMBARI,BMBE,Maharashtra,SCR,19.164065,77.631226,False,0,754.0
Bhimalgondi,BMC,Madhya Pradesh,SECR,21.740994,78.914582,True,6,614.0
BISSAMCUTTACK,BMCK,Odisha,,19.487437999999997,83.458973,True,6,235.0
BHIMADOLU,BMD,Andhra Pradesh,,16.80848173,81.26109679,True,8,574.0
Brahmanwada,BMDI,Gujarat,WR,,,False,0,633.0
BARMER,BME,Rajasthan,NWR,25.7445219,71.397067,True,10,645.0
BASMAT,BMF,Maharashtra,SCR,19.3334723149,77.15177759640001,True,12,754.0
BHIMGARA,BMGA,West Bengal,ER,23.73804814,87.28427905,False,0,713.0
BRAHMANAGUDEM,BMGM,Andhra Pradesh,,16.930258209999998,81.67527695,True,2,574.0
BAMUNI GAON,BMGN,Assam,,26.01201,91.282876,False,0,278.0
Bamangram,BMGR,West Bengal,NFR,25.6221398658,88.1912832245,False,0,713.0
BETAMCHERLA,BMH,Andhra Pradesh,,15.449372,78.148636,True,14,574.0
BAMANHERI,BMHR,Uttar Pradesh,NR,29.514761999999997,77.70639,False,0,1205.0
Baraw More,BMHT,Bihar,,25.0437938949,84.06203632569999,False,0,711.0
BAMNIA,BMI,Madhya Pradesh,,23.0957635,74.7590158,True,12,614.0
Bridgemanganj,BMJ,Uttar Pradesh,NER,27.195537,83.197098,False,0,1205.0
BIRANG KHERA,BMK,Punjab,NWR,29.9125697133,74.63586428650001,True,4,297.0
BELLAMKONDA,BMKD,Andhra Pradesh,,16.46998,80.006313,True,3,574.0
BAPUDHAM MOTIHARI,BMKI,Bihar,ECR,26.655733,84.90529000000001,True,20,711.0
BHIMKHOJ,BMKJ,Chhattisgarh,,21.080325,82.289327,True,2,162.0
Bamla,BMLL,Haryana,NWR,28.832464,76.244079,True,2,201.0
BHASKARPARA,BMM,Gujarat,,22.988208,71.90540899999999,False,0,633.0
BOMMAYAPALLI,BMMP,Telangana,,17.484445161900002,78.8612265723,False,0,150.0
BHIMANA,BMN,Rajasthan,NWR,24.595571,72.886302,True,2,645.0
BAMANI,BMNI,Maharashtra,CR,17.512801,75.23764299999999,False,0,754.0
BAMANWALI HALT,BMNL,Rajasthan,,28.361736,73.555273,True,2,645.0
BOLARUM,BMO,Andhra Pradesh,SCR,17.5335493,78.5154167,True,11,574.0
Bramhapuri,BMP,Maharashtra,SECR,20.603943,79.867537,False,0,754.0
BRAHMANPALLI,BMPL,Andhra Pradesh,SCR,17.832927985,78.4501792358,True,2,574.0
Badampahar,BMPR,Orissa,SER,22.2640234,86.18081819999999,False,0,65.0
Banni Mahamman,BMPT,Bihar,,25.891285,84.778666,False,0,711.0
BHIMARLAI,BMQ,Rajasthan,NWR,25.89293086,71.88173556,False,0,645.0
BIKRAMPUR,BMR,Madhya Pradesh,WCR,23.082226,79.586316,True,2,614.0
BHIMRANA,BMRN,Gujarat,,22.389889,68.992445,True,3,633.0
BHIMASAR BG,BMSB,Gujarat,,23.186504,70.174975,False,0,633.0
Bamsin,BMSN,Rajasthan,NWR,25.7629825521,72.5442353925,False,0,645.0
Bhimasar,BMSR,Gujarat,WR,23.533660939738297,70.88691945187747,False,0,633.0
BEGAMPET,BMT,Telangana,,17.4388739,78.4586266,True,36,150.0
BAMHRAULI,BMU,Uttar Pradesh,,25.44494,81.741641,True,2,1205.0
Bamhni,BMW,Maharashtra,SECR,20.922361,79.364152,False,0,754.0
Bamiana,BMY,Uttar Pradesh,NER,28.26312382,79.3291058,False,0,1205.0
Bamour Gaon,BMZ,Madhya Pradesh,NCR,26.3484669242,78.0778607251,False,0,614.0
BIBINAGAR,BN,Telangana,,17.470511,78.794355,True,11,150.0
BANNI KOPPA,BNA,Karnataka,SWR,15.40662732,75.94180892,False,0,416.0
BINAUR,BNAR,Uttar Pradesh,,26.402727,80.178721,False,0,1205.0
BANSTOLA,BNB,West Bengal,,22.4209740526,87.062669671,False,0,713.0
BANI BIHAR,BNBH,Odisha,,20.292611,85.852653,False,0,235.0
BAHANAGA BAZAR,BNBR,Odisha,,21.33613403,86.76172839,False,0,235.0
BANGALORE CANT,BNC,Karnataka,SWR,12.9936735,77.59932690000001,True,70,416.0
BANGALORE EAST,BNCE,Karnataka,SWR,13.00148,77.6184701,True,24,416.0
BANCHARI,BNCR,Haryana,,27.953085,77.362553,False,0,201.0
BHANDUP,BND,Maharashtra,,19.14200998,72.93723505,False,0,754.0
BANDA JN,BNDA,Uttar Pradesh,NCR,25.477677,80.336246,True,21,1205.0
Barundini,BNDI,Rajasthan,WCR,25.173406,74.93010100000001,False,0,645.0
BONDAMUNDA,BNDM,Odisha,,22.2355174,84.92505809999999,True,16,235.0
BHANDANA,BNDN,Rajasthan,,26.878914,76.25247399999999,False,0,645.0
BUNIADPUR,BNDP,West Bengal,,25.386267,88.402088,True,6,713.0
BOHANI,BNE,Madhya Pradesh,WCR,22.9137476381,78.9159773981,True,2,614.0
BANDHUA,BNF,Bihar,,24.75197374,85.06620037,False,0,711.0
Barnagar,BNG,Madhya Pradesh,WR,23.0304117,75.6111208,False,0,614.0
BHANGALA,BNGL,Punjab,NR,32.0195148161,75.61231335209999,False,0,297.0
BANGURGRAM HALT,BNGM,Rajasthan,,26.1401115488,74.34824731079999,False,0,645.0
BONGAIGAON,BNGN,Assam,,26.478293,90.560548,True,4,278.0
BINGAON,BNGO,Jharkhand,,23.1666884029,85.1658139636,False,0,270.0
BAHMAN JYOTIA,BNGY,Uttar Pradesh,,26.9662637829,82.4273550012,False,0,1205.0
BHIMNATH,BNH,Gujarat,WR,22.245963,71.92503,False,0,633.0
Bellenahalli,BNHL,Karnataka,SWR,14.243859,76.554391,False,0,416.0
Banbihari Gwalipur,BNHR,Orissa,ECoR,20.33902661,86.20503345,False,0,65.0
BUDNI,BNI,Madhya Pradesh,,22.7871143,77.6812826,True,4,614.0
BINJHOL HALT,BNJL,Haryana,NR,29.344605,76.92378099999999,False,0,201.0
BINJANA,BNJN,Madhya Pradesh,,22.9311978995,75.98680179930001,False,0,614.0
BANASANKARAI HA,BNK,Karnataka,SWR,13.2656079329,76.5230602795,False,0,416.0
Bankim Nagar,BNKA,West Bengal,ER,23.20905877,88.59190873,False,0,713.0
BHAIRANAYAKANAH,BNKH,Karnataka,SWR,13.194258,77.38339300000001,False,0,416.0
Banmankhi Junction,BNKI,Bihar,ECR,25.885092,87.193664,False,0,711.0
BANKE GANJ,BNKJ,Uttar Pradesh,NER,28.158478,80.416286,False,0,1205.0
BEVINAHALU,BNL,Andhra Pradesh,SCR,15.16697376,77.21298975,True,4,574.0
Bangi Nihal Singh,BNLS,Haryana,,30.008326,74.95528499999999,False,0,201.0
BANSTHALI NIWAI,BNLW,Rajasthan,,26.3839278087,75.93511006349999,True,25,645.0
BHANUPLI,BNLY,Punjab,,31.2990814767,76.420351792,False,0,297.0
BARAGAON,BNM,Uttar Pradesh,,26.7553741034,81.8470278857,False,0,1205.0
BARNALA,BNN,Punjab,NR,30.3703968,75.5492466,True,19,297.0
BHINDAR,BNNR,Rajasthan,,24.528647,74.179638,False,0,645.0
BANAR,BNO,Rajasthan,,26.33951,73.146431,True,4,645.0
Benoda,BNOD,Maharashtra,,21.449662999999997,78.180007,False,0,754.0
BHANAPUR,BNP,Karnataka,SWR,15.38694828,76.036416,True,6,416.0
BENNIPATTI PIRAPUR,BNPT,Bihar,,25.892949366,85.3090478906,False,0,711.0
BANARHAT,BNQ,West Bengal,NFR,26.797885,89.025682,False,0,713.0
BHANKALA HALT,BNQL,Uttar Pradesh,NR,29.8455908377,77.4743493237,False,0,1205.0
BHAGWANPUR,BNR,Bihar,,25.85831672,85.30109021000001,True,10,711.0
BALANGIR ROAD,BNRD,Odisha,,20.715094,83.498557,False,0,235.0
BANAS,BNS,Rajasthan,NWR,24.7131638,72.98872560000001,True,2,645.0
Banbasa,BNSA,Uttarakhand,NER,28.991685,80.0732101,True,2,46.0
BANSINALA HALT,BNSL,Bihar,,24.66529241,85.16182409000001,False,0,711.0
BANSAPAHAR,BNSP,Uttar Pradesh,WCR,25.055505,81.050022,False,0,1205.0
BHAGWANSAR,BNSR,Rajasthan,NWR,29.343806,73.859791,False,0,645.0
BHARTHANA,BNT,Uttar Pradesh,,26.7502248,79.2163612,True,18,1205.0
BANDHNATH,BNTH,Gujarat,WR,21.434145,70.356879,False,0,633.0
Bantawala,BNTL,Karnataka,SWR,12.878545,75.034456,True,6,416.0
BANDAKPUR,BNU,Madhya Pradesh,,23.848206,79.575956,True,9,614.0
BINNAGURI,BNV,West Bengal,NFR,26.7470883,89.05239089999999,True,8,713.0
BHANVAD,BNVD,Gujarat,WR,21.9330444,69.79885780000001,True,6,633.0
Bhiwani,BNW,Haryana,NWR,28.7984261,76.1255797,True,16,201.0
Bhiwani City,BNWC,Haryana,NWR,28.8256985,76.1442991,True,2,201.0
Bhandewadi Halt,BNWD,Maharashtra,,21.141189,79.159229,False,0,754.0
BHANWASA,BNWS,Rajasthan,,26.8333020399,75.2170497089,False,0,645.0
BIDHAN NAGAR,BNXR,West Bengal,,22.592432,88.391045,True,13,713.0
Barhni,BNY,Uttar Pradesh,NER,27.4957951,82.7918337,False,0,1205.0
BADSHAHNAGAR,BNZ,Uttar Pradesh,,26.8686134,80.9613606,True,44,1205.0
Borsad,BO,Gujarat,WR,22.401548,72.909158,False,0,633.0
BOBAS,BOBS,Rajasthan,,26.9056364,75.4980458,True,3,645.0
BANGROD,BOD,Madhya Pradesh,,23.3982156,75.1241457,True,6,614.0
BARSOI JN,BOE,Bihar,,25.6512422,87.9229421,True,68,711.0
Barog,BOF,Himachal Pradesh,NR,30.8908529,77.0829696,True,8,55.0
BHAIRONGARH,BOG,Madhya Pradesh,,23.1449211037,74.7760641077,True,4,614.0
BAINCHI,BOI,West Bengal,,23.1191243,88.196286,False,0,713.0
BHOJO,BOJ,Assam,NFR,27.0635982,95.032406,True,8,278.0
BORKHEDI,BOK,Maharashtra,,20.86017604,78.97444766000001,False,0,754.0
BHOKE,BOKE,Maharashtra,KR,17.0490546,73.3810615,True,4,754.0
BOKO,BOKO,Assam,NFR,25.999791,91.219674,False,0,278.0
BHOKAR,BOKR,Maharashtra,SCR,19.213965,77.666535,True,4,754.0
BOMADRA,BOM,Rajasthan,NWR,25.78029392,73.43942509,True,2,645.0
Bommagundanakere,BOMN,Karnataka,SWR,14.59167,76.68023,False,0,416.0
BHONRA,BON,Rajasthan,WCR,25.1710611364,76.1976736633,True,4,645.0
BOINDA,BONA,Odisha,,20.9200366,84.74820639999999,True,23,235.0
BHOGPUR,BOP,West Bengal,,22.401522,87.809079,False,0,713.0
BOISAR,BOR,Maharashtra,WR,19.7985273,72.76189900000001,True,38,754.0
Bagdogra,BORA,West Bengal,,26.697770440000003,88.32445458000001,True,2,713.0
BOROTI,BOT,Maharashtra,,17.395018500000003,76.2535626,True,2,754.0
Baori Thikria,BOTI,Rajasthan,NWR,27.41454869,75.511335,False,0,645.0
Bhavdhari,BOTR,Haryana,NWR,28.3835068,75.7973308,False,0,201.0
Bhatgaon,BOV,Chhattisgarh,SECR,21.171626,81.71272400000001,False,0,162.0
BORAWAR,BOW,Rajasthan,,27.0283068063,74.66939656189999,True,2,645.0
Bhojasar,BOX,Rajasthan,NWR,,,False,0,645.0
BHADOHI,BOY,Uttar Pradesh,,25.3952636,82.5583597,True,37,1205.0
BOLARUM BAZAR,BOZ,Andhra Pradesh,SCR,17.517847537100003,78.5159651358,True,2,574.0
BARRACKPORE,BP,West Bengal,,22.7610653,88.371428,True,12,713.0
BELAMPALLI,BPA,Telangana,,19.053689199999997,79.4863374,True,37,150.0
BEGUMPUR,BPAE,West Bengal,,22.737627,88.255644,False,0,713.0
Benipur Halt,BPAH,Bihar,ECR,,,False,0,711.0
BADARPUR JN,BPB,Assam,NFR,24.8651775,92.5563227,False,0,278.0
Berhampore Court,BPC,West Bengal,ER,24.0890841,88.263642,True,10,713.0
Bahadurpur,BPD,West Bengal,ER,23.4385195,88.4633792,True,3,713.0
BENAPUR,BPE,West Bengal,,22.271352309999997,87.37624084000001,False,0,713.0
BANAPURA,BPF,Madhya Pradesh,WCR,22.4703575471,77.4807316095,True,13,614.0
BADURPUR GHAT,BPG,Assam,NFR,24.872902,92.581099,False,0,278.0
Benipurgram Halt,BPGR,Bihar,,26.317241,85.481349,False,0,711.0
BELPAHAR,BPH,Odisha,,21.827212300000003,83.84907630000001,True,12,235.0
BHILAI POWER HOUSE,BPHB,Chhattisgarh,,21.208119,81.375901,True,35,162.0
BHUGAON,BPK,Maharashtra,,20.6738192,78.6700027,True,2,754.0
BHOPALKA,BPKA,Gujarat,WR,22.1227803,69.3687405,True,4,633.0
BHOPAL JN,BPL,Madhya Pradesh,,23.266884384300003,77.4131428577,True,231,614.0
BAGPAT ROAD,BPM,Uttar Pradesh,NR,28.957503,77.272589,False,0,1205.0
Banpur,BPN,West Bengal,ER,23.45186861,88.76185515,False,0,713.0
Baripada,BPO,Orissa,SER,21.9227408,86.73709000000001,True,2,65.0
BAPATLA,BPP,Andhra Pradesh,,15.9086144,80.46842480000001,True,46,574.0
BALHARSHAH,BPQ,Maharashtra,,19.8490173,79.3485858,True,115,754.0
BHOJIPURA JN,BPR,Uttar Pradesh,NER,28.4939826,79.44724,True,6,1205.0
BARIPURA,BPRA,Uttar Pradesh,NCR,25.340728,79.943488,False,0,1205.0
BARPETA ROAD,BPRD,Assam,,26.5028473,90.9639649,True,24,278.0
Balpur Halt,BPRH,Chhattisgarh,SECR,22.115136,82.694138,False,1,162.0
BHOGPUR SIRWAL,BPRS,Punjab,NR,31.556593699999997,75.6452234,True,2,297.0
BANPAS,BPS,West Bengal,,23.40073073,87.74725106999999,True,2,713.0
BHAUPUR,BPU,Uttar Pradesh,,26.46811536,80.12429014,False,0,1205.0
BURHPURA,BPW,Uttar Pradesh,,25.211179,78.42955,False,0,1205.0
BADAMPUDI,BPY,Andhra Pradesh,,16.828104,81.473751,True,4,574.0
BAZPUR,BPZ,Uttarakhand,NER,29.1578998,79.1463827,True,4,46.0
BHARATHAPUZHA H,BPZA,Kerala,,10.758914,76.290829,False,0,183.0
BANKURA,BQA,West Bengal,SER,23.2243871,87.07468750000001,True,40,713.0
BAKANIAN BHAUNR,BQE,Madhya Pradesh,,23.261737,77.252499,True,3,614.0
BARAHMUAFI,BQF,Uttar Pradesh,WCR,25.039892,81.009932,False,0,1205.0
Bhagwangola,BQG,West Bengal,ER,24.333178,88.309816,True,8,713.0
Bhanohad Punjab,BQH,Punjab,NR,30.85173825,75.70970576,False,0,297.0
BOMMIDI,BQI,Tamil Nadu,,11.984698435,78.2462805359,True,9,557.0
Barelipur,BQM,Madhya Pradesh,CR,22.051583,78.407732,True,2,614.0
BAGRI NAGAR,BQN,Rajasthan,NWR,25.895725,73.787801,True,2,645.0
Bighapur,BQP,Uttar Pradesh,NR,26.3551471,80.6934544,True,2,1205.0
BAKHLETA,BQQ,Madhya Pradesh,,23.846381,79.96972000000001,True,3,614.0
BHILAI NAGAR,BQR,Chhattisgarh,,21.2013382,81.33434510000001,True,6,162.0
BAKTAR NAGAR,BQT,West Bengal,,23.589945,87.15689900000001,False,0,713.0
Bhattiprolu,BQU,Andhra Pradesh,SCR,16.105632000000004,80.787953,True,4,574.0
BARAKALAN,BQW,Bihar,,25.4915162541,83.8494928638,False,0,711.0
BELERHAT,BQY,West Bengal,ER,23.51930706,88.28291748000001,False,0,713.0
BALLALPUR,BQZ,West Bengal,ER,24.747459000000003,87.91224299999999,False,0,713.0
BANDH BARETA,BR,Rajasthan,NCR,26.910367,77.364108,True,2,645.0
BARANG,BRAG,Odisha,,20.400699,85.832573,True,6,235.0
BALARAMAPURAM,BRAM,Kerala,SR,8.430107451,77.05132087999999,False,1,183.0
BORIBIAL,BRB,Maharashtra,,18.4077648636,74.6488080432,True,2,754.0
BORABANDA,BRBD,Telangana,,17.45922612,78.40786013,False,0,150.0
Birahalli,BRBL,Karnataka,SWR,12.667132,76.38519600000001,False,0,416.0
BARBERA,BRBR,Odisha,,22.5755618647,84.8694214429,False,0,235.0
BIRBANS,BRBS,Jharkhand,,22.79397464,86.01393866000001,True,3,270.0
VADODARA JN,BRC,Gujarat,,22.310756,73.181065,True,297,633.0
BARUACHAK,BRCK,Uttar Pradesh,,27.122672,82.055181,False,0,1205.0
BHANDARA ROAD,BRD,Maharashtra,,21.238512,79.64752299999999,True,37,754.0
Barda,BRDB,West Bengal,SER,22.15295838,88.08753041,False,0,713.0
Bardhana Halt,BRDH,Madhya Pradesh,,22.136014999999997,78.799478,False,1,614.0
BERIA DAULAT,BRDT,Uttarakhand,NER,29.13221,79.210042,False,0,46.0
Baradev,BRDV,Uttar Pradesh,NR,26.7017793648,80.4119287744,False,0,1205.0
BHARWARI,BRE,Uttar Pradesh,,25.5591917,81.4918665,True,9,1205.0
BARGARH,BRG,Uttar Pradesh,NCR,25.164270416300003,81.4500584753,True,4,1205.0
BARGARH ROAD,BRGA,Odisha,,21.332903,83.642586,True,42,235.0
BARGAON GUJAR,BRGJ,Madhya Pradesh,,21.7849180856,76.3562287756,False,0,614.0
BURGULA HALT,BRGL,Telangana,,16.993515,78.20522299999999,False,1,150.0
Baraigram Junction,BRGM,Assam,NFR,24.684059,92.344106,False,0,278.0
BAJRANGPURA,BRGP,Gujarat,,22.8387443721,71.7400647568,False,0,633.0
BHERAGHAT,BRGT,Madhya Pradesh,WCR,23.1697663,79.7978789,True,2,614.0
BARGAWAN,BRGW,Madhya Pradesh,WCR,24.197002,82.455989,True,2,614.0
VADODARA D CABIN,BRGY,Gujarat,,22.344458,73.159087,False,0,633.0
VADODARA E CABIN,BRGZ,Gujarat,,22.363671,73.159395,False,0,633.0
BAIKUNTHPUR RD,BRH,Chhattisgarh,SECR,23.317286,82.5298836,True,6,162.0
BABA RAGHUNI HALT DWARIKA,BRHD,Bihar,,25.7600467439,86.5967982178,False,0,711.0
BARYAL HIMACHAL,BRHL,Himachal Pradesh,NR,32.025465000000004,76.100072,False,0,55.0
BARAHU,BRHU,Assam,NFR,26.1204333815,92.1395124182,True,2,278.0
BHIRINGI,BRI,Madhya Pradesh,WCR,22.227752,76.941024,False,0,614.0
Bairi Halt,BRIH,Bihar,,25.1586115967,84.2113217236,False,0,711.0
Brace Bridge,BRJ,West Bengal,ER,22.517861,88.301496,False,0,713.0
BRAJRAJNAGAR,BRJN,Odisha,,21.822718,83.923653,True,20,235.0
Bahraich,BRK,Uttar Pradesh,NER,27.581536,81.6075183,True,2,1205.0
BARKAKANA,BRKA,Jharkhand,,23.624159,85.469553,True,25,270.0
BHARATKHAND HALT,BRKB,Bihar,,25.400254,86.805753,False,0,711.0
BHARATKHAND HALT,BRKD,Bihar,,25.400724,86.806223,False,0,711.0
Bisapur Kalan Halt,BRKH,Madhya Pradesh,SECR,21.914681,78.923701,True,2,614.0
BARKIPONA,BRKP,Jharkhand,,23.568766,85.64647599999999,False,0,270.0
BORAKI,BRKY,Uttar Pradesh,,28.507907999999997,77.56361700000001,False,0,1205.0
BARWALA ROAD,BRL,Gujarat,,22.902131,70.714894,False,0,633.0
BRAYLA CHAURASI,BRLA,Madhya Pradesh,WR,23.5556827445,75.0927610413,True,2,614.0
BAR LANGFER S,BRLF,Assam,NFR,25.755626,93.225136,False,0,278.0
Barauli,BRLI,Uttar Pradesh,NCR,26.552056,77.424988,False,0,1205.0
BIROLIYA,BRLY,Rajasthan,NWR,25.170546,73.192517,True,2,645.0
BARABAMBO,BRM,Jharkhand,,22.70169729,85.72902995999999,True,6,270.0
BIRAMDIH,BRMD,West Bengal,,23.04578437,86.19920954,True,2,713.0
BRAHMANI PH,BRMI,Odisha,,20.862952007599997,86.0562098645,False,0,235.0
BERMO,BRMO,Jharkhand,ECR,23.772498,85.955893,True,4,270.0
Biramitrapur,BRMP,Orissa,SER,22.3971312,84.7369583,False,0,65.0
BHARMAR,BRMR,Himachal Pradesh,NR,32.167399,75.954299,False,0,55.0
Baramati,BRMT,Maharashtra,CR,18.1536772,74.5781969,True,2,754.0
Barmi,BRMX,Uttar Pradesh,NR,27.489413,80.56082099999999,False,0,1205.0
BARHAN,BRN,Uttar Pradesh,,27.32891,78.19231699999999,False,1,1205.0
BERAWANYA,BRNA,Madhya Pradesh,,23.465606,75.33412200000001,True,4,614.0
BORIDAND,BRND,Madhya Pradesh,SECR,23.267799,82.178765,True,12,614.0
BARUANAGAR,BRNR,Assam,NFR,27.143953401599997,95.2336378912,False,0,278.0
BERORE,BROR,Rajasthan,,29.200034,73.300793,False,0,645.0
Baruipur Junction,BRP,West Bengal,ER,22.366657999999997,88.431647,False,0,713.0
BARUIPARA,BRPA,West Bengal,,22.766787,88.237381,False,0,713.0
Bisharpara Kodaliya,BRPK,West Bengal,ER,22.676284,88.434731,False,0,713.0
BARPALI,BRPL,Odisha,,21.1836377,83.59487580000001,True,14,235.0
Baripur Mandala,BRPM,Gujarat,WR,22.095187,73.3183471,False,0,633.0
BIRAPATTI,BRPT,Uttar Pradesh,,25.398912999999997,82.917265,False,1,1205.0
BAGRAKOT,BRQ,West Bengal,NFR,26.87063169,88.58596154,False,0,713.0
BARAKAR,BRR,West Bengal,,23.7416829,86.818859,True,18,713.0
BORDI ROAD,BRRD,Gujarat,WR,20.122424,72.766138,False,0,633.0
BIYAVRA RAJGARH,BRRG,Madhya Pradesh,,23.93591,76.907007,True,26,614.0
Birari,BRRI,Uttar Pradesh,,24.7313106127,78.50699749019999,False,0,1205.0
Barara Buzurg,BRRZ,Uttar Pradesh,,26.052652,81.08413800000001,False,0,1205.0
BIRSINGHPUR,BRS,Madhya Pradesh,,23.3672117,81.0433529,True,23,614.0
Barwa Kalan,BRSA,Uttar Pradesh,,27.391266,83.408343,False,0,1205.0
BRAR SQUARE,BRSQ,Delhi NCT,NR,28.613526,77.14079000000001,False,0,28.0
BIR PURUSHOTTAMPUR,BRST,Odisha,,19.99039983,85.80635131,False,0,235.0
BARTARA,BRTA,Uttar Pradesh,,27.837593,80.007541,False,0,1205.0
BARITHENGARH,BRTG,Odisha,,20.65696901,86.05967143000001,False,0,235.0
BHORTEX,BRTK,Maharashtra,,21.102507999999997,74.995996,True,4,754.0
Bharthali,BRTL,Gujarat,WR,,,False,0,633.0
BHAIROGANJ,BRU,Bihar,ECR,27.15141815,84.24239742,True,2,711.0
BARUD,BRUD,Madhya Pradesh,WCR,22.052142,76.814085,True,2,614.0
Borvihir,BRVR,Maharashtra,CR,20.7843263,74.8417412,True,2,754.0
Bariwala,BRW,Punjab,NR,30.532580000000003,74.65895300000001,True,2,297.0
BARWADIH JN,BRWD,Jharkhand,,23.843836,84.11877999999999,True,22,270.0
BAHERWA HALT,BRWH,Uttar Pradesh,,25.2518774982,82.7922887817,False,0,1205.0
BAREILLY,BRY,Uttar Pradesh,NER,28.3372843,79.4109744,True,2,1205.0
BARHIYA,BRYA,Bihar,,25.2832026,86.01507679999999,True,51,711.0
BARETA,BRZ,Punjab,NR,29.859333900000003,75.69240260000001,True,6,297.0
BARARI BAZAR,BRZR,Bihar,,25.4900643144,87.3553198425,False,0,711.0
Banisar,BS,Rajasthan,NWR,28.067563416,73.8954879211,False,0,645.0
BHAINSA,BSA,Uttar Pradesh,,27.391523,77.673452,False,0,1205.0
BANSH BARIA,BSAE,West Bengal,ER,22.957288,88.395641,True,2,713.0
VARANASI JN,BSB,Uttar Pradesh,,25.327281,82.986468,True,201,1205.0
BHUSAWAL B CABIN,BSBN,Maharashtra,,21.049919000000003,75.822458,False,0,754.0
BIR SHIBPUR,BSBP,West Bengal,,22.473359,88.053112,False,0,713.0
BANSHLAI BRIDGE,BSBR,West Bengal,,24.502611,87.862439,False,0,713.0
VARANASI YARD,BSBY,Uttar Pradesh,,25.3252123487,82.9751998096,False,0,1205.0
Bulandshahr,BSC,Uttar Pradesh,NR,28.3919187,77.8482415,True,6,1205.0
BASUCHAK,BSCK,Uttar Pradesh,NER,25.53140767,83.34822341,False,0,1205.0
BHUSAWAL C CABIN,BSCN,Maharashtra,,21.046545,75.821624,False,0,754.0
BASKATWA B. H.,BSCP,Jharkhand,,24.547613,85.366148,False,0,270.0
Basuldanga,BSD,West Bengal,ER,22.20374787,88.23393947000001,False,0,713.0
BANIYA SANDA DHORA,BSDA,Rajasthan,NWR,25.86023,71.668563,False,0,645.0
BHARSENDI,BSDL,Madhya Pradesh,WCR,24.036488,82.06039,False,0,614.0
BHUSANDPUR,BSDP,Odisha,,19.9517927,85.4764825,True,8,235.0
Bansadhara Halt,BSDR,Andhra Pradesh,ECoR,18.970276,83.822754,False,0,574.0
BADSHAHPUR,BSE,Uttar Pradesh,,25.652268,82.190552,True,11,1205.0
BAIS GODAM,BSGD,Rajasthan,,26.90199441,75.7898479,False,0,645.0
BASUGAON,BSGN,Assam,,26.460164,90.42015,False,0,278.0
Bhagsar,BSGR,Punjab,NR,30.452385,74.40197699999999,False,0,297.0
BSGS,BSGS,,,,,False,0,
Basirhat,BSHT,West Bengal,ER,22.650516,88.86896,False,0,713.0
BASBARI,BSI,Assam,NFR,26.184354000000003,89.900353,True,2,278.0
Bhupalsagar,BSJ,Rajasthan,NWR,24.8477620899,74.2116131934,False,0,645.0
Basukinath,BSKH,Jharkhand,ER,24.388941000000003,87.045099,True,2,270.0
Bhesana Manknaj,BSKN,Gujarat,WR,23.4987569498,72.3312086395,False,0,633.0
BANSKHO,BSKO,Rajasthan,,26.856115,76.142206,True,2,645.0
BASI KIRATPUR,BSKR,Uttar Pradesh,NR,29.497228000000003,78.213283,False,0,1205.0
BHUSAVAL JN,BSL,Maharashtra,,21.0472812,75.78867170000001,True,246,754.0
Bhasila,BSLA,West Bengal,ER,22.665494,88.65854499999999,False,0,713.0
BATASPUR,BSLE,West Bengal,,23.8802785594,87.6806814746,True,2,713.0
BSLX,BSLX,,,,,False,0,
BISANATTAM,BSM,Karnataka,,12.84262771,78.25031624,True,2,416.0
BANASANDRA,BSN,Karnataka,SWR,13.265332,76.659317,False,0,416.0
BILASPUR JN,BSP,Chhattisgarh,,22.057473,82.167585,True,129,162.0
BSPC,BSPC,,,,,False,0,
BIASPIND,BSPD,Punjab,,31.459179,75.632658,False,0,297.0
BISHANPUR HARYANA,BSPH,Haryana,NR,29.274012000000003,76.323906,False,0,201.0
BISPUR,BSPK,Odisha,,22.3740198995,84.9464074011,False,0,235.0
BASAMPALLE,BSPL,Andhra Pradesh,,14.31123523,77.74596344999999,True,2,574.0
BASSI PATHANAM,BSPN,Punjab,,30.6884592,76.4096692,True,2,297.0
BISHRAMPUR,BSPR,Chhattisgarh,SECR,23.179178,82.98289000000001,True,6,162.0
Banspani,BSPX,Orissa,SER,22.00024281,85.42341227,True,4,65.0
BARSI TAKLI,BSQ,Maharashtra,SCR,20.576054000000003,77.060902,False,0,754.0
BANSIPUR,BSQP,Bihar,,25.1245132245,86.1448204578,True,14,711.0
VASAI ROAD,BSR,Maharashtra,WR,19.3824486,72.8322217,True,94,754.0
BASARHIA HALT,BSRA,Bihar,,25.6921049276,85.8109824023,False,0,711.0
BESROLI,BSRL,Rajasthan,,26.990674,74.560725,True,2,645.0
BAGEVADI RD,BSRX,Karnataka,SWR,16.47986853,75.82814753,True,10,416.0
BAHADUR SINGH WALA,BSS,Punjab,NR,30.319025,75.858906,True,2,297.0
Basi Beriasal,BSSL,Rajasthan,WCR,25.024084,74.764318,False,0,645.0
BASTI,BST,Uttar Pradesh,,26.815678,82.77005899999999,True,78,1205.0
Basantapur,BSTP,Orissa,ECoR,21.548768,85.67658999999999,True,2,65.0
Bisalpur,BSUR,Uttar Pradesh,NER,28.290515999999997,79.812599,False,0,1205.0
Baneswar,BSW,West Bengal,NFR,26.388205,89.494466,False,0,713.0
Baiswara,BSWA,Uttar Pradesh,NR,26.284843,80.83471200000001,False,0,1205.0
BHEMSWADI,BSWD,Gujarat,,21.485727,71.357286,False,0,633.0
BASAR,BSX,Andhra Pradesh,SCR,18.86512,77.938506,True,40,574.0
BARSATHI,BSY,Uttar Pradesh,NR,25.564133,82.473946,False,0,1205.0
BARKISALALYA,BSYA,Bihar,,24.773978,84.178495,True,3,711.0
Bharwa Sumerpur,BSZ,Uttar Pradesh,NCR,25.825413,80.167419,True,3,1205.0
Barasat,BT,West Bengal,ER,22.72388,88.48348299999999,False,0,713.0
BIHTA,BTA,Bihar,,25.560948600000003,84.8740874,True,24,711.0
BUTI BORI,BTBR,Maharashtra,,20.91847276,79.01362896,True,2,754.0
Balaghat Junction,BTC,Madhya Pradesh,SECR,21.8116285,80.19988529999999,True,7,614.0
Balaghat,BTCN,Madhya Pradesh,,21.8111685,80.1994253,False,0,614.0
BOTAD JN,BTD,Gujarat,WR,22.1828706,71.6655966,True,19,633.0
BOTAD JN,BTDF,Gujarat,,22.1826706,71.6653966,False,0,633.0
Batadrowa Road,BTDR,Assam,NFR,26.466939,92.538085,False,0,278.0
BHARATPUR JN,BTE,Rajasthan,,27.237107,77.488613,True,79,645.0
BATHNAHA,BTF,Bihar,,26.341854,87.237767,False,0,711.0
BASHARATGANJ,BTG,Uttar Pradesh,NR,28.288009,79.2851956,True,4,1205.0
Bettadnagenhali,BTGH,Karnataka,SWR,14.1738302683,76.2593350818,False,0,416.0
BETTIAH,BTH,Bihar,ECR,26.8058847,84.5229561,True,18,711.0
BITHAULI,BTHL,Bihar,,25.817069,85.29179,False,0,711.0
BHATINDA JN,BTI,Punjab,NR,30.209488,74.932083,True,48,297.0
BHATINDA B CABIN,BTIB,Punjab,,30.150805,74.940231,False,0,297.0
BHATINDA CANTT,BTIC,Punjab,NR,30.19088,74.954044,True,3,297.0
BISHNATHGANJ,BTJ,Uttar Pradesh,NR,25.801897,81.935379,True,4,1205.0
BHATKAL,BTJL,Karnataka,KR,13.98866,74.5655589,True,30,416.0
BANKATA,BTK,Bihar,,26.265917,84.09492,True,6,711.0
Bathna Krittibas Halt,BTKB,West Bengal,ER,23.236313600000003,88.48266943,False,0,713.0
BHARATKUND,BTKD,Uttar Pradesh,NR,26.6360965,82.12739309999999,False,0,1205.0
Bhatkal,BTKL,Karnataka,KR,13.987012001486876,74.56730199046433,False,0,416.0
BHARAT KUP,BTKP,Uttar Pradesh,NCR,25.217166,80.76767899999999,True,4,1205.0
BORTALAO,BTL,Chhattisgarh,,21.218301,80.626207,True,2,162.0
Battulapuram,BTM,Andhra Pradesh,SCR,13.74759508,78.30580244,False,0,574.0
BHARTNAGAR,BTNR,Telangana,,17.46139991,78.42819281999999,False,0,150.0
BHITAURA,BTO,Uttar Pradesh,,28.469954,79.306506,True,4,1205.0
BABATPUR,BTP,Uttar Pradesh,,25.453616,82.8800248,True,12,1205.0
Bethampurdi,BTPD,Andhra Pradesh,SCR,17.543986,80.573657,True,4,574.0
Betheria Ghola,BTPG,West Bengal,ER,22.350122,88.573321,False,0,713.0
CHAKIA THERMAL HALT,BTPH,Bihar,,25.4012639369,86.01624276369999,False,0,711.0
Betnoti,BTQ,Orissa,SER,21.741339999999997,86.8435187,True,2,65.0
BUTARI,BTR,Punjab,,31.556444,75.183274,True,2,297.0
BANTHRA,BTRA,Uttar Pradesh,,27.929239,79.82818,True,4,1205.0
Bitrol,BTRI,Uttar Pradesh,NER,27.984069,78.92398,False,0,1205.0
BASTOI HALT,BTRO,Uttar Pradesh,,27.66742,78.285451,False,0,1205.0
BASTA,BTS,Odisha,,21.7029241,87.0637831,True,8,235.0
BHATISUDA,BTSD,Madhya Pradesh,,23.392187,75.421478,True,3,614.0
Batasi,BTSI,West Bengal,,26.606703,88.175047,False,0,713.0
BHUTESHWAR,BTSR,Uttar Pradesh,,27.50137,77.66784,False,1,1205.0
BHATNI JN,BTT,Uttar Pradesh,,26.381257,83.934035,True,50,1205.0
BHATIAN,BTTN,Punjab,,31.071444,75.780007,False,0,297.0
BITRAGUNTA,BTTR,Andhra Pradesh,,14.7685848,79.98314599999999,True,24,574.0
BARAUT,BTU,Uttar Pradesh,NR,29.09692,77.273006,True,4,1205.0
BAITARANI ROAD,BTV,Odisha,,20.986996,86.23539299999999,True,4,235.0
BATUVA,BTVA,Andhra Pradesh,,18.34308678,83.62409646,False,0,574.0
BARSI TOWN,BTW,Maharashtra,CR,18.240993,75.718169,True,16,754.0
BETWA CABIN,BTWN,Madhya Pradesh,,23.509200999999997,77.787463,False,0,614.0
BELA TAL,BTX,Uttar Pradesh,NCR,25.2767862477,79.55448188960001,True,4,1205.0
Bethuadahari,BTY,West Bengal,ER,23.610275,88.384597,True,10,713.0
Bhatariya,BTYA,Gujarat,,23.438252,72.274465,False,0,633.0
BALIMARA,BTZ,Assam,NFR,27.236868,95.333576,False,0,278.0
BASWA,BU,Haryana,NWR,27.149686000000003,76.575644,True,9,201.0
BARADWAR,BUA,Chhattisgarh,,22.011725,82.813724,True,10,162.0
Bissau,BUB,Rajasthan,NWR,28.2401014,75.0612084,False,0,645.0
BHUTAKIA BHIMSA,BUBR,Gujarat,,23.53354,70.908462,False,0,633.0
BURAHA BHARTHA,BUBT,Uttar Pradesh,NCR,27.108219,78.67032900000001,False,0,1205.0
BADLAPUR,BUD,Maharashtra,,19.1663883,73.2390496,True,6,754.0
BHUDA,BUDA,Rajasthan,,27.1289860174,76.8145379749,False,0,645.0
Bundi,BUDI,Rajasthan,WCR,25.407922,75.65069899999999,True,14,645.0
BADMAL,BUDM,Odisha,,20.3849,83.27114900000001,True,12,235.0
BAUDPUR,BUDR,Odisha,,21.063446010800003,86.4629040051,False,0,235.0
BARUNA,BUE,Bihar,,25.569781000000003,84.08917199999999,False,0,711.0
Bimlagarh Junction,BUF,Orissa,SER,21.964332,85.017326,False,0,65.0
BAGAHA,BUG,Bihar,ECR,27.130045000000003,84.066991,True,16,711.0
Buglanwali,BUGL,Rajasthan,NWR,29.79175066957987,74.23897337168455,False,0,645.0
BHURJIHA BARAGN,BUGN,Uttar Pradesh,,27.638101,80.726312,False,0,1205.0
Bugia Halt,BUGY,Rajasthan,,29.38048,73.608155,False,0,645.0
BURHAR,BUH,Madhya Pradesh,,23.213204,81.528406,True,23,614.0
BALLIA,BUI,Bihar,,25.76057,84.15311999999999,True,56,711.0
BARAUNI FLAG,BUJ,Bihar,,25.4735905867,85.96507848819999,False,0,711.0
BHALULATA,BUL,Jharkhand,,22.266491,85.060382,True,4,270.0
BOMMASAMUDRAM,BUM,Tamil Nadu,,13.044566,79.176067,False,0,557.0
BARIARPUR,BUP,Bihar,,25.2810286076,86.5740372229,True,34,711.0
BABUPETH,BUPH,Maharashtra,,19.923131,79.313027,True,2,754.0
Bargi,BUQ,Madhya Pradesh,SECR,22.995932999999997,79.875125,True,9,614.0
BINDAURA,BUR,Uttar Pradesh,,27.0210232397,81.3252031305,False,0,1205.0
Bahuara,BURA,Bihar,,25.8968700235,84.7834807544,False,0,711.0
BURNPUR,BURN,West Bengal,SER,23.6719137,86.9386234,True,17,713.0
BADAUSA,BUS,Uttar Pradesh,NCR,25.248423000000003,80.651011,False,0,1205.0
BAYTU,BUT,Rajasthan,NWR,25.897537999999997,71.76868,True,8,645.0
BHADUTALA,BUTA,West Bengal,SER,22.485657,87.3208,False,0,713.0
BHADANPUR,BUU,Madhya Pradesh,WCR,24.16808,80.679777,True,2,614.0
BURHWAL,BUW,Uttar Pradesh,,27.087081,81.39016,True,12,1205.0
BHANDAK,BUX,Maharashtra,,20.084262,79.112528,True,5,754.0
BABHNAN,BV,Uttar Pradesh,,26.938525,82.500127,True,19,1205.0
BAURIA JN,BVA,West Bengal,,22.5035911202,88.1635216052,True,4,713.0
BVAC,BVAC,,,,,False,0,
BHADBHADAGHAT,BVB,Madhya Pradesh,,23.375165,77.535282,True,2,614.0
BVBC,BVBC,,,,,False,0,
BHAVNAGAR TERMINUS,BVC,Gujarat,WR,21.781668,72.141059,True,16,633.0
BALLABGARH,BVH,Haryana,,28.3408609239,77.312775968,True,27,201.0
BORIVALI,BVI,Maharashtra,WR,19.228739,72.85641199999999,True,120,754.0
BIKKAVOLU,BVL,Andhra Pradesh,,16.9693168335,82.031148067,True,5,574.0
BAYYAVARAM,BVM,Andhra Pradesh,,17.660147,82.930592,True,2,574.0
BISWAN,BVN,Uttar Pradesh,,27.4894825714,80.990464292,True,2,1205.0
BHAVANI NAGAR,BVNR,Maharashtra,CR,17.156895,74.312946,True,3,754.0
BOGOLU,BVO,Andhra Pradesh,,15.473393,77.914295,False,0,574.0
BHAVANAGAR PARA,BVP,Gujarat,WR,21.77089,72.11868199999999,True,8,633.0
BHILAVDI,BVQ,Maharashtra,CR,17.008048,74.51678100000001,True,7,754.0
BANAVAR,BVR,Karnataka,SWR,13.395698823,76.1400537476,False,0,416.0
Bhimavaram Junction,BVRM,Andhra Pradesh,SCR,16.543097,81.538335,True,8,574.0
BHIMAVARAM TOWN,BVRT,Andhra Pradesh,SCR,16.547348,81.516853,True,25,574.0
BHIVPURI ROAD,BVS,Maharashtra,,18.970654999999997,73.331324,False,0,754.0
Bahminiwala,BVW,Punjab,NR,30.54894,74.19313199999999,False,0,297.0
Naloi Barwa,BVZ,Haryana,,28.96314483,75.62385717000001,False,1,201.0
BIWAI,BW,Rajasthan,,27.1106230397,76.6960924713,False,0,645.0
BHINWALIYA,BWA,Rajasthan,NWR,25.5596627,73.4924808,True,2,645.0
BAGWALI,BWB,Punjab,NWR,30.033152,74.772519,True,4,297.0
Bewar Bhojan,BWBN,Rajasthan,,28.5476822027,75.5683413623,False,0,645.0
Banwali,BWC,Rajasthan,NWR,29.91997899999999,74.029894,False,0,645.0
BELVANDI,BWD,Maharashtra,,18.710718,74.621981,True,6,754.0
BUTEWALA,BWF,Punjab,NR,31.080357,74.896803,False,0,297.0
BHADAURA,BWH,Uttar Pradesh,,25.4504253,83.738354,True,12,1205.0
BILWAI,BWI,Uttar Pradesh,,26.158966,82.665181,True,4,1205.0
Bhawanipatna,BWIP,Odisha,,19.93393,83.15839799999999,True,2,235.0
Bawani Khera,BWK,Haryana,NWR,28.939509,76.032707,True,4,201.0
BAWAL,BWL,Haryana,NWR,28.070281,76.572402,True,5,201.0
BHAWANI MANDI,BWM,Madhya Pradesh,,24.419472000000003,75.82981,True,39,614.0
BARDDHAMAN JN,BWN,West Bengal,,23.249718,87.87028099999999,True,152,713.0
BWND,BWND,,,,,False,0,
Buramara,BWO,Jharkhand,,22.107567000000003,86.650295,False,0,270.0
Bhawanipur Kalan,BWP,Uttar Pradesh,NER,27.415623,82.161102,False,0,1205.0
BHAWANIPUR BIHAR,BWPB,Bihar,,25.5946164603,87.8677507141,False,0,711.0
Balwant Pura Chelasi,BWPL,Rajasthan,NWR,27.9104715,75.44328689999999,False,0,645.0
BARWA SAGAR,BWR,Uttar Pradesh,NCR,25.351848,78.731628,True,6,1205.0
BHARATWADA,BWRA,Maharashtra,,21.231695,79.0171081,False,0,754.0
BADWASI,BWS,Rajasthan,,27.311355,73.663015,True,2,645.0
BIJWASAN,BWSN,Delhi NCT,NR,28.536700000000003,77.051292,False,1,28.0
BANGARAPET,BWT,Karnataka,,12.984808,78.178188,True,70,416.0
Bhiwapur,BWV,Maharashtra,SECR,20.76925671,79.51148736,False,0,754.0
Barwaha,BWW,Madhya Pradesh,WR,22.2554459,76.0302621,True,4,614.0
BAHMAN DIWANA,BWX,Punjab,NR,30.225526,74.849153,False,1,297.0
Baddowal,BWZ,Punjab,NR,30.862117,75.742678,False,0,297.0
Balod,BXA,Chhattisgarh,SECR,20.740984,81.205261,True,2,162.0
Banga,BXB,Punjab,NR,31.177139,75.999562,False,0,297.0
Barwala,BXC,Haryana,NR,29.367534,75.88703100000001,True,2,201.0
Barsuan,BXF,Odisha,SER,21.847398,85.119799,False,0,235.0
Bhanga,BXG,Assam,NFR,24.857347,92.457351,False,0,278.0
Boxirhat,BXHT,West Bengal,,26.307287,89.751593,False,0,713.0
BOKAJAN,BXJ,Assam,NFR,26.018426,93.779466,True,16,278.0
BANDARKHAL,BXK,Assam,NFR,25.069785,92.800717,False,0,278.0
BHEDUASOL,BXL,West Bengal,SER,23.1943639299,87.13517327999999,False,0,713.0
BILLI,BXLL,Uttar Pradesh,ECR,24.453381,83.011944,False,0,1205.0
BELRAYAN,BXM,Uttar Pradesh,NER,28.379381,80.915268,True,2,1205.0
BAYANA JN,BXN,Rajasthan,WCR,26.916354,77.29713100000001,True,41,645.0
BARPATHAR,BXP,Assam,NFR,26.274562,93.899672,True,6,278.0
BRUNDAMAL,BXQ,Odisha,,21.806503000000003,84.016216,False,0,235.0
BUXAR,BXR,Bihar,,25.562067,83.982184,True,84,711.0
PICHCHANDARKOVL,BXS,Tamil Nadu,,10.881112,78.720236,False,0,557.0
Bamanhat,BXT,West Bengal,NFR,26.076284459879247,89.62797752581537,False,0,713.0
Bordhal,BXY,Madhya Pradesh,CR,21.997011,78.348164,True,3,614.0
BYCULLA,BY,Maharashtra,CR,18.97695,72.833211,False,0,754.0
BELLARY CANT,BYC,Karnataka,SWR,15.150286,76.89450500000001,True,5,416.0
BYADGI,BYD,Karnataka,SWR,14.6997230018,75.4900954675,True,4,416.0
BANSI BOHERA,BYE,Rajasthan,,24.363232999999997,74.38867400000001,False,0,645.0
BHITI,BYH,Uttar Pradesh,NER,25.333548,82.261348,False,0,1205.0
BARYA RAM,BYHA,Uttar Pradesh,NR,25.566931,82.22659200000001,False,1,1205.0
BELHA,BYL,Chhattisgarh,,21.961973,82.077189,True,17,162.0
BANAHI,BYN,Bihar,,25.561301,84.389916,True,10,711.0
MOOKAMBIKA ROAD,BYNR,Karnataka,KR,13.87259,74.63279,True,24,416.0
BAYALUVADDIGERI,BYO,Karnataka,,15.230476,76.533248,False,0,416.0
Baijnathpur,BYP,Bihar,ECR,25.901014,86.653766,False,0,711.0
Baiyyappanahalli,BYPA,Karnataka,,12.9912,77.651853,False,0,416.0
BAIYYAPPANAHALI,BYPL,Karnataka,,12.990198,77.650886,True,10,416.0
BAIYYAPPANAHALLI YARD CABIN,BYPY,Karnataka,,13.0067311694,77.62557964230001,False,0,416.0
Bahai,BYQ,Uttar Pradesh,,26.122334,81.01527999999999,False,0,1205.0
BHAYANDAR,BYR,Maharashtra,WR,19.311766,72.85303900000001,False,1,754.0
BARSALI,BYS,Madhya Pradesh,,21.909813,78.03136099999999,True,2,614.0
Basulyasutahata,BYSA,West Bengal,SER,22.12030128,88.13056325,False,0,713.0
BHATAPARA,BYT,Chhattisgarh,,21.732464,81.946062,True,73,162.0
BETGARA,BYXA,West Bengal,,26.612665,88.885559,False,0,713.0
BYREE,BYY,Odisha,,20.628257,86.034947,False,0,235.0
BHARUR,BZ,Punjab,NR,30.165006839,75.8156104224,False,0,297.0
VIJAYAWADA JN,BZA,Andhra Pradesh,,16.518262,80.61864800000001,True,312,574.0
BARRA BAZAR,BZB,West Bengal,,22.590907,88.351803,False,0,713.0
BASERIA,BZE,Jharkhand,,23.786754,86.381653,False,0,270.0
Bilga,BZG,Punjab,NR,31.058267,75.66684099999999,True,2,297.0
Bazurghat,BZGT,Assam,NFR,24.607593,92.383418,False,0,278.0
BAZIDA JATAN,BZJT,Haryana,,29.613391,76.965812,False,0,201.0
BHAINI KHURD,BZK,Haryana,,29.751544,76.95536200000001,False,0,201.0
BELANAGAR,BZL,West Bengal,,22.661605,88.318224,False,0,713.0
BAZARSAU,BZLE,West Bengal,ER,23.8757926,88.1828793,True,9,713.0
BHIMSEN,BZM,Uttar Pradesh,,26.419754,80.21814499999999,True,12,1205.0
BAGNAN,BZN,West Bengal,,22.462515,87.97071100000001,True,8,713.0
BARSOLA,BZO,Haryana,NR,29.394379,76.231711,True,3,201.0
BISRA,BZR,Odisha,,22.248412,84.998591,True,8,235.0
BANSJORA,BZS,Jharkhand,,23.789931,86.354545,False,0,270.0
BETUL,BZU,Madhya Pradesh,,21.896393,77.90589700000001,True,83,614.0
BASAI,BZY,Madhya Pradesh,,25.142923,78.394254,True,5,614.0
CHAKIA,CAA,Bihar,ECR,26.417182,85.04636,True,14,711.0
BHILAI CABIN,CABN,Chhattisgarh,,21.236052,81.499084,False,0,162.0
CHHANERA,CAER,Madhya Pradesh,WCR,21.963965,76.707775,True,10,614.0
Chanda Fort,CAF,Maharashtra,SECR,19.9400612,79.3122585,True,2,754.0
CHHABRA GUGOR,CAG,Rajasthan,WCR,24.680339,76.850989,True,12,645.0
CHANPATIA,CAI,Bihar,ECR,26.94163,84.53063900000001,True,4,711.0
CHAKRAJ MAL,CAJ,Uttar Pradesh,,29.249784,78.536047,False,0,1205.0
CHHOTA AMBANA,CAM,Jharkhand,,23.762753179999997,86.57461305,False,0,270.0
CHAMUA,CAMU,Bihar,ECR,27.1377021778,84.40083419070001,False,0,711.0
KANNUR,CAN,Kerala,SR,11.8706942,75.3683267,True,92,183.0
CHAURADANO,CAO,Central Region,,26.85049224,85.01767731,False,0,7.0
CHATRAPUR,CAP,Odisha,,19.3589572,84.97327299999999,True,38,235.0
Chhapra Jn,CAPA,Bihar,,25.787896,84.724365,False,0,711.0
CHATRAPUR COURT,CAPC,Odisha,,19.358941,84.982543,False,0,235.0
KANYAKUMARI,CAPE,Tamil Nadu,SR,8.088028,77.542504,True,18,557.0
CHUNAR,CAR,Uttar Pradesh,,25.103351,82.874703,True,37,1205.0
CHAS ROAD,CAS,West Bengal,,23.415513,86.225425,False,0,713.0
CHHANSARA,CASA,Gujarat,,23.767566,71.276337,False,0,633.0
CHATTAR HAT,CAT,West Bengal,,26.548827,88.323376,False,0,713.0
CHHATA ASCHAURA,CATA,Bihar,,25.824617,84.253936,False,0,711.0
Chataud,CATD,Chhattisgarh,SECR,21.015051,81.73716,False,0,162.0
CHAUHANI,CAZ,Madhya Pradesh,,23.332144,76.264491,False,0,614.0
COIMBATORE JN,CBE,Tamil Nadu,,10.997639,76.966298,True,124,557.0
COIMBATORE NORTH,CBF,Tamil Nadu,,11.019937,76.954304,True,109,557.0
Charbhuja Road,CBG,Rajasthan,NWR,25.352227999999997,73.946241,True,2,645.0
CHAUBE,CBH,Jharkhand,,24.2372952691,85.8160239368,False,0,270.0
CLUTTER BUCK GANJ,CBJ,Uttar Pradesh,,28.396895,79.371946,True,4,1205.0
CHACHAURA BINAGANJ,CBK,Madhya Pradesh,,24.178144,77.01660299999999,True,12,614.0
CUMBUM,CBM,Andhra Pradesh,,15.592947,79.110832,True,16,574.0
CHIT BARAGAON,CBN,Uttar Pradesh,NER,25.744109,84.00154,True,2,1205.0
Chik Ballapur,CBP,Karnataka,SWR,13.4313153,77.7325398,False,0,416.0
CHAUBEPUR,CBR,Uttar Pradesh,,26.598927999999997,80.21142400000001,False,0,1205.0
Chaibasa,CBSA,Jharkhand,SER,22.560494,85.812342,True,6,270.0
CHARBATIA,CBT,Odisha,,20.5693839,85.9113306,False,0,235.0
Chinna Babu Samudram,CBU,Tamil Nadu,SR,11.919465,79.686417,True,2,557.0
CHAND BHAN,CBX,Punjab,NR,30.445148,74.88002100000001,False,0,297.0
Churaibari,CBZ,Tripura,NFR,24.433621,92.241248,False,0,17.0
CHAURI CHAURA,CC,Uttar Pradesh,,26.673882,83.545894,True,15,1205.0
CHIGICHERLA,CCA,Andhra Pradesh,,14.517474,77.68348800000001,True,4,574.0
BMY C CABIN,CCAB,Chhattisgarh,,21.209789,81.44306300000001,False,0,162.0
Chicholi Buzurg,CCBG,Maharashtra,,20.613113,79.912753,False,0,754.0
CHICHONDA,CCD,Madhya Pradesh,,21.709709,78.352032,False,0,614.0
CHINCHVAD,CCH,Maharashtra,,18.638903,73.79139199999999,True,16,754.0
Chinnekuntapali,CCI,Andhra Pradesh,SCR,14.4427884187,77.8420563,True,2,574.0
CHICHAKI,CCK,Jharkhand,,24.053224666,85.9917268481,True,2,270.0
CHANCHELAV,CCL,Gujarat,,22.79582544,73.71433934,False,0,633.0
CCLINK-WEST,CCLW,West Bengal,,22.657411,88.305512,False,0,713.0
Chicholi,CCO,Maharashtra,,21.458741,79.702691,False,0,754.0
Chhuchhapura Junction,CCP,Gujarat,WR,22.214729,73.594519,False,0,633.0
CC RLY LINK CAB,CCRL,West Bengal,,22.652855,88.315286,False,0,713.0
CCSJ,CCSJ,,,,,False,0,
KAKINADA TOWN,CCT,Andhra Pradesh,SCR,16.9670099,82.2329218,True,18,574.0
CHANDRAPUR,CD,Maharashtra,,19.960126,79.300505,True,69,754.0
CHUDA,CDA,Gujarat,WR,22.4952113502,71.7500982013,True,4,633.0
CHANDANPUR,CDAE,West Bengal,,22.8813,88.17617700000001,False,0,713.0
CHAUDHRIBANDH,CDB,Jharkhand,,24.1118528783,85.9464457367,False,0,270.0
CHEDHABANNI HALT,CDBN,Bihar,,25.491823628699997,86.5971965247,False,0,711.0
Chandod,CDD,Gujarat,WR,21.99195697308774,73.45218163914979,False,0,633.0
CHANDIGARH,CDG,Chandigarh,NR,30.7019773,76.82208,True,63,2.0
CHANDRAKONA RD,CDGR,West Bengal,SER,22.739076,87.340588,True,14,713.0
Chakdaha,CDH,West Bengal,ER,23.078406,88.529672,True,4,713.0
CHANDNI,CDI,Madhya Pradesh,CR,21.427164,76.350657,False,0,614.0
CHANDKHERA ROAD,CDK,Gujarat,WR,23.111868,72.563224,False,0,633.0
CHODIALA,CDL,Uttar Pradesh,,29.896398,77.738546,False,0,1205.0
Chandlodiya,CDLD,Gujarat,WR,23.0751633,72.5440359,False,0,633.0
CHIDAMBARAM,CDM,Tamil Nadu,SR,11.391471,79.7033411,True,28,557.0
Chandeshwarsthan,CDMA,Bihar,ECR,26.3332565,86.3107502,False,0,711.0
CHANDAULI MJHWR,CDMR,Uttar Pradesh,,25.261093,83.267724,True,7,1205.0
CHANDANAGAR,CDNR,Telangana,,17.487697,78.333575,False,0,150.0
CHADOTAR,CDQ,Gujarat,WR,24.18394723,72.37251094,False,0,633.0
CHANDERA,CDRA,Kerala,SR,12.179818,75.168292,False,0,183.0
CHHANDRAULI,CDRL,Uttar Pradesh,,26.699202,81.23044,False,1,1205.0
CHANDISAR,CDS,Gujarat,WR,24.2064915,72.3128162,False,0,633.0
CHANDRESAL,CDSL,Rajasthan,WCR,25.212948,75.943986,True,2,645.0
CHHARODI,CE,Gujarat,,23.0491235176,72.2509186072,True,4,633.0
CHEBROL,CEL,Andhra Pradesh,,16.819948,81.396533,True,4,574.0
CHEEKATEEGALPLM,CEM,Andhra Pradesh,,16.011698,79.682842,True,4,574.0
CHEGRO,CEME,Jharkhand,,24.0842485151,85.964766012,False,0,270.0
CHIHERU,CEU,Punjab,,31.262694745,75.70669127869999,False,1,297.0
CHAKITING,CFG,Assam,NFR,26.5616754046,94.0956546234,False,0,278.0
Canning,CG,West Bengal,ER,22.313264,88.667458,False,0,713.0
CHENGEL,CGA,West Bengal,,22.486845,88.13891000000001,False,0,713.0
Charghat Pipari,CGE,Madhya Pradesh,,23.037538,79.922584,False,0,614.0
CHARALI,CGF,Assam,NFR,27.4496656596,95.3509509503,False,0,278.0
CHOLANG,CGH,Punjab,NR,31.61726,75.639894,False,0,297.0
CHINNADAGUDI,CGHD,Karnataka,SWR,12.084594,76.732445,False,0,416.0
CHANDRAGIRI,CGI,Andhra Pradesh,,13.61173,79.31221500000001,True,4,574.0
CHANDAGIRIKOPAL,CGKP,Karnataka,SWR,12.478701999999998,76.716049,False,0,416.0
CHANDAGIRIKOPAL,CGKR,Karnataka,?,12.485167,76.730177,False,0,416.0
CHENGALPATTU,CGL,Tamil Nadu,,12.692863999999998,79.981519,True,72,557.0
Changotola,CGLA,Madhya Pradesh,?,22.2299461588,80.11878948120001,True,3,614.0
CHIRGAON,CGN,Madhya Pradesh,,25.575053,78.805761,True,11,614.0
CHHIDGAON,CGO,Madhya Pradesh,WCR,22.406953,77.314105,False,0,614.0
CHAYGAON,CGON,Assam,NFR,26.064069107,91.3952511639,False,0,278.0
CHANDAN NAGAR,CGR,West Bengal,,22.867469999999997,88.354421,True,11,713.0
CHANGSARI,CGS,Assam,,26.256204,91.693023,True,6,278.0
CHEGUNTA,CGTA,Karnataka,,16.48536136,77.30225045,False,0,416.0
CHINGAVANAM,CGV,Kerala,,9.537757,76.525885,False,0,183.0
Chargola,CGX,Assam,NFR,24.845884,92.416794,False,0,278.0
CHANGANASERI,CGY,Kerala,,9.449881,76.54841400000001,True,30,183.0
CHANDAUSI JN,CH,Uttar Pradesh,NR,28.458626,78.780268,True,26,1205.0
CHAWAPALL,CHA,Punjab,,30.7594625741,76.127464975,True,2,297.0
Chaf Halt,CHAF,Uttar Pradesh,,26.8285100187,84.0939686646,False,0,1205.0
CHAILAHA HALT,CHAH,Bihar,,26.6748122335,84.89464732670001,False,0,711.0
CHARMAL,CHAR,Odisha,,21.095391,84.204417,False,0,235.0
CHABUA,CHB,Assam,NFR,27.481420709,95.1720581342,True,2,278.0
Chandkhira Bagn,CHBN,Assam,NFR,24.515852,92.287381,False,0,278.0
CHAURE BAZAR,CHBR,Uttar Pradesh,NR,26.469531,82.118735,False,0,1205.0
CHAUBISI,CHBS,Uttar Pradesh,,26.576806771900003,81.43362396730001,False,0,1205.0
CHAKARBHATHA,CHBT,Chhattisgarh,,22.003082,82.112168,True,2,162.0
CHANCHAI,CHC,West Bengal,,23.157905,88.025521,False,0,713.0
CHACHER,CHCR,Maharashtra,,21.241422,79.354918,True,2,754.0
CHANDIA ROAD,CHD,Madhya Pradesh,,23.6454399,80.701436,True,15,614.0
CHANDA (HALT),CHDA,Uttar Pradesh,,26.063822,82.30754300000001,False,0,1205.0
CHHADA,CHDX,Madhya Pradesh,,23.237624,81.47142699999999,False,0,614.0
SRIKAKULAM ROAD,CHE,Andhra Pradesh,,18.408679,83.903771,True,78,574.0
MUMBAI CHINCHPOKLI,CHG,Maharashtra,CR,18.986789,72.832659,False,0,754.0
CHAUKHANDI,CHH,Uttar Pradesh,,25.3398947588,82.83483412599999,True,6,1205.0
Chhanva,CHHU,Orissa,SER,22.3355771,86.194643,False,0,65.0
CHIPLUN,CHI,Maharashtra,KR,17.542507399999998,73.522429,True,38,754.0
CHIRAI BG,CHIB,Gujarat,,23.208801,70.242149,False,0,633.0
CHITHARI HALT,CHIT,Uttar Pradesh,,25.228309,79.89076200000001,False,0,1205.0
CHATA,CHJ,Uttar Pradesh,,27.711992,77.502978,True,9,1205.0
CHITODA,CHJC,Maharashtra,,20.708474,78.62974,False,0,754.0
CHAKERI,CHK,Uttar Pradesh,,26.38116,80.40654599999999,False,0,1205.0
CHAKKI BANK,CHKB,Punjab,NR,32.259653,75.636651,False,0,297.0
Challakere,CHKE,Karnataka,SWR,14.315154,76.66001700000001,True,4,416.0
CHOLA,CHL,Uttar Pradesh,,28.31216512,77.72940894,True,5,1205.0
CHAVALKHEDE,CHLK,Maharashtra,,21.024084,75.352237,True,4,754.0
CHHALESAR,CHLR,Uttar Pradesh,,27.212079000000003,78.084141,False,0,1205.0
CHALTHAN,CHM,Gujarat,,21.157909,72.95617,True,7,633.0
Chhina,CHN,Punjab,NR,31.902255,75.271993,False,0,297.0
Channi Halt,CHNH,Rajasthan,,27.890151968,73.01665499389999,False,0,645.0
CHANNANI,CHNN,Rajasthan,,26.49509,75.920457,True,2,645.0
CHHAN ARORIAN,CHNR,Jammu and Kashmir,NR,32.46131096,75.35904533,True,4,16.0
Chowk,CHOK,Maharashtra,,18.902861,73.239613,True,2,754.0
CHHAPI,CHP,Gujarat,WR,24.034518,72.40022099999999,True,7,633.0
CHEPPAD HALT,CHPD,Kerala,SR,9.232679,76.47674199999999,False,0,183.0
Chatrappatti,CHPT,Tamil Nadu,,10.476971,77.655113,True,2,557.0
CHOKA,CHQ,Madhya Pradesh,,22.864326,77.638968,False,0,614.0
CHILKAHAR,CHR,Uttar Pradesh,,25.82699,83.965313,True,3,1205.0
CHHARRA,CHRA,West Bengal,SER,23.375747,86.42299399999999,True,2,713.0
CHORGI,CHRG,Karnataka,SWR,17.175076999999998,75.869711,True,2,416.0
Chirmiri,CHRM,Chhattisgarh,SECR,23.1894855,82.34955079999999,True,9,162.0
CHAMRUA,CHRU,Uttarakhand,NER,28.796206,79.13898800000001,False,0,46.0
CHINNA SALEM,CHSM,Tamil Nadu,,11.631062,78.873821,True,6,557.0
Champahati,CHT,West Bengal,ER,22.402193,88.493624,False,0,713.0
CHANETI,CHTI,Uttar Pradesh,,28.3087958495,79.42916573,True,3,1205.0
Churaru Takrala,CHTL,Himachal Pradesh,,31.597665,76.166445,False,0,55.0
Chitta Halt,CHTT,Uttar Pradesh,NCR,17.823439,77.53707700000001,False,0,1205.0
Champion,CHU,Karnataka,SWR,12.936251,78.262564,False,0,416.0
Chourai,CHUA,Madhya Pradesh,,22.057632,79.246686,False,0,614.0
CHARVATTUR,CHV,Kerala,SR,12.213321,75.15435,True,20,183.0
Chhaprawat,CHWT,Uttar Pradesh,NR,28.541970328,77.79989095580001,False,0,1205.0
CHARLAPALLI,CHZ,Telangana,,17.457672000000002,78.605619,True,9,150.0
CHHAPRA KACHERI,CI,Bihar,,25.785987,84.74709499999999,True,6,711.0
CHHEHARTA,CIA,Punjab,NR,31.621878,74.794278,False,0,297.0
Chiraidongri,CID,Madhya Pradesh,SECR,22.411418,80.287402,False,0,614.0
Chhapra Kacheri Jn.,CIF,Bihar,,25.786151,84.746619,False,0,711.0
Chilhia,CIH,Uttar Pradesh,NER,27.35207,82.990864,False,0,1205.0
CHETTIYAPATTI,CII,Tamil Nadu,,10.575644554,78.3662318384,False,0,557.0
CHIKSANA,CIK,Uttar Pradesh,,27.199896,77.663925,False,0,1205.0
CIKA,CIKA,,,,,False,0,
CHILBILA JN,CIL,Uttar Pradesh,,25.947331,82.004241,True,7,1205.0
CHINTAKUNTA,CIN,Andhra Pradesh,,14.7197004131,78.3238797852,False,0,574.0
Chikhli Road,CIO,Gujarat,WR,,,False,0,633.0
Chichpalli,CIP,Maharashtra,,19.966168,79.443249,False,0,754.0
CHITALI,CIT,Maharashtra,,19.6913918118,74.6239138208,True,6,754.0
Chinnaravuru,CIV,Andhra Pradesh,SCR,16.224010999999997,80.655843,True,4,574.0
KANCHIPURAM,CJ,Tamil Nadu,SR,12.848947,79.70314900000001,True,4,557.0
CHONGAJAN,CJA,Assam,NFR,26.062329,93.818104,False,0,278.0
KANCHIPURAM EAST,CJE,Tamil Nadu,SR,12.8411371863,79.7120436792,False,0,557.0
CHAJLI,CJL,Punjab,NR,30.0429855351,75.81228634829999,True,3,297.0
CHINNA GANJAM,CJM,Andhra Pradesh,,15.689502,80.236773,True,13,574.0
CHHATNA,CJN,West Bengal,SER,23.305386,86.975734,True,8,713.0
Champajharam,CJQ,Orissa,SER,22.101526,84.90421199999999,False,0,65.0
CHAMARAJ,CJR,Gujarat,WR,22.735539,71.555883,True,2,633.0
CHARAMULA KUSUM,CJS,Chhattisgarh,ECoR,19.020403,82.401044,True,2,162.0
CHAJAWA,CJW,Rajasthan,WCR,25.008594,76.580569,True,3,645.0
CHIKSUGAR,CK,Karnataka,,16.336647,77.343832,False,0,416.0
Chak Pakhhewala,CKA,Punjab,NR,30.434234,74.19716,False,0,297.0
CHAUTH KA BARWARA,CKB,Rajasthan,,26.051333,76.14905300000001,True,10,645.0
Charkhi Dadri,CKD,Haryana,NWR,28.600799,76.279921,True,6,201.0
CHAKDAYALA,CKDL,Jammu and Kashmir,NR,32.478914,75.304858,True,6,16.0
CHOKI SORATH,CKE,Gujarat,WR,21.659142000000003,70.525813,False,0,633.0
CHOWKA GHAT,CKG,Uttar Pradesh,,27.100002,81.449932,False,0,1205.0
Chakand,CKH,Bihar,ECR,24.8901416,84.9954942,False,0,711.0
Chikhale,CKHS,Maharashtra,,18.97295,73.152541,True,2,754.0
CHALAKUDI,CKI,Kerala,,10.3017975,76.3218076,True,36,183.0
Chakarpur,CKK,Uttarakhand,NER,28.951978,80.002313,True,2,46.0
CHARKHERA KHURD,CKKD,Madhya Pradesh,,21.938836,76.642615,False,0,614.0
CHAK KALAN,CKKN,Punjab,NR,32.083103,75.623498,False,0,297.0
Chak Banwala,CKLA,Punjab,NR,30.423043,74.133437,False,0,297.0
CHAK KALI LAIT,CKLT,Uttar Pradesh,,28.874271,78.611771,False,0,1205.0
Chauki Man,CKM,Punjab,NR,30.814886,75.56567299999999,False,0,297.0
Chhotaki Masaudhi Halt,CKMI,Bihar,?,25.3303974983,85.0317514441,False,0,711.0
CHINTA KANI,CKN,Andhra Pradesh,SCR,17.126458999999997,80.201337,False,0,574.0
Chikna,CKNA,,ECR,,,False,0,
CHIKNI ROAD,CKNI,Maharashtra,,20.325826,78.95921700000001,True,2,754.0
CHAKROD,CKOD,Madhya Pradesh,,23.3530905936,76.779716546,True,3,614.0
CHAKRADHARPUR,CKP,Jharkhand,,22.678979,85.62777100000001,True,59,270.0
CHIKODI ROAD,CKR,Karnataka,SWR,16.3690477592,74.76949432980001,True,4,416.0
CHAKMAKRAND,CKRD,Bihar,,25.6975316046,85.2740297845,False,0,711.0
CHAKSU,CKS,Rajasthan,,26.592917999999997,75.910778,True,2,645.0
Chak Safaura Halt,CKSR,Uttar Pradesh,NER,28.211203,79.842478,False,0,1205.0
CHITRAKUTDHAM KARWI,CKTD,Uttar Pradesh,NCR,25.217611,80.922775,True,21,1205.0
CHAKULIA,CKU,Jharkhand,,22.478149,86.721161,True,14,270.0
CHERUKUVADA,CKV,Andhra Pradesh,SCR,16.58967159,81.42156278,False,0,574.0
Chikkandawadi,CKVD,Karnataka,SWR,14.1379202737,76.2025684888,False,0,416.0
CHALKHOA,CKW,Assam,NFR,27.4656628037,94.9592046722,False,0,278.0
Chakur,CKX,Maharashtra,SCR,18.4875607596,76.8840283246,True,2,754.0
CHAKRA ROAD,CKYD,Uttar Pradesh,NER,26.001213,83.672178,False,0,1205.0
KURLA JN,CLA,Maharashtra,,19.065221,72.879375,False,0,754.0
Chalala,CLC,Gujarat,WR,21.4155588,71.16224249999999,False,0,633.0
CHALSA JN,CLD,West Bengal,NFR,26.882215,88.798213,False,1,713.0
CHANDLODIYA (B),CLDB,Gujarat,,23.094443,72.543267,False,0,633.0
Chilikidara,CLDR,Orissa,ECoR,21.243022,85.827112,True,2,65.0
CHANDLODIYA,CLDY,Gujarat,,23.074516000000003,72.543606,True,15,633.0
CHINTALPALLI,CLE,Andhra Pradesh,SCR,17.914855999999997,79.701487,True,2,574.0
CHHULHA,CLF,Madhya Pradesh,,23.106724,81.73707,True,8,614.0
KAHALGAON,CLG,Bihar,,25.2621879424,87.2337518945,True,24,711.0
CHULHETA,CLHT,Madhya Pradesh,,23.945912,78.018483,False,0,614.0
CHALGERI,CLI,Karnataka,SWR,14.5614031141,75.73529039,True,2,416.0
COLONELGANJ,CLJ,Uttar Pradesh,,27.137698,81.69417800000001,True,14,1205.0
CHILKA,CLKA,Odisha,,19.686694,85.17991400000001,True,10,235.0
CHUCHELA KALAN,CLKN,Uttar Pradesh,,29.014595999999997,78.272803,False,0,1205.0
CHULLIMADA,CLMD,Kerala,,10.837165,76.801793,False,0,183.0
KOLLIDAM,CLN,Tamil Nadu,SR,11.332713,79.718347,False,0,557.0
CHILO,CLO,Rajasthan,,27.446624,73.52546099999999,True,2,645.0
CHALLAVARIPALLI,CLPE,Andhra Pradesh,,14.876728,78.034438,True,2,574.0
CASTLE ROCK,CLR,Karnataka,SWR,15.397879,74.334484,True,15,416.0
KOZHIKODE,CLT,Kerala,SR,11.246234,75.780407,True,92,183.0
Chilakalapudi,CLU,Andhra Pradesh,SCR,16.202721,81.162137,True,7,574.0
CHILUVUR,CLVR,Andhra Pradesh,,16.379558,80.61690800000001,True,2,574.0
Chilwariya,CLW,Uttar Pradesh,NER,27.487001000000003,81.69873199999999,False,0,1205.0
CLWS,CLWS,,,,,False,0,
CHIRALA,CLX,Andhra Pradesh,,15.830755,80.353602,True,65,574.0
Campierganj,CM,Uttar Pradesh,NER,27.05777,83.267384,False,0,1205.0
Cinnamara,CMA,Assam,NFR,26.715527,94.169432,True,2,278.0
CHEMANCHERI,CMC,Kerala,SR,11.405279,75.720039,False,0,183.0
Chimidipalli,CMDP,Andhra Pradesh,ECoR,18.262764,83.07686199999999,True,2,574.0
Chikkamanglur,CMGR,Karnataka,,13.3038846483,75.7887762634,False,0,416.0
CHAMARAJAPURAM,CMJ,Karnataka,SWR,12.29844,76.637861,False,0,416.0
Chamak,CMK,Maharashtra,CR,21.2188691,77.4714898,False,0,754.0
CHAMUNDA MARG,CMMG,Himachal Pradesh,NR,32.110941000000004,76.421027,False,0,55.0
CHAMARAJANAGAR,CMNR,Karnataka,SWR,11.934891,76.932807,True,2,416.0
CHROMEPET,CMP,Tamil Nadu,,12.951627,80.141157,False,0,557.0
CHAMROLA,CMR,Uttar Pradesh,,27.393032,78.180143,False,0,1205.0
CHAU MAHLA,CMU,Madhya Pradesh,,23.948205,75.60086100000001,True,15,614.0
Chima Pahad,CMW,Andhra Pradesh,SCR,17.516012,80.463656,True,4,574.0
CHAMAGRAM,CMX,West Bengal,,24.821334,87.96334499999999,True,2,713.0
Chintamani,CMY,Karnataka,,13.4109911,78.05456539999999,False,0,416.0
CHALAMA,CMZ,Andhra Pradesh,,15.422638,78.695312,True,6,574.0
CHANDERIYA,CNA,Rajasthan,WR,24.939558,74.629979,True,16,645.0
KANPUR CENTRAL,CNB,Uttar Pradesh,,26.45424,80.350966,True,283,1205.0
CHANDARI,CNBI,Uttar Pradesh,,26.428098,80.360645,False,1,1205.0
CHINCHLI,CNC,Karnataka,SWR,16.571696999999997,74.855323,True,4,416.0
CHANDUR,CND,Maharashtra,,20.8045192,77.9821558,True,16,754.0
Chandur Bazar,CNDB,Maharashtra,,21.219451,77.741807,True,4,754.0
Chandi Mandir,CNDM,Chandigarh,NR,30.727071,76.88683900000001,True,8,2.0
CHANDRANATHPUR,CNE,Assam,NFR,24.984962,92.716658,False,0,278.0
CHIANKI,CNF,Jharkhand,,23.973902,84.11566,False,0,270.0
CHENGANNUR,CNGR,Kerala,,9.319504,76.608271,True,66,183.0
CHAUNRAH,CNH,Uttar Pradesh,,26.16506,79.782159,True,4,1205.0
CHINK HILL,CNHL,Maharashtra,CR,18.099269000000003,75.45468500000001,False,0,754.0
CHANDIL JN,CNI,Jharkhand,,22.956014,86.07210900000001,True,21,270.0
CHANDER NAGAR,CNJ,Uttar Pradesh,,28.662871000000003,77.33120100000001,False,0,1205.0
JUHI OUTER CABIN,CNJO,Uttar Pradesh,,26.4531901925,80.3239098425,False,0,1205.0
CHANDOK,CNK,Uttar Pradesh,,29.576786,78.152782,True,4,1205.0
CHANAKYAPURI,CNKP,Delhi NCT,NR,28.591905,77.172004,False,0,28.0
CHANDAWAL,CNL,Rajasthan,NWR,25.946542716,73.86881457700001,True,2,645.0
CHENGMARI,CNM,Samchi,,26.863247,89.004024,False,0,1.0
Chintaman Ganes,CNN,Madhya Pradesh,WR,23.145849,75.741029,False,0,614.0
CANCONA,CNO,Goa,KR,15.006906,74.039454,True,10,21.0
CNP,CNP,,,,,False,0,
Chandanpahari,CNPI,Jharkhand,ER,24.404224,86.953082,False,0,270.0
CHAINPUR,CNPR,Jharkhand,ECR,23.729821,85.582933,True,4,270.0
CHANDAR,CNR,Goa,SWR,15.264834,74.047794,False,0,21.0
CHUCHURA,CNS,West Bengal,,22.890191,88.3695,True,8,713.0
CONTAI ROAD,CNT,West Bengal,,22.078584,87.33984000000001,False,0,713.0
CHANDAUNA HALT,CNX,Bihar,,26.440884,85.72316500000001,False,0,711.0
KOLANALLI,CNY,Tamil Nadu,,11.173277,77.861414,False,0,557.0
Kakinada Port,COA,Andhra Pradesh,SCR,16.955204000000002,82.240057,True,10,574.0
Coac,COAC,Andhra Pradesh,,16.964553,82.238213,False,0,574.0
Cooch Behar,COB,West Bengal,NFR,26.3029681,89.6653098,False,0,713.0
Chhota Gudha,COD,Rajasthan,NWR,27.293803,75.599508,False,0,645.0
CHITROD,COE,Gujarat,WR,23.417869,70.655356,False,0,633.0
CHEOKI,COI,Uttar Pradesh,,25.379668,81.864916,True,55,1205.0
Coromandel,COL,Karnataka,SWR,12.97518,78.257278,False,0,416.0
Chomun Samod,COM,Rajasthan,NWR,27.158223,75.70272,False,0,645.0
CHHOTI ODAI,COO,Rajasthan,WCR,26.558703,76.805294,True,2,645.0
Kanpur M. G. Goods,COP,Uttar Pradesh,,26.45248,80.34196899999999,False,0,1205.0
CHITTAURGARH,COR,Rajasthan,WR,24.874341,74.623687,True,45,645.0
BILASPUR CHORD CABIN,CORD,Chhattisgarh,,22.082796,82.125212,False,0,162.0
KOLKATA,CP,West Bengal,,22.566792999999997,88.375198,False,0,713.0
KANPUR ANWARGANJ,CPA,Uttar Pradesh,,26.456232999999997,80.328444,True,26,1205.0
KANPUR BRIDGE LEFT BANK,CPB,Uttar Pradesh,,26.477461,80.379316,False,0,1205.0
CHIRAILA,CPBH,Bihar,,24.863478,84.269003,False,0,711.0
CHINCHPADA,CPD,Maharashtra,,21.206379,73.93924200000001,True,7,754.0
CHHIPADOHAR,CPDR,Jharkhand,,23.8133333478,84.2023836389,True,4,270.0
Chandiposi,CPE,Orissa,SER,22.068676999999997,84.915988,False,0,65.0
CHAMPA,CPH,Chhattisgarh,,22.034731,82.665149,True,48,162.0
KAPTANGANJ JN,CPJ,Uttar Pradesh,NER,26.926388,83.69990700000001,True,16,1205.0
CHAPARMUKH JN,CPK,Assam,NFR,26.202272,92.511718,True,31,278.0
CHAKARLAPALLI,CPL,Andhra Pradesh,,13.99779,77.583123,True,2,574.0
CHINPAI,CPLE,West Bengal,ER,23.839677,87.46063699999999,False,0,713.0
CHOLAPURAM,CPM,Tamil Nadu,,9.354660443863636,77.57086691235357,False,0,557.0
CPMR,CPMR,,,,,False,0,
CHAMPANER RD JN,CPN,Gujarat,,22.541916,73.393378,True,2,633.0
KANPUR C PANEL,CPNL,Uttar Pradesh,,26.453655,80.31806900000001,False,0,1205.0
CHIPURUPALLE,CPP,Andhra Pradesh,,18.316259,83.569608,True,18,574.0
CPPR,CPPR,,,,,False,0,
CHAPRAKATA,CPQ,Assam,,26.4928550164,90.6120253168,False,0,278.0
CHHAPRA,CPR,Bihar,,25.78832,84.725004,True,119,711.0
CHANDPUR SIAU HALT,CPS,Uttar Pradesh,NR,29.13201,78.27585499999999,True,7,1205.0
CHANNAPATNA,CPT,Karnataka,SWR,12.659673000000002,77.203824,True,21,416.0
CHOPAN,CPU,Uttar Pradesh,ECR,24.51403,83.025843,True,25,1205.0
CHOTIPADOLI,CPW,Maharashtra,,20.000992,79.253005,False,0,754.0
CHAPRAMARI,CPY,West Bengal,,22.600493,88.39220399999999,False,0,713.0
Cherukara,CQA,Kerala,SR,10.929228,76.22811899999999,True,2,183.0
CHIRAKKAL,CQL,Kerala,SR,11.911049,75.353696,False,0,183.0
Champapukur,CQR,West Bengal,ER,22.656633999999997,88.80796000000001,False,0,713.0
CAPPER QUARRY,CQS,Tamil Nadu,SR,11.694558,79.75366600000001,False,0,557.0
CHERAGRAM BH.,CRAE,West Bengal,,22.993969,88.126806,False,0,713.0
CHARKHARI ROAD,CRC,Uttar Pradesh,NCR,25.307556,79.74565299999999,False,0,1205.0
MUMBAI CURREY ROAD,CRD,Maharashtra,CR,18.9937,72.83265999999999,False,0,754.0
Charghat Piparia,CRE,Madhya Pradesh,SECR,23.044097,79.929889,True,7,614.0
CHURAMAN NAGRI,CRG,Rajasthan,WCR,27.40119,77.61766999999999,False,0,645.0
CHITTARANJAN,CRJ,West Bengal,,23.857138000000003,86.878036,True,88,713.0
CHARKHERA,CRK,Madhya Pradesh,WCR,22.367273,77.171177,False,0,614.0
CHAURAKHERI,CRKR,Rajasthan,WCR,24.567234000000003,77.12201900000001,False,1,645.0
Choral,CRL,Madhya Pradesh,WR,22.450677,75.94413499999999,True,4,614.0
Carmelaram,CRLM,Karnataka,SWR,12.907633,77.706014,True,8,416.0
Charegaon,CRN,Madhya Pradesh,SECR,22.042038384,80.1401154919,True,7,614.0
Choranda Junction,CRND,Gujarat,WR,21.991478,73.1682583,False,0,633.0
CHAUTARA,CROA,Assam,,26.4022417983,90.0857290271,False,0,278.0
CHANDRAPURA,CRP,Jharkhand,,23.755676,86.119775,True,36,270.0
CHANDRAMPALEM,CRPM,Andhra Pradesh,,17.085409527899998,82.2231096558,False,0,574.0
Charpokhari Halt,CRQ,Bihar,ECR,25.3615157718,84.487603186,False,0,711.0
KARAGOLA ROAD,CRR,Bihar,,25.5000068215,87.3778270438,True,16,711.0
CHUDAWA,CRU,Maharashtra,SCR,19.1803282622,77.1169303369,True,7,754.0
CHUREB,CRV,Uttar Pradesh,,26.782155,82.97763599999999,False,0,1205.0
Charaud,CRW,Haryana,NWR,29.0094584,75.6466632,False,1,201.0
Chirawa,CRWA,Rajasthan,NWR,28.223341365041605,75.65068451687694,False,0,645.0
CHAK RAKHWAL,CRWL,Kashmir,,32.9419072,75.0828108,False,0,4.0
CARRON,CRX,West Bengal,NFR,26.880279,88.9704,False,0,713.0
CHIRAYINKIL,CRY,Kerala,,8.658337900000001,76.7853703,True,22,183.0
CARANZOL,CRZ,Goa,,15.3607491302,74.3061977655,False,0,21.0
KANNUR SOUTH,CS,Kerala,SR,11.866899,75.400253,False,0,183.0
CHAUSA,CSA,Bihar,,25.4984911003,83.89633140379999,True,14,711.0
SHIVAJI BRIDGE,CSB,NCT,,28.634101,77.226612,True,2,18.0
CHANNASANDRA,CSDR,Karnataka,SWR,13.0109407208,77.6629705685,True,2,416.0
CANSAULIM,CSM,Goa,SWR,15.344532,73.897226,False,0,21.0
Chanasma Junction,CSMA,Gujarat,WR,23.710492,72.11188299999999,False,0,633.0
CHALISGAON JN,CSN,Maharashtra,,20.464109,74.999049,True,44,754.0
CHAK SIKANDAR,CSR,Bihar,ECR,25.6767202377,85.365246145,False,0,711.0
MUMBAI CST,CSTM,Maharashtra,CR,18.944481,72.836903,True,101,754.0
COSSYE,CSY,West Bengal,,22.4068330073,87.2896485193,False,0,713.0
Cossimbazar,CSZ,West Bengal,ER,24.122264,88.266903,True,6,713.0
CHITTAPUR,CT,Karnataka,,17.1197808,77.09045160000001,True,22,416.0
Chitradurg,CTA,Karnataka,SWR,14.231154,76.386431,True,6,416.0
CUTTACK,CTC,Odisha,,20.466588,85.90156,True,140,235.0
Chhota Udepur,CTD,Gujarat,WR,22.314788,74.014286,False,0,633.0
CHITGIDDA,CTF,Telangana,,17.391231,77.963909,True,4,150.0
CHIKALTHANA,CTH,Maharashtra,SCR,19.859565,75.402851,True,6,754.0
CHITAHRA,CTHR,Madhya Pradesh,WCR,24.862627000000003,80.842854,False,0,614.0
CHATAR HALT,CTHT,Bihar,ECR,24.842144,85.495374,False,0,711.0
CHHATAINI,CTJ,Madhya Pradesh,WCR,23.994088,81.287323,False,0,614.0
Choti Khatu,CTKT,Rajasthan,NWR,27.155534,74.35722999999999,True,6,645.0
Chital,CTL,Gujarat,WR,21.745689,71.218128,False,0,633.0
CHATOULI,CTLI,Punjab,,30.8562202957,76.580921825,False,0,297.0
KATTANGULATTUR,CTM,Tamil Nadu,,12.805715,80.026118,False,0,557.0
CHHIT MAKHANPUR,CTMP,Bihar,,25.2344931906,86.87393632569999,False,0,711.0
Chettinad,CTND,Tamil Nadu,SR,10.160613,78.775924,True,6,557.0
CHITTOOR,CTO,Andhra Pradesh,,13.219857,79.103252,True,45,574.0
Chandanattop Halt,CTPE,Kerala,SR,8.932478000000001,76.64532,True,2,183.0
Chinta Parru Ha,CTPR,Andhra Pradesh,,16.534799,81.70660500000001,False,0,574.0
CHETAR,CTQ,Jharkhand,,23.682881,84.646426,False,0,270.0
CHATRA,CTR,West Bengal,,24.372846,87.849257,True,2,713.0
Chitrawad,CTRD,Gujarat,WR,21.101116,70.557048,False,0,633.0
CHITTERI,CTRE,Tamil Nadu,,13.068172,79.597909,False,0,557.0
CHHATRAL,CTRL,Gujarat,WR,23.26246,72.46851799999999,False,0,633.0
CHATTRIPUT,CTS,Orissa,ECoR,18.922722,82.590027,True,2,65.0
CHITRASANI,CTT,Gujarat,NWR,24.267558,72.488653,True,2,633.0
CHITRAPUR HALT,CTTP,Karnataka,KR,14.036148,74.536566,True,2,416.0
Chhintanwala,CTW,Punjab,NR,30.365958000000003,76.014229,False,0,297.0
CHITYALA,CTYL,Telangana,,17.221960824,79.135713114,True,7,150.0
CHAUNTRA BHATERH,CTZ,Himachal Pradesh,NR,32.005534999999995,76.74671000000001,False,0,55.0
CHAGALLU,CU,Andhra Pradesh,,16.965076999999997,81.690558,True,4,574.0
TIRUPPAPPULIYUR,CUD,Tamil Nadu,SR,11.748845,79.753441,False,0,557.0
CHOUPALE,CUE,Maharashtra,,21.377019,74.319097,True,2,754.0
CHURK,CUK,Uttar Pradesh,NCR,24.6496787,83.1032006,True,10,1205.0
CUKI,CUKI,,,,,False,0,
CHULI,CUL,Gujarat,,23.006336,71.340823,False,0,633.0
CUDDALORE PORT,CUPJ,Tamil Nadu,SR,11.715119,79.766287,True,18,557.0
Churu,CUR,Rajasthan,NWR,28.288281,74.966203,True,16,645.0
CHAURA,CUX,Bihar,,24.918896,86.287062,True,4,711.0
KAVERI,CV,Tamil Nadu,,11.351027,77.760945,False,0,557.0
CAVALRY BARRCKS,CVB,Andhra Pradesh,SCR,17.494734,78.518694,True,3,574.0
CHAVADIPALAIYAM,CVD,Tamil Nadu,SR,11.255404,77.800933,False,0,557.0
CHAVAJ,CVJ,Gujarat,,21.753134000000003,73.010489,True,2,633.0
KOVILPATTI,CVP,Tamil Nadu,SR,9.182578,77.872848,True,54,557.0
CHORVAD ROAD,CVR,Gujarat,WR,21.055196,70.290734,True,4,633.0
CHERUVU MADHAVARAM,CVV,Andhra Pradesh,SCR,16.746018,80.518783,False,0,574.0
CHAINWA,CW,Bihar,,26.022117,84.49649600000001,True,3,711.0
Chhindwara Junction,CWA,Madhya Pradesh,SECR,22.058201,78.953212,True,11,614.0
Chuhriwala Dhanna,CWDA,Punjab,,30.2120749136,74.13556886469999,False,0,297.0
CHONDI,CWI,Maharashtra,SCR,19.430619765,77.1556666229,False,0,754.0
CHOWRIGACHA,CWLE,West Bengal,ER,23.942472,88.18645099999999,False,0,713.0
Charawan,CWN,Punjab,NR,30.501187,74.578082,False,0,297.0
CHOVVARA,CWR,Kerala,,10.133064,76.37218899999999,False,0,183.0
CHANOL,CX,Gujarat,WR,22.427916,70.53884199999999,True,2,633.0
Chandsara,CXA,Uttar Pradesh,NR,28.876213999999997,77.725745,False,0,1205.0
CHHAYAPURI,CYI,Gujarat,,22.388284,73.179698,False,0,633.0
CHERIYANAD,CYN,Kerala,,9.273119,76.585087,True,2,183.0
CHIPYANA BUZURG,CYZ,Uttar Pradesh,,28.627977,77.45934600000001,False,0,1205.0
Deula,D,West Bengal,ER,22.214924,88.28148300000001,False,0,713.0
DATIA,DAA,Madhya Pradesh,,25.641070000000003,78.456356,True,34,614.0
DHARMABAD,DAB,Maharashtra,SCR,18.8882603101,77.8493415012,True,20,754.0
DHABAN,DABN,Rajasthan,NWR,29.859997,74.54288000000001,True,8,645.0
DAHINSARA JN,DAC,Gujarat,WR,22.955606999999997,70.618291,False,0,633.0
DEVARGUDDA,DAD,Karnataka,SWR,14.66779,75.57614099999999,True,2,416.0
DAHEGAON,DAE,Maharashtra,,20.729315,78.463093,False,0,754.0
DHANG,DAG,Bihar,ECR,26.7174,85.353298,False,0,711.0
DEHARE,DAH,Maharashtra,,19.2418554705,74.6741555884,False,0,754.0
DUROJI,DAJ,Karnataka,SWR,15.227107,76.70013,True,6,416.0
DAKSHINESWAR,DAKE,West Bengal,,22.6534841,88.36363519999999,True,14,713.0
DALIGANJ,DAL,Uttar Pradesh,,26.875384,80.927482,True,6,1205.0
DALI GANJ,DALF,Uttar Pradesh,,26.875644,80.927742,False,0,1205.0
DHAMORA,DAM,Uttar Pradesh,,28.707129,79.087745,True,2,1205.0
DHANETA,DAN,Uttar Pradesh,,28.512293999999997,79.264748,True,2,1205.0
DAGHORA,DAO,Odisha,,21.857535,83.678086,True,4,235.0
DAGMAGPUR,DAP,Uttar Pradesh,,25.098881,82.800991,False,0,1205.0
DAPODI,DAPD,Maharashtra,,18.58005,73.83279900000001,True,3,754.0
DAUD KHAN,DAQ,Uttar Pradesh,,27.830504,78.09879699999999,False,0,1205.0
DANWAR,DAR,Uttar Pradesh,,28.12996851,77.88391252,False,1,1205.0
DARA,DARA,Rajasthan,,24.832609,76.005784,True,3,645.0
Dhari Junction,DARI,Gujarat,WR,21.326767,71.027594,False,0,633.0
DHASA JN,DAS,Gujarat,WR,21.782545,71.51800800000001,True,2,633.0
Dhasa Jn,DASF,Gujarat,,21.782515,71.517978,False,0,633.0
Dagru,DAU,Punjab,NR,30.834858,75.047442,False,0,297.0
DEVALGAON AVCHAR,DAV,Maharashtra,SCR,19.322431,76.60520100000001,True,5,754.0
Jalalabad DAV College,DAVC,Punjab,NR,,,False,0,297.0
D.A.V.C.H. JALANDHAR,DAVJ,Punjab,NR,31.346977000000003,75.56132,False,0,297.0
DHANUVACHAPURAM,DAVM,Kerala,SR,8.378802,77.124352,True,2,183.0
DELHI AZADPUR,DAZ,NCT,,28.702646,77.176713,False,0,18.0
Dabhoi Junction,DB,Gujarat,WR,22.137755,73.415466,False,0,633.0
DABRA,DBA,Madhya Pradesh,,25.881197,78.331015,True,35,614.0
DHUBRI,DBB,Assam,NFR,26.023137,89.977952,True,4,278.0
DEOBAND,DBD,Uttar Pradesh,NR,29.6800315,77.67087339999999,True,26,1205.0
DEVBALODA CHARODA,DBEC,Chhattisgarh,,21.21335,81.45049,True,6,162.0
Dabpal,DBF,Chhattisgarh,?,18.92798,81.488923,True,2,162.0
DARBHANGA JN,DBG,Bihar,,26.157088,85.907575,True,48,711.0
DABLI RATHAN,DBI,Rajasthan,NWR,29.542416,74.19093000000001,True,4,645.0
Darbari,DBK,Rajasthan,,27.9655265319,73.10053242309999,False,0,645.0
Dabka,DBKA,Madhya Pradesh,SCR,21.361353,76.720809,True,4,614.0
DODBELE,DBL,Karnataka,SWR,13.216441,77.351193,True,3,416.0
Dabla,DBLA,Rajasthan,NWR,27.88868543,75.9464005609,True,2,645.0
DBLG,DBLG,Assam,,25.5951762,93.0855886,False,0,278.0
DEBRABANDHAULI HALT,DBLI,Bihar,,26.384826,85.76995,False,0,711.0
DABOLIM,DBM,Goa,SWR,15.389334,73.849937,False,0,21.0
Dhablan,DBN,Punjab,NR,30.3379133215,76.276917865,False,0,297.0
Dibnapur,DBNR,Uttar Pradesh,NER,28.524363,79.51619,False,0,1205.0
DABHODA,DBO,Gujarat,WR,23.168331,72.748038,False,0,633.0
DEBIPUR,DBP,West Bengal,,23.1446129567,88.15599765809999,False,0,713.0
DHULABARI,DBQ,West Bengal,,26.361571,88.231234,False,0,713.0
DABHAURA,DBR,Uttar Pradesh,NCR,25.11793,81.30312500000001,True,15,1205.0
DIBRUGARH,DBRG,Assam,NFR,27.463606565899997,94.9352579102,True,26,278.0
DIBRUGARH TOWN,DBRT,Assam,NFR,27.4781132774,94.9019739417,True,4,278.0
DOBBSPET,DBS,Karnataka,SWR,13.2331801567,77.2491554279,False,0,416.0
DAYA BASTI,DBSI,Delhi NCT,NR,28.667329,77.17138999999999,False,0,28.0
Dakshin Barasat,DBT,West Bengal,ER,22.226102,88.45228599999999,False,0,713.0
DODBALLAPUR,DBU,Karnataka,,13.27894,77.55016,True,11,416.0
DABILPUR,DBV,Andhra Pradesh,SCR,17.674226,78.470315,True,2,574.0
Digboi,DBY,Assam,NFR,27.383483,95.616982,True,2,278.0
Dhing Bazar,DBZ,Assam,NFR,26.455873,92.481039,False,0,278.0
MAGUDANCHAVADI,DC,Tamil Nadu,,11.55092,77.987264,False,0,557.0
DAMCHARA,DCA,Assam,NFR,25.012661,92.749675,False,0,278.0
DCAB,DCAB,Chhattisgarh,,21.226612,81.477969,False,0,162.0
DHANDHUKA,DCK,Gujarat,WR,22.384024,71.975613,False,0,633.0
DURGAPUR COKE OVEN PLANT EXCHANGE YARD SDG WARIA,DCOP,West Bengal,,23.505136,87.298232,False,0,713.0
DAL CHAPRA,DCP,Bihar,,25.82706,84.432615,False,0,711.0
DOMBIVLI CTL,DCTL,Maharashtra,,19.203604,73.08419099999999,False,0,754.0
Damalcheruvu,DCU,Andhra Pradesh,SCR,13.478885,79.05643400000001,True,2,574.0
DHANICHHA,DCX,Uttar Pradesh,,25.2271654039,83.4908372314,False,0,1205.0
DAUND JN,DD,Maharashtra,,18.463547,74.578622,True,116,754.0
DURAUNDHA JN,DDA,Bihar,,26.086973,84.45894600000001,True,8,711.0
DDAC,DDAC,,,,,False,0,
DAUND A MMR,DDAM,Maharashtra,,18.464752713200003,74.5689755029,False,0,754.0
DAUND PATAS ROAD,DDAP,Maharashtra,,18.468688,74.520934,False,0,754.0
DDBC,DDBC,,,,,False,0,
Dum Dum Cantt.,DDC,West Bengal,ER,22.636349000000003,88.411641,False,0,713.0
DUNDI,DDCE,Madhya Pradesh,WCR,23.557854000000003,80.21665700000001,True,4,614.0
DHONDHA DIH,DDD,Uttar Pradesh,NER,25.672848,83.79552,False,0,1205.0
DONDAICHA,DDE,Maharashtra,,21.331414,74.563104,True,16,754.0
DUGDA,DDGA,Jharkhand,,23.75873842,86.16192797000001,False,0,270.0
DEEDARGANJ,DDGJ,Bihar,,25.5695431489,85.2575111389,False,0,711.0
DUM DUM,DDJ,West Bengal,,22.621717,88.392835,True,19,713.0
DAUND GOODS YARD,DDJA,Maharashtra,,18.4659368312,74.5607624341,False,0,754.0
Dhindsa,DDK,Punjab,NR,30.895838,74.738503,False,0,297.0
DHANDARI KALAN,DDL,Punjab,,30.874477,75.90949099999999,True,4,297.0
DAM DIM,DDM,West Bengal,NFR,26.859243000000003,88.67133299999999,False,0,713.0
DARIMETA,DDMT,Madhya Pradesh,,21.536803,78.5411,False,0,614.0
DEHRADUN,DDN,Uttarakhand,NR,30.3140377,78.0336011,True,36,46.0
Dudhaunda,DDNA,Uttar Pradesh,NER,25.573305,83.084478,False,0,1205.0
DUDHNOI,DDNI,Assam,NFR,26.001459,90.76188,False,0,278.0
DAUDPUR,DDP,Bihar,,25.90709,84.591425,True,2,711.0
MUMBAI DADAR WEST,DDR,Maharashtra,WR,19.019731,72.84346500000001,True,23,754.0
DUDH SAGAR,DDS,Goa,,15.31821,74.306568,False,0,21.0
DADHDEVI,DDV,Rajasthan,,25.07784,75.898016,False,1,645.0
DUDWA,DDW,Uttar Pradesh,NER,28.50831,80.672161,False,0,1205.0
DHAMDHAMIA,DDX,West Bengal,,24.9603876804,87.7615573059,False,0,713.0
DUDWINDI,DDY,Punjab,NR,31.237553,75.258143,False,0,297.0
DDYX,DDYX,,,,,False,0,
Diara,DEA,West Bengal,ER,22.798157,88.280471,False,0,713.0
Debagram,DEB,West Bengal,ER,23.685277,88.306807,True,6,713.0
DELHI CANTT,DEC,Delhi NCT,NR,28.613534,77.116577,True,66,28.0
DELHI SARAI ROHILLA,DEE,Delhi NCT,NR,28.662992,77.187106,True,62,28.0
Deeg,DEEG,Rajasthan,NCR,27.48655053,77.32451142,True,2,645.0
DELANG,DEG,Odisha,,20.038474,85.76695,True,2,235.0
DEHU ROAD,DEHR,Maharashtra,,18.680176,73.734169,True,8,754.0
Dehit,DEIT,Rajasthan,,25.3004687431,75.85015269780001,False,0,645.0
DENDULURU,DEL,Andhra Pradesh,,16.781406,81.18047200000001,True,3,574.0
DEORAKOT,DELO,Uttar Pradesh,,26.754368,81.90635800000001,False,0,1205.0
DEMU,DEMU,Jharkhand,,23.69708,84.52562,False,0,270.0
DEOKALI,DEO,Uttar Pradesh,NER,27.977317000000003,80.705156,False,0,1205.0
DIYODAR,DEOR,Gujarat,WR,24.113489,71.770888,True,4,633.0
DEORIA SADAR,DEOS,Uttar Pradesh,,26.5076811676,83.7819590961,True,70,1205.0
Depalsar,DEP,Rajasthan,NWR,28.2368573,74.92033749999999,False,0,645.0
Deenapatti,DEPI,Bihar,,25.89498,86.937159,False,0,711.0
DADRI,DER,Uttar Pradesh,,28.537940000000003,77.537422,True,2,1205.0
DESARI,DES,Bihar,ECR,25.6683593565,85.4087656586,True,9,711.0
DET,DET,Rajasthan,,25.01154,74.641128,False,0,645.0
Devsana,DEU,Gujarat,WR,23.3359179,72.2749697,False,0,633.0
DEVARAYI,DEV,Karnataka,SWR,15.44947863,74.57136412999999,False,0,416.0
Dewalgaon,DEW,Maharashtra,SECR,20.8911603401,80.0792665497,False,0,754.0
Dewa,DEWA,Gujarat,WR,,,False,0,633.0
DEOGAN ROAD,DFR,Odisha,,20.554779,83.430063,False,0,235.0
DINDIGUL JN,DG,Tamil Nadu,,10.35381,77.985472,True,74,557.0
DIGHWARA,DGA,Bihar,,25.743938,85.003168,True,25,711.0
DINDU GOPALA PURAM HALT,DGB,Andhra Pradesh,,18.542976,84.241768,False,0,574.0
Dongri Buzurg,DGBZ,Maharashtra,SECR,21.573844,79.676645,False,0,754.0
DANGIDHAR,DGD,Madhya Pradesh,,23.871771000000003,79.019912,False,0,614.0
DURGADA GATE,DGDG,Andhra Pradesh,,17.2124765738,82.3489940906,True,2,574.0
DONGARGARH,DGG,Chhattisgarh,,21.185492,80.759857,True,42,162.0
Digha Flag Station,DGHA,West Bengal,?,21.622377,87.507655,True,16,713.0
Deoghar,DGHR,Jharkhand,ER,24.51178242,86.69712126,True,2,270.0
DUNGRI,DGI,Gujarat,WR,20.687336,72.949119,True,7,633.0
DUNGAR JN,DGJ,Gujarat,WR,21.078274,71.55322600000001,False,0,633.0
DHULIAN GANGA,DGLE,West Bengal,ER,24.672086,87.937644,True,11,713.0
DONGARGAON,DGN,Madhya Pradesh,CR,21.641314,76.36406699999999,False,0,614.0
DERGAON HALT,DGNH,Bihar,?,25.088974,85.75131900000001,False,0,711.0
Durganagar,DGNR,West Bengal,ER,22.650758,88.419,False,0,713.0
DURGAUTI,DGO,Bihar,,25.207897000000003,83.539684,True,12,711.0
Durgapuri,DGPI,Madhya Pradesh,,25.865541,76.809686,False,0,614.0
DHENGLI PP GOAN,DGPP,Maharashtra,SCR,19.406622,76.49169,True,4,754.0
Dugdol,DGQ,Gujarat,NWR,24.631708,72.096828,False,0,633.0
DURGAPUR,DGR,West Bengal,,23.495046,87.297902,True,130,713.0
DAGORI,DGS,Chhattisgarh,,21.905693,82.069143,False,1,162.0
Dhulghat,DGT,Maharashtra,SCR,21.296282,76.74963299999999,True,4,754.0
DIGARU,DGU,Assam,NFR,26.173306,91.977861,True,4,278.0
DHIGAWARA,DGW,Rajasthan,NWR,27.296265,76.613599,True,2,645.0
Dagaon,DGX,Assam,NFR,26.444446,92.613689,False,0,278.0
Dighori Buzurg,DGY,Maharashtra,,21.107513,79.230454,False,0,754.0
Diamond Harbour,DH,West Bengal,ER,22.191902,88.18991600000001,False,0,713.0
DHEENA,DHA,Uttar Pradesh,,25.354392,83.423069,True,2,1205.0
DAINHAT,DHAE,West Bengal,ER,23.60191,88.17026899999999,False,0,713.0
DHABAULI HALT,DHBI,Bihar,,25.6820902631,85.3421818591,False,0,711.0
Dhaca Cantt.,DHCA,Bangladesh,?,23.815527,90.410617,False,0,2.0
DAHOD,DHD,Gujarat,,22.843607,74.25337400000001,True,68,633.0
Dodhi,DHE,Uttar Pradesh,NER,25.604879,82.998947,True,2,1205.0
DHRANGDHRA,DHG,Gujarat,,22.9871651,71.4791076,True,20,633.0
Dinhata,DHH,West Bengal,NFR,26.0707762,89.5868746,False,0,713.0
Dhule,DHI,Maharashtra,CR,20.887752,74.768847,True,4,754.0
DHINOJ,DHJ,Gujarat,WR,23.6710024,72.2818798,False,0,633.0
Dhakuria,DHK,West Bengal,ER,22.51554,88.371504,False,0,713.0
DHODA KHEDI,DHKR,Haryana,,30.018915000000003,76.842512,False,0,201.0
Devanhalli,DHL,Karnataka,SWR,13.246834,77.70463099999999,False,0,416.0
Dethli,DHLI,Gujarat,WR,23.486172,72.10305100000001,False,0,633.0
DHAMARDA,DHMA,Gujarat,,22.846208,74.297046,False,0,633.0
DHOLA MAZRA,DHMZ,Haryana,,30.120678,76.854437,False,0,201.0
DHANBAD JN,DHN,Jharkhand,,23.790966,86.428956,True,102,270.0
Dhachna,DHNA,Bihar,NFR,25.6464732123,87.9869386938,False,0,711.0
DHINDA,DHND,Rajasthan,,26.890931,75.361206,True,3,645.0
DHONE,DHNE,Andhra Pradesh,,15.396729,77.865727,True,58,574.0
DHANALA,DHNL,Gujarat,,23.009171,71.084085,False,0,633.0
DHANORA DECCAN,DHNR,Maharashtra,SCR,19.465517438899997,78.13275402709999,False,0,754.0
DHAULPUR,DHO,Rajasthan,,26.697592,77.90604900000001,True,39,645.0
Dhaulpur,DHOA,Rajasthan,,26.697202,77.905659,False,0,645.0
DICHPALLI,DHP,Andhra Pradesh,SCR,18.613288,78.194667,False,0,574.0
DHAPARA DHAM,DHPD,West Bengal,ER,24.195866,88.246087,False,0,713.0
DAPPAR,DHPR,Punjab,NR,30.5176409515,76.8075098584,True,3,297.0
DHARAKHOH,DHQ,Madhya Pradesh,,22.009297,77.949934,False,0,614.0
DHARNAODA,DHR,Rajasthan,WCR,24.592205,77.09925299999999,False,1,645.0
DHIRGANJ,DHRJ,Uttar Pradesh,NR,25.745642,81.924339,True,2,1205.0
DHURANA,DHRN,Haryana,NR,29.253606,76.803295,False,0,201.0
DHIRERA,DHRR,Rajasthan,NWR,28.363519,73.616355,True,8,645.0
DHALPUKHURI,DHRY,Assam,NFR,25.981050999999997,92.880626,True,2,278.0
DHAVALAS,DHS,Maharashtra,,18.1296817393,75.3342619214,True,2,754.0
DHAMARA GHAT,DHT,Bihar,ECR,25.590821,86.599522,True,4,711.0
Dhubulia,DHU,West Bengal,ER,23.483546,88.441145,True,4,713.0
Dhariwal,DHW,Punjab,NR,31.949113,75.32156499999999,True,7,297.0
Dhaniyawan,DHWN,Bihar,,25.4219860001,85.2874685571,False,0,711.0
DHOSAWAS,DHWS,Madhya Pradesh,,23.383691,75.051031,False,0,614.0
DHARODI,DHY,Haryana,NR,29.6399235976,76.0559746887,False,0,201.0
DOMBIVILI,DI,Maharashtra,,19.218218,73.0869,False,0,754.0
Didwana,DIA,Rajasthan,NWR,27.406108,74.55765600000001,True,8,645.0
DIBAI,DIB,Uttar Pradesh,NR,28.19378,78.303084,False,0,1205.0
Dholi Bhal,DIBL,Gujarat,WR,22.44572,72.0826,False,0,633.0
DAHISAR,DIC,Maharashtra,WR,19.250166,72.859587,False,0,754.0
Demai,DIE,Gujarat,,23.159049,73.210181,False,0,633.0
DUGGIRALA,DIG,Andhra Pradesh,,16.327559,80.62356999999999,True,8,574.0
DHARUADIHI,DIH,Odisha,,21.995145,84.223691,True,4,235.0
DILAWARNAGAR,DIL,Uttar Pradesh,,26.9601891,80.6674744,True,4,1205.0
Ding,DING,Haryana,NWR,29.461053699999997,75.2606046,True,2,201.0
DIVINE NAGAR,DINR,Kerala,,10.2853993721,76.3363143628,True,8,183.0
DIPORE,DIP,Maharashtra,,20.79317,78.040981,False,0,754.0
DHANAPUR ORISSA,DIR,Orissa,ECoR,18.945173,82.50739300000001,True,2,65.0
DISA,DISA,Gujarat,WR,24.2371252,72.1796003,True,8,633.0
Dhing,DIU,Assam,NFR,26.453101,92.450865,False,0,278.0
DIVA,DIVA,Maharashtra,,19.188394,73.041905,True,23,754.0
DHILWAN,DIW,Punjab,,31.498953,75.335011,False,1,297.0
DIWR,DIWR,Jharkhand,,23.6902086,85.5340697,False,0,270.0
Darjeeling,DJ,West Bengal,NFR,27.038151,88.263326,True,12,713.0
DAOTUHAJA,DJA,Assam,NFR,25.227501,93.162162,False,0,278.0
DIJAOBRA,DJB,Assam,,25.5507,93.093936,False,0,278.0
DIDARGANJ ROAD,DJD,Uttar Pradesh,,26.092367,82.805191,False,0,1205.0
DULIAJAN,DJG,Assam,NFR,27.367712,95.306952,True,8,278.0
Deojhar,DJHR,Jharkhand,,22.08071726,85.47699312,True,2,270.0
DHORAJI,DJI,Gujarat,WR,21.72217,70.44478000000001,False,0,633.0
Dolaji Ka Khera,DJKR,Rajasthan,NWR,25.537166,73.882498,True,2,645.0
Dodajala Lake,DJL,Karnataka,SWR,13.183156,77.652122,False,0,416.0
To Darjeeling,DJRZ,West Bengal,NFR,26.8521353,88.3332302,True,6,713.0
DHURANT JWAS HALT,DJS,Bihar,,25.220474,86.047715,False,0,711.0
DUNGRIPADI,DJX,Odisha,,21.060872999999997,83.559213,True,2,235.0
Dakor,DK,Gujarat,WR,22.747203,73.15859180000001,False,0,633.0
DANKUNI,DKAE,West Bengal,,22.677422,88.291491,True,11,713.0
Dahar Ka Balaji,DKBJ,Rajasthan,NWR,26.944321,75.765669,False,0,645.0
DEVARKADRE,DKC,Telangana,,16.630504,77.838261,False,1,150.0
DAKACHA,DKCH,Madhya Pradesh,,22.859111,75.951951,False,0,614.0
DONAKONDA,DKD,Andhra Pradesh,,15.834631000000002,79.484112,True,18,574.0
DANKAUR,DKDE,Uttar Pradesh,,28.415313,77.64321100000001,False,1,1205.0
Dakshin Durgapur,DKDP,West Bengal,ER,22.308871,88.399338,False,0,713.0
DIHAKHO,DKE,Assam,NFR,25.427907,93.126587,False,0,278.0
DEKARGAON,DKGN,Assam,,26.681165999999997,92.763075,True,2,278.0
SIMARIA,DKGS,Bihar,,25.411453,86.014464,True,6,711.0
DHARMKUNDI,DKI,Madhya Pradesh,WCR,22.5120383739,77.5510144354,False,0,614.0
DORNAKAL JN,DKJ,Andhra Pradesh,SCR,17.445987000000002,80.153157,True,32,574.0
Dornakal Bye Pass,DKJB,Telangana,,17.429209999999998,80.157907,False,0,150.0
DKJC,DKJC,,,,,False,0,
DHEKIAJILI ROAD,DKJR,Assam,,26.809213999999997,92.452548,True,2,278.0
DOIKALLU,DKLU,Odisha,,19.74188249,83.48161132000001,True,2,235.0
DIKOM,DKM,Assam,NFR,27.4642265659,95.0806742816,False,0,278.0
DEVANGONTHI,DKN,Karnataka,,12.985647,77.831087,True,3,416.0
DAKANIYA TALAV,DKNT,Rajasthan,,25.145187999999997,75.865501,True,9,645.0
Devakottai Road,DKO,Tamil Nadu,SR,10.037610999999998,78.761747,True,14,557.0
DHANI KASAR,DKQ,Rajasthan,,24.9874595619,75.93221182010001,False,0,645.0
Dekpura Halt,DKR,Bihar,,25.2611531167,85.52942276,False,0,711.0
DHUANKHERI,DKRA,Madhya Pradesh,,24.504973000000003,75.89805,False,1,614.0
DAREKASA,DKS,Chhattisgarh,,21.271299000000003,80.580751,True,2,162.0
DHULKOT,DKT,Haryana,NR,30.395686,76.78753499999999,False,1,201.0
Dumri Khurd,DKU,Maharashtra,SECR,21.310416,79.312269,False,0,754.0
DOKUR,DKUR,Telangana,,16.592578000000003,77.85341299999999,False,0,150.0
DHANAKWADA,DKW,Gujarat,,24.146307,71.823472,False,0,633.0
Dokwa,DKWA,Rajasthan,NWR,28.579787000000003,75.32336400000001,False,0,645.0
Dudhwakhara,DKX,Rajasthan,NWR,28.4587,75.16531499999999,False,0,645.0
DHOKI,DKY,Maharashtra,CR,18.353216,76.10298900000001,True,2,754.0
DELHI KISHANGANJ,DKZ,Delhi NCT,NR,28.664731999999997,77.201256,True,19,28.0
DALADI,DL,Gujarat,WR,22.585067,71.069304,True,6,633.0
DOULTA,DLA,Madhya Pradesh,,24.998509,78.42932499999999,False,0,614.0
DAULATABAD,DLB,Maharashtra,SCR,19.916367,75.210494,True,6,754.0
DALMERA,DLC,Rajasthan,NWR,28.417832,73.65658,True,4,645.0
Durg Link Cabin,DLCB,Chhattisgarh,,21.197156,81.300896,False,0,162.0
Dullabcherra,DLCR,Assam,NFR,24.505297,92.477671,False,0,278.0
DALAUDA,DLD,Madhya Pradesh,WR,23.948637,75.105361,True,5,614.0
DALDALI,DLDE,Assam,NFR,25.820221,93.517152,False,0,278.0
DALAN,DLF,Bihar,,25.6118,87.560853,False,0,711.0
DHALGAON,DLGN,Maharashtra,CR,17.120967200000003,74.9887134,True,9,754.0
Duklangia,DLGS,Assam,,26.692531,94.273103,False,0,278.0
OLD DELHI,DLI,Delhi NCT,NR,28.661816,77.228356,True,125,28.0
DHOLA JN,DLJ,Gujarat,WR,21.822549,71.738273,True,17,633.0
DALKOLHA,DLK,West Bengal,,25.873416,87.83887700000001,True,29,713.0
DHAULIMUHAN,DLMH,Odisha,,20.079331999999997,85.60477200000001,False,0,235.0
DILDARNAGAR JN,DLN,Uttar Pradesh,,25.419424,83.668324,True,41,1205.0
DALGAON,DLO,West Bengal,NFR,26.715384,89.136244,True,14,713.0
DALPATPUR,DLP,Uttar Pradesh,,28.820438,78.87718699999999,True,2,1205.0
DAULATPUR HAT,DLPH,West Bengal,,25.32611273,88.33278722,True,2,713.0
INDRAPURI,DLPI,Delhi NCT,NR,28.6283424665,77.14358825779999,False,0,28.0
DAYALPUR,DLPR,Uttar Pradesh,,25.6322106511,81.8894849231,False,0,1205.0
DULAKHAPATNA,DLPT,Odisha,,21.007019,86.28087400000001,False,0,235.0
DALELNAGAR,DLQ,Uttar Pradesh,,27.118537,80.419624,True,2,1205.0
DULLAHAPUR,DLR,Uttar Pradesh,NER,25.799898,83.423264,True,13,1205.0
DALHOGI ROAD,DLSR,Punjab,?,32.289064,75.75084299999999,False,0,297.0
DILWA,DLW,Jharkhand,,24.53731788,85.41970863,False,0,270.0
DLWS,DLWS,,,,,False,0,
Dalimgaon,DLX,West Bengal,NFR,25.640548000000003,88.38629999999999,False,0,713.0
DHOLBAJA,DLZ,Bihar,,26.2748,87.27139700000001,False,0,711.0
DAMODAR JUNCTION,DMA,West Bengal,SER,23.651021,86.908517,False,0,713.0
DUMRI BIHAR,DMBR,Jharkhand,ECR,23.807394,85.766204,False,1,270.0
DAMARACHERLA,DMCA,Telangana,,16.725861,79.630821,False,0,150.0
DHARMADAM,DMD,Kerala,SR,11.778949,75.46377,False,0,183.0
DAMNAGAR,DME,Gujarat,WR,21.688346,71.509053,False,0,633.0
Dumerta,DMF,Orissa,SER,22.185683,84.914683,False,0,65.0
DOMINGARH,DMG,Uttar Pradesh,,26.765251,83.341993,True,3,1205.0
DHAMALGAON,DMGN,Assam,NFR,27.325566,94.856569,True,2,278.0
Dauram Madhepura,DMH,Bihar,ECR,25.908513,86.782638,True,2,711.0
Dharmaj,DMJ,Gujarat,WR,,,False,0,633.0
Dilmili,DMK,Chhattisgarh,ECoR,18.987443,81.737851,True,2,162.0
DHARAMTUL,DML,Assam,NFR,26.189127,92.36716,True,2,278.0
DUMURDAHA,DMLE,West Bengal,ER,23.040053,88.43266200000001,True,2,713.0
DHARMAVARAM JN,DMM,Andhra Pradesh,,14.424369,77.717115,True,88,574.0
DHAMANGAON,DMN,Maharashtra,,20.784674000000003,78.138054,True,29,754.0
DAMANJODI,DMNJ,Odisha,,18.767771,82.865768,True,6,235.0
DAMOH,DMO,Madhya Pradesh,,23.836693,79.432246,True,55,614.0
Dharampur Himachal,DMP,Himachal Pradesh,NR,30.900491,77.023914,True,6,55.0
DHARAMPUR,DMPR,Uttar Pradesh,NR,28.150306,78.265728,False,0,1205.0
Dharmanagar,DMR,Tripura,NFR,24.366946,92.168247,False,0,17.0
DUMURIPUT,DMRT,Odisha,,18.780367,82.803933,True,2,235.0
DUMRI HALT,DMRX,Bihar,,25.2459362417,86.0283957056,True,8,711.0
DIGUVAMETTA,DMT,Andhra Pradesh,,15.39493,78.826206,True,6,574.0
Dhamua,DMU,West Bengal,ER,22.290179,88.392178,False,0,713.0
DIMAPUR,DMV,Nagaland,NFR,25.905702,93.727816,True,43,4.0
Dalmau Junction,DMW,Uttar Pradesh,NR,26.075249999999997,81.05365,True,2,1205.0
Dmw Patiala Halt,DMWP,Punjab,,30.361156358899997,76.42154342159999,False,0,297.0
DAMOY,DMYA,Madhya Pradesh,WCR,23.971207999999997,80.99678700000001,False,0,614.0
DUMDANGI,DMZ,Bihar,,26.47724,88.296508,False,0,711.0
DHANARI,DN,Uttar Pradesh,NR,28.3284610746,78.50959573360001,False,0,1205.0
DEGANA JN,DNA,Rajasthan,,26.897349,74.316388,True,54,645.0
DANDUPUR,DND,Uttar Pradesh,,25.801595,82.040632,True,7,1205.0
DHONDI,DNDI,Maharashtra,SCR,19.106268,76.736112,True,4,754.0
DANDI MAL,DNDL,Odisha,,20.715235,85.53418,False,0,235.0
DHAMNI,DNE,Maharashtra,SCR,19.647058,77.177888,False,0,754.0
DANEA,DNEA,Jharkhand,ECR,23.799131,85.658334,True,2,270.0
Dungarda,DNGD,Gujarat,WR,,,False,0,633.0
DEONAGAR,DNH,Jharkhand,,23.758691,86.16169,False,0,270.0
DHINDHORA HKMKD,DNHK,Rajasthan,WCR,26.803925,77.103482,False,0,645.0
DHANIAKHALI,DNHL,West Bengal,,22.95019,88.143651,False,0,713.0
DAUNDAJ,DNJ,Maharashtra,CR,18.2300065666,74.176780918,False,0,754.0
DHANAKYA,DNK,Rajasthan,,26.91819,75.605607,True,3,645.0
DHENKANAL,DNKL,Odisha,,20.676825,85.59087799999999,True,41,235.0
DHANOLI,DNL,Maharashtra,,21.3221098696,80.42759080629999,False,0,754.0
DHANMANDAL,DNM,Odisha,,20.687806,86.11228,True,4,235.0
Dina Nagar,DNN,Punjab,NR,32.134789,75.467351,True,3,297.0
Dhanpura,DNPR,Gujarat,WR,23.453415,72.212366,False,0,633.0
DANDKHORA,DNQ,Bihar,,25.5724052479,87.6422368182,False,0,711.0
DANAPUR,DNR,Bihar,,25.581921,85.044629,True,88,711.0
DHANDHERA,DNRA,Uttarakhand,,29.8434029837,77.9019227979,False,0,46.0
DHANAURI,DNRE,Bihar,,25.1719686608,86.1591750293,True,4,711.0
DUNGARPUR,DNRP,Rajasthan,NWR,23.867175000000003,73.69546199999999,True,2,645.0
DANTAN,DNT,Odisha,,21.930376,87.284055,True,2,235.0
Dalsanur,DNU,Karnataka,,13.274642,78.171853,False,0,416.0
Dhansura,DNUA,Gujarat,WR,23.351916,73.19870999999999,False,0,633.0
DONKINAVALASA,DNV,Andhra Pradesh,,18.468756,83.350942,True,4,574.0
DANGARWA,DNW,Gujarat,WR,23.401485,72.44125299999999,True,2,633.0
Dangarwa,DNWF,Gujarat,,23.401545,72.441313,False,0,633.0
Daniyawan Bazar Halt,DNWH,Bihar,?,25.4345036206,85.2908951074,True,4,711.0
Dhansu,DNX,Haryana,NR,29.211731,75.801658,True,2,201.0
Dhanori,DNZ,Maharashtra,CR,20.8793208,78.2908544,False,0,754.0
DAUSA,DO,Rajasthan,,26.900046999999997,76.330336,True,50,645.0
DORAHA,DOA,Punjab,,30.804137,76.04330300000001,True,8,297.0
Dundlodh Mukundgarh,DOB,Rajasthan,NWR,27.93879936977548,75.23735384456813,False,0,645.0
Daun Kalan,DOC,Punjab,NR,30.3792190643,76.4585689563,False,0,297.0
DHODHAR,DOD,Madhya Pradesh,WR,23.770740999999997,75.10354600000001,True,5,614.0
Dodh,DODH,Punjab,NR,30.841607,74.52193700000001,False,0,297.0
DEORI,DOE,Madhya Pradesh,WCR,23.298435,80.009808,True,6,614.0
Donigal,DOGL,Karnataka,SWR,12.9040478098,75.73412167570001,False,0,416.0
DHODRA MOHAR,DOH,Madhya Pradesh,,22.281504,77.875226,True,2,614.0
Devgarh Madriya,DOHM,Rajasthan,NWR,25.610206,73.855552,True,2,645.0
DHOLKA,DOK,Gujarat,WR,22.731982,72.433842,False,0,633.0
DOKRA HALT,DOKM,Jharkhand,,23.782884,86.480808,False,0,270.0
DUKHERI,DOKY,Haryana,,30.294992,76.8839,False,0,201.0
DHOLI,DOL,Bihar,,25.976952,85.562495,True,16,711.0
Dholikua,DOLK,Gujarat,WR,,,False,0,633.0
DERAWAN HALT,DON,Jharkhand,SER,23.230257,76.104438,False,0,270.0
DUNDARA,DOR,Rajasthan,NWR,25.895799,72.796892,False,0,645.0
DEO ROAD,DORD,Bihar,,24.8230736763,84.5634225305,False,0,711.0
DEHRI ON SONE,DOS,Bihar,,24.914895,84.185434,True,65,711.0
Dhakia Tiwari,DOT,Uttar Pradesh,NER,28.028812,79.88587199999999,False,0,1205.0
DEOTALA,DOTL,West Bengal,,25.274329,88.294214,True,2,713.0
Davol,DOW,Gujarat,WR,22.39911,72.953112,False,0,633.0
DOHNA,DOX,Uttar Pradesh,NER,28.434064000000003,79.432729,False,0,1205.0
Dornahalli,DOY,Karnataka,SWR,12.433086,76.42625,False,0,416.0
DAURAI,DOZ,Rajasthan,NWR,26.395604,74.619546,True,2,645.0
DURGAPURA,DPA,Rajasthan,,26.855947,75.786436,True,44,645.0
Darliput,DPC,Orissa,ECoR,18.365186,82.74651899999999,True,2,65.0
DOSAPADU,DPD,Andhra Pradesh,SCR,16.468807,80.938771,False,0,574.0
Dhapdhapi,DPDP,West Bengal,ER,22.315994,88.459855,False,0,713.0
DEVARAPALLE,DPE,Andhra Pradesh,,13.7238065903,77.512236488,True,2,574.0
DADHAPARA,DPH,Chhattisgarh,,22.028156,82.123182,False,1,162.0
DODDAMPATTI,DPI,Tamil Nadu,,12.18134581,78.42225009,False,0,557.0
Dharmapuri,DPJ,Tamil Nadu,SWR,12.126595,78.154742,True,21,557.0
Dholipal,DPK,Rajasthan,NWR,29.76082671390587,74.25159995444119,False,0,645.0
DANAULI PHLWRIA,DPL,Bihar,ECR,25.420471,86.24940600000001,True,2,711.0
Diplana,DPLN,Rajasthan,NWR,29.182572629698868,74.88112287595868,False,0,645.0
Deepnagar Halt,DPNR,Bihar,,25.140667,85.48327400000001,False,0,711.0
DAMANPUR,DPO,West Bengal,,26.53866,89.53636700000001,False,0,713.0
DHIRPUR,DPP,Haryana,,30.0663927023,76.84405122380001,False,0,201.0
DHAMPUR,DPR,Uttar Pradesh,,29.305446,78.501588,True,15,1205.0
DHUP DHARA,DPRA,Assam,NFR,25.979779,91.066009,False,0,278.0
Dangoaposi,DPS,Jharkhand,SER,22.167964,85.59273,True,8,270.0
Dapsaura,DPSR,Uttar Pradesh,NCR,25.983503,80.202954,False,0,1205.0
Dalpat Singhpur,DPT,Rajasthan,,29.929458,73.524416,False,0,645.0
DIPHU,DPU,Assam,NFR,25.83725,93.438384,True,43,278.0
Dadpur,DPUR,Odisha,,19.972516,83.250076,True,2,235.0
Dhapewara,DPW,Madhya Pradesh,SECR,21.872721159199997,80.1913272595,True,4,614.0
DADPUR,DPX,Bihar,,24.829399,86.34907600000001,True,2,711.0
DEVPURA,DPZ,Rajasthan,,26.03271,76.251747,True,2,645.0
DHUPGURI,DQG,West Bengal,,26.573532,88.994973,True,33,713.0
Dhanera,DQN,Gujarat,NWR,24.506528,72.032364,True,8,633.0
KACHEGUDA DBR,DQR,Telangana,,17.366083,78.490284,True,2,150.0
DAULA KOT BHAI,DQV,Punjab,,30.206149,74.703438,False,0,297.0
MUMBAI DADAR CENTRAL,DR,Maharashtra,,19.017179,72.842972,True,110,754.0
DULARIA,DRA,Madhya Pradesh,WCR,22.575660999999997,77.654362,False,0,614.0
Debari,DRB,Rajasthan,NWR,24.606987,73.805352,True,2,645.0
Deoraha Baba Road,DRBR,Uttar Pradesh,NER,26.283979,83.87109099999999,False,0,1205.0
DAHANU ROAD,DRD,Maharashtra,WR,19.991217,72.74336799999999,True,37,754.0
DHOGRI,DRE,Punjab,NR,31.40278,75.635791,False,0,297.0
DARSHANNAGAR,DRG,Uttar Pradesh,,26.7522286283,82.2083842694,False,0,1205.0
DARAGANJ,DRGJ,Uttar Pradesh,NER,25.44265,81.87998999999999,False,0,1205.0
DEORAGRAM,DRGM,Madhya Pradesh,WCR,24.096925,82.35246400000001,False,0,614.0
DAMRU GHUTU,DRGU,West Bengal,,23.45136,86.08981,False,0,713.0
DHARHARA,DRH,Bihar,,25.2578934114,86.4115380682,True,20,711.0
DAGARHKERI,DRHI,Madhya Pradesh,WCR,22.0812732116,76.8264017633,False,0,614.0
DUMRI JUARA,DRI,Bihar,,25.748425,84.869395,True,2,711.0
DEROL,DRL,Gujarat,,22.630205,73.462158,True,10,633.0
DAURALA,DRLA,Uttar Pradesh,NR,29.114015,77.70616000000001,False,1,1205.0
DEORANIAN,DRN,Uttar Pradesh,NER,28.64478,79.476473,False,0,1205.0
DARYAOGONJ,DRO,Uttar Pradesh,,27.5980988686,79.0824955792,False,0,1205.0
Devri P.H.,DRPH,Madhya Pradesh,SECR,22.85663,79.836698,True,3,614.0
DHARMINIYA,DRQ,Bihar,,26.865525,84.793439,False,0,711.0
DHARUR,DRR,Telangana,,17.28952,77.75853000000001,True,4,150.0
DR. R K NAGAR,DRRN,Madhya Pradesh,,23.310222115,75.0060586914,False,0,614.0
DHARESHWAR,DRS,Rajasthan,NWR,25.777583999999997,73.667743,True,2,645.0
DHURWASIN,DRSN,Madhya Pradesh,SECR,23.129052,81.845641,True,12,614.0
DASHARATHPUR,DRTP,Bihar,,25.265181819,86.46453228029999,True,6,711.0
KADUR,DRU,Karnataka,SWR,13.552501,76.008846,True,30,416.0
DARAULI,DRV,Uttar Pradesh,,25.393753,83.60180199999999,False,0,1205.0
DHAREWADA,DRW,Gujarat,WR,23.960816,72.378575,True,2,633.0
DEROWAN P. HALT,DRWN,Jharkhand,,22.487947,85.29977799999999,True,4,270.0
Dalli Rajhara,DRZ,Chhattisgarh,SECR,20.586729,81.067973,True,2,162.0
DASNA,DS,Uttar Pradesh,,28.690719,77.528116,True,2,1205.0
DELHI SHAHDARA,DSA,Delhi NCT,NR,28.673098,77.293154,True,32,28.0
DELHI SHAHDARA A PANEL,DSAP,Uttar Pradesh,,28.673349,77.31954,False,0,1205.0
DELHI SADAR BAZAR,DSB,NCT,,28.658656,77.216852,True,3,18.0
DELHI SHAHDARA BLOCK CABIN,DSBC,NCT,,28.677356999999997,77.30022000000001,False,0,18.0
DELHI SHAHDARA B PANEL,DSBP,Uttar Pradesh,,28.670746,77.342818,False,0,1205.0
DOSVADA,DSD,Gujarat,,21.130512,73.502728,True,3,633.0
Doddasiddavanha,DSHI,Karnataka,,14.209931,76.48848000000001,False,0,416.0
DELHI SAFDARJUNG,DSJ,Delhi NCT,NR,28.582121,77.186969,True,6,28.0
DUSKHEDA,DSK,Maharashtra,CR,21.073708,75.839083,False,0,754.0
DSKG,DSKG,,,,,False,0,
DESWAL,DSL,Rajasthan,,26.850374,73.885443,True,2,645.0
DARASURAM,DSM,Tamil Nadu,SR,10.944384,79.35638399999999,False,0,557.0
DASARA,DSME,Jharkhand,,24.2746022656,85.790855545,False,0,270.0
Darsana,DSN,West Bengal,,23.523411,88.795843,False,0,713.0
Darsana Border,DSNB,Bangladesh,?,,,False,0,2.0
DAUSNI,DSNI,Uttarakhand,,29.784745,77.979636,True,4,46.0
DASHNAGAR,DSNR,West Bengal,,22.5986336217,88.3078029926,False,0,713.0
DESHNOK,DSO,Rajasthan,,27.791303,73.338483,True,18,645.0
Deshpran Ph,DSPN,West Bengal,?,22.029347,87.817047,True,2,713.0
DANISHPET,DSPT,Tamil Nadu,,11.8589191624,78.1382563446,True,3,557.0
DHANSIRI,DSR,Nagaland,NFR,25.810836,93.613598,False,0,4.0
DALSINGH SARAI,DSS,Bihar,,25.6647486,85.84146519999999,True,33,711.0
DASAMPATTI,DST,Tamil Nadu,,12.251026,78.438356,False,0,557.0
DESANG,DSX,Assam,,27.056054999999997,94.686324,False,0,278.0
DHATRIGRAM,DTAE,West Bengal,ER,23.277796,88.31182199999999,False,1,713.0
DITOKCHERRA,DTC,Assam,NFR,25.090538,92.798715,False,0,278.0
DEULTI,DTE,West Bengal,,22.452857,87.914003,False,0,713.0
DANTLA,DTF,Rajasthan,,27.1971512117,76.9610701135,False,0,645.0
Detroj,DTJ,Gujarat,WR,23.3320278103,72.1765459082,False,0,633.0
DARRITOLA,DTL,Chhattisgarh,SECR,23.289638,82.395751,True,4,162.0
DHAMTAN SAHIB,DTN,Haryana,NR,29.688827,76.004006,False,0,201.0
DALTONGANJ,DTO,Jharkhand,,24.033075,84.07484299999999,True,30,270.0
DIVITI PALLI,DTP,Telangana,,16.740883,78.08417499999999,False,1,150.0
Dantarda Kalan,DTQ,Madhya Pradesh,NCR,25.763299999999997,76.71403099999999,False,0,614.0
Dhamtari,DTR,Chhattisgarh,SECR,20.714515,81.550321,False,0,162.0
DANTRA,DTRA,Rajasthan,,26.772568999999997,75.149207,True,2,645.0
Diyatara Road,DTRD,Rajasthan,?,27.7335962474,72.8399187915,False,0,645.0
Doddanatta Halt,DTT,Karnataka,,13.374454,78.13389600000001,False,0,416.0
DHUTRA,DTV,Odisha,,21.896882,84.09109799999999,True,4,235.0
DATIVLI,DTVL,Maharashtra,CR,19.187012,73.059049,True,4,754.0
DATEWAS,DTW,Punjab,NR,29.893255,75.616682,False,0,297.0
DANGTAL,DTX,Assam,,26.465846,90.465049,False,0,278.0
DHAURA,DUA,Uttar Pradesh,,24.44965,78.321791,True,11,1205.0
DUAN,DUAN,West Bengal,,22.354105,87.58821800000001,False,0,713.0
DABTARA,DUB,Uttar Pradesh,NR,28.368424,78.991164,True,8,1205.0
DUBAHA,DUBH,Bihar,,25.948784999999997,85.617108,True,2,711.0
DUDHANI,DUD,Maharashtra,,17.362420999999998,76.37871,True,12,754.0
Dhuri Jn,DUE,Uttar Pradesh,,26.8008621515,84.139379776,False,0,1205.0
Dudda,DUH,Karnataka,SWR,13.08842214,76.2042468,False,0,416.0
DHURI JN,DUI,Punjab,NR,30.372741,75.86660300000001,True,46,297.0
DUBRAJPUR,DUJ,West Bengal,ER,23.803358,87.378973,True,2,713.0
DUDIA,DUK,Rajasthan,NWR,25.934458,72.902042,False,0,645.0
Daulatpur Haryana,DULP,Haryana,NR,29.452122999999997,75.88859,False,0,201.0
DHAURMUI JAGHNA,DUM,Rajasthan,WCR,27.292281,77.53653800000001,False,0,645.0
Dumka,DUMK,Jharkhand,ER,24.289527,87.254975,True,2,270.0
Dumra,DUMR,Bihar,ECR,26.576993,85.533639,False,0,711.0
DUGANPUR,DUN,Uttar Pradesh,,28.658317,79.13019,True,2,1205.0
DHAURSALAR,DUO,Uttar Pradesh,,26.798349,80.08140399999999,False,0,1205.0
DHULIPALLA HALT,DUP,Andhra Pradesh,,16.4244756015,80.0878237878,False,0,574.0
DESUR,DUR,Karnataka,SWR,15.754344,74.49801,False,0,416.0
DUMRAON,DURE,Bihar,,25.571984,84.14386499999999,True,32,711.0
DURG,DURG,Chhattisgarh,,21.200327,81.291837,True,127,162.0
Durgapuri,DURP,Madhya Pradesh,NCR,26.8320029,80.9154077,False,0,614.0
DUSI,DUSI,Andhra Pradesh,,18.369969,83.857682,True,2,574.0
DUPADU,DUU,Telangana,,15.742888,78.01325899999999,False,0,150.0
DHUVA,DV,Gujarat,,22.7223787434,70.9335792004,False,0,633.0
Delvada,DVA,Gujarat,WR,20.773429,71.041529,False,0,633.0
MAKUDAN VIRAPANDI BLOCK HUT,DVBH,Tamil Nadu,,11.580796,78.037941,False,0,557.0
DUVVADA,DVD,Andhra Pradesh,,17.703843,83.152059,True,95,574.0
DAVANGERE,DVG,Karnataka,SWR,14.467834,75.92229,True,49,416.0
DEVGAM,DVGM,Gujarat,,23.938342,71.59185599999999,False,0,633.0
Devi Halt,DVH,Madhya Pradesh,SECR,21.706411,78.86207,True,4,614.0
DILLI DEWAN GANJ,DVJ,Bihar,,25.432721,87.778612,False,0,711.0
DEVLALI,DVL,Maharashtra,,19.897509,73.83729,True,42,754.0
DALBHUMGARH,DVM,Jharkhand,,22.506293,86.551921,False,0,270.0
DEVTHANA,DVN,Maharashtra,SCR,19.274562,77.689981,False,0,754.0
DORAVARI CHATRAM,DVR,Andhra Pradesh,,13.814297,79.951308,False,0,574.0
DEVALIYA,DVY,Gujarat,,23.02777493,71.01248185,False,0,633.0
DAILWARA,DWA,Uttar Pradesh,,24.78059,78.392945,False,0,1205.0
DHEKVAD,DWD,Maharashtra,,21.339179,74.13857,True,5,754.0
Dighwa Dubauli,DWDI,Bihar,NER,26.2652295458,84.7432486377,False,0,711.0
DUDH SAGAR WATER FALLS,DWF,Karnataka,SWR,15.31333714,74.31403358,False,0,416.0
DEWANGANJ,DWG,Madhya Pradesh,,23.429766,77.59286700000001,True,5,614.0
DINGWAHI,DWI,Uttar Pradesh,NCR,25.416805,80.414159,False,0,1205.0
DWARKAGANJ,DWJ,Uttar Pradesh,NR,26.316418,82.109076,False,0,1205.0
DIVA JN. CABIN,DWJN,Maharashtra,,19.188667,73.042923,False,0,754.0
DWARKA,DWK,Gujarat,WR,22.251023,68.980434,True,30,633.0
DHUWALA,DWL,Rajasthan,,25.4871500943,74.5819742755,False,0,645.0
Dhauni,DWLE,Bihar,ER,25.010329682,86.9930409827,True,2,711.0
Darwha Moti Bagh Junction,DWM,Maharashtra,CR,,,False,0,754.0
DIWANA,DWNA,Haryana,,29.318564,76.980194,False,0,201.0
DOIWALA,DWO,Uttarakhand,NR,30.175451,78.12218,True,10,46.0
DWARAPUDI,DWP,Andhra Pradesh,,16.927556,81.922661,True,25,574.0
DHARWAR,DWR,Karnataka,SWR,15.440386,75.004552,True,53,416.0
Dewan Hat,DWT,West Bengal,NFR,26.3029681,89.6653098,False,0,713.0
DIWANKHAVATI,DWV,Maharashtra,KR,17.855413000000002,73.418174,True,4,754.0
DEWAS,DWX,Madhya Pradesh,WR,22.977556,76.051191,True,66,614.0
Dantewara,DWZ,Chhattisgarh,ECoR,18.907733,81.35453600000001,True,2,162.0
DIGOD,DXD,Rajasthan,WCR,25.196344,76.01539600000001,True,3,645.0
DHARANGAON,DXG,Maharashtra,,21.006447,75.286092,True,10,754.0
DUHAI,DXH,Uttar Pradesh,NR,28.730283,77.480363,False,0,1205.0
DHANA KHERLI,DXK,Uttar Pradesh,NCR,26.950169,77.53577899999999,True,2,1205.0
DUDDHINAGAR,DXN,Uttar Pradesh,ECR,24.2090318514,83.21679153630001,True,10,1205.0
DIGSAR,DXR,Gujarat,WR,22.712403,71.499375,True,4,633.0
Duhru,DXU,Uttar Pradesh,,26.083606,80.176723,False,0,1205.0
DUMARIYA,DY,Rajasthan,WCR,26.864673,77.234121,True,2,645.0
DARYABAD,DYD,Uttar Pradesh,,26.861303,81.550114,True,19,1205.0
DAYANAND NAGAR,DYE,Andhra Pradesh,SCR,17.456247,78.53134999999999,True,2,574.0
DUDHIA KHURD,DYK,Uttar Pradesh,NER,28.46474,80.19780499999999,False,0,1205.0
Daryapur,DYP,Uttar Pradesh,NR,26.182799,81.248588,False,0,1205.0
DALAPATHY SAMUDRAM,DYS,Tamil Nadu,SR,8.430572,77.638091,False,0,557.0
DIYURI,DYU,Uttar Pradesh,NER,28.603253,79.87601000000001,False,0,1205.0
Diyawan Halt,DYW,Bihar,,25.3817289022,85.2839236682,False,0,711.0
DASUYA,DZA,Punjab,NR,31.80853,75.657932,True,27,297.0
Dahina Zainabad,DZB,Haryana,NWR,28.2910785745,76.39169434200001,False,0,201.0
Durgachak,DZK,West Bengal,SER,22.082011,88.15527399999999,False,0,713.0
Durga Chak Town,DZKT,West Bengal,SER,22.066831,88.136032,False,0,713.0
Dhana Ladanpur,DZL,Haryana,,28.7502173348,76.1667579382,False,0,201.0
DARAZPUR,DZP,Haryana,,30.152546,77.195721,False,0,201.0
PURA HALT,EC28,Bihar,,24.815024,85.23955500000001,False,0,711.0
Kharuara Halt,EC31,Bihar,,25.4316280874,85.5436173315,False,0,711.0
ERODE JN,ED,Tamil Nadu,,11.327682,77.72593400000001,True,160,557.0
ITWAN DUNDAILA,EDA,Madhya Pradesh,,24.939958728,80.84270550779999,False,0,614.0
EDDULADODDI,EDD,Andhra Pradesh,SCR,15.329698,77.589906,True,4,574.0
EDEN GARDENS,EDG,West Bengal,,22.565207,88.339472,False,0,713.0
ERIODU,EDU,Tamil Nadu,SR,10.51562799,78.05712899000001,False,0,557.0
ELURU,EE,Andhra Pradesh,,16.717816,81.11976200000001,True,123,574.0
EGATTUR HALT,EGT,Tamil Nadu,,13.106198,79.88406,False,0,557.0
IRANAGALLU,EGU,Andhra Pradesh,,15.89181357,77.26376539,False,0,574.0
EKCHARI,EKC,Bihar,,25.2276230482,87.2138658521,True,10,711.0
EKSARI HALT,EKH,Bihar,ECR,25.134973,85.889325,False,0,711.0
EKLAKHI,EKI,West Bengal,,25.167868,88.099492,True,8,713.0
EKDIL,EKL,Uttar Pradesh,,26.76628,79.116455,False,0,1205.0
EKAMBARAKUPPAM,EKM,Andhra Pradesh,,13.318604,79.573126,True,8,574.0
EKMA,EKMA,Bihar,,25.967099,84.53637,True,11,711.0
Ezhukone,EKN,Kerala,SR,8.979142999999999,76.715068,True,2,183.0
Ekangarsarai,EKR,Bihar,ECR,25.2224815,85.2322638,True,4,711.0
ELAMANUR,EL,Tamil Nadu,SR,10.879069,78.57336000000001,False,0,557.0
Eraligu,ELL,Assam,NFR,24.665398,92.332631,False,0,278.0
ELIMALA,ELM,Kerala,SR,12.0686868024,75.2308476031,True,2,183.0
Achalpur,ELP,Maharashtra,CR,21.27760302246017,77.51926277764142,False,0,754.0
ELAVUR,ELR,Tamil Nadu,,13.458351,80.11617799999999,False,0,557.0
ISAND,EN,Gujarat,WR,23.294039,72.484975,True,2,633.0
Ellenabad,ENB,Rajasthan,NWR,29.44410399265112,74.6579341054894,False,0,645.0
ENBG,ENBG,,,,,False,0,
ENNORE,ENR,Tamil Nadu,,13.2181957171,80.32212448269999,False,0,557.0
UDL EAST OUTER CABIN,EOC,West Bengal,,23.569452,87.20360799999999,False,0,713.0
EOCM,EOCM,Uttar Pradesh,,25.315812,83.196038,False,0,1205.0
Mumbai Elphinstone Road,EPR,Maharashtra,WR,19.00694,72.835426,False,0,754.0
Kalinagar,ER08,West Bengal,ER,23.3658885,88.3359081,False,0,713.0
ERICH ROAD,ERC,Uttar Pradesh,,25.820641,79.03502499999999,False,0,1205.0
ERANIEL,ERL,Tamil Nadu,SR,8.212549,77.308161,True,12,557.0
ERNAKULAM TOWN,ERN,Kerala,,9.991582,76.2861,True,80,183.0
ERNAKULAM JN,ERS,Kerala,,9.969542,76.290672,True,97,183.0
ERNAKULAM JN. C,ERSC,Kerala,,9.97806,76.28985899999999,False,0,183.0
ERNAKULAM D CABIN,ERSD,Kerala,,9.979712,76.306549,False,0,183.0
ISIVI,ESV,Andhra Pradesh,,15.65781,77.22981399999999,False,0,574.0
ITARSI JN,ET,Madhya Pradesh,,22.608258,77.767128,True,260,614.0
Etah,ETAH,Uttar Pradesh,NCR,27.571173,78.65391899999999,False,0,1205.0
ITARSI B CABIN,ETB,Madhya Pradesh,,22.591346,77.709215,False,0,614.0
ITARSI F CABIN,ETF,Madhya Pradesh,,22.61521,77.774856,False,0,614.0
ETAKKOT,ETK,Kerala,SR,11.806195,75.44379699999999,False,0,183.0
ETTUMANUR,ETM,Kerala,,9.676196,76.545152,True,4,183.0
ETTIMADAI,ETMD,Tamil Nadu,,10.898788,76.89715500000001,False,0,557.0
ETTAPUR ROAD,ETP,Tamil Nadu,,11.651009,78.468545,True,2,557.0
ELATTUR,ETR,Kerala,SR,11.346337,75.741119,False,0,183.0
ETMADPUR,ETUE,Uttar Pradesh,,27.221535999999997,78.197973,False,0,1205.0
ETAWAH,ETW,Uttar Pradesh,,26.78597,79.021502,True,61,1205.0
ETYD,ETYD,,,,,False,0,
EDAVAI,EVA,Kerala,,8.762883,76.69747699999999,True,2,183.0
EZHUPPUNNA,EZP,Kerala,,9.820288,76.302391,False,0,183.0
FALNA,FA,Rajasthan,NWR,25.235808,73.23495299999999,True,77,645.0
FATEHA HALT,FAH,Bihar,,25.598419045,85.8714580536,False,0,711.0
Fatehnagar,FAN,Rajasthan,NWR,24.81828,74.09578200000001,True,9,645.0
FAKHARPUR HALT,FAP,Uttar Pradesh,NR,28.846965,77.293521,False,0,1205.0
FARAH,FAR,Uttar Pradesh,,27.334474,77.743659,False,0,1205.0
FARRUKHABAD,FBD,Uttar Pradesh,,27.38236,79.57173700000001,True,26,1205.0
FORBESGANJ,FBG,Bihar,,26.298901,87.262803,True,4,711.0
FAIZABAD JN,FD,Uttar Pradesh,,26.768996,82.135574,True,59,1205.0
FARIDABAD,FDB,Haryana,,28.411473,77.30734799999999,True,73,201.0
FARIDKOT,FDK,Punjab,NR,30.682857,74.76137999999999,True,14,297.0
FARIDABAD NEW TOWN,FDN,Haryana,,28.376247999999997,77.30936799999999,True,3,201.0
Fatehgarh Haryana,FGH,Haryana,,28.647921,76.243784,False,0,201.0
FATEHGARH,FGR,Uttar Pradesh,,27.369608,79.62159,True,10,1205.0
FATEHGARH SAHIB,FGSB,Punjab,,30.650726,76.38812399999999,True,2,297.0
FARAH TOWN,FHT,Uttar Pradesh,,27.318183,77.75808599999999,True,2,1205.0
FEROK,FK,Kerala,SR,11.1749722,75.8302845,True,35,183.0
Fazilka,FKA,Punjab,NR,30.408641,74.02541699999999,True,2,297.0
FAKHRABAD,FKB,Andhra Pradesh,SCR,18.824644,77.974481,True,3,574.0
FURKATING JN,FKG,Assam,NFR,26.465652,94.002692,True,29,278.0
FAKIRAGRAM JN,FKM,Assam,,26.365237,90.186189,True,17,278.0
PHULERA JN,FL,Rajasthan,,26.872814,75.24545599999999,True,89,645.0
Phulad,FLD,Rajasthan,NWR,25.623979,73.81311799999999,True,2,645.0
FALAKATA,FLK,West Bengal,,26.5383964616,89.19227488279999,True,10,713.0
Falimari,FLM,West Bengal,NFR,26.0707762,89.5868746,False,0,713.0
PHULESWAR,FLR,West Bengal,,22.4778756365,88.11604889590001,True,4,713.0
Phulia,FLU,West Bengal,ER,23.229897,88.49634,False,0,713.0
KACHEGUDA FALAKNUMA,FM,Telangana,,17.332197,78.474481,True,4,150.0
Farukhnagar,FN,Haryana,NR,28.467066,76.828486,False,0,201.0
FATEHNAGAR,FNB,Telangana,,17.4561957266,78.4502575745,False,0,150.0
FUNGO HALT,FNO,Bihar,ECR,25.6187302859,86.6044763025,False,0,711.0
FLYOVER CABIN MUGHALSARAI,FOCM,Uttar Pradesh,,25.289358999999997,83.172391,False,0,1205.0
Fatehpur Shekhawati,FPS,Rajasthan,NWR,28.000728,74.971043,False,0,645.0
FARHEDI,FRD,Uttar Pradesh,NR,28.711716968,78.7937161591,False,0,1205.0
Faridaha Halt,FRDH,Uttar Pradesh,NER,25.557959,83.12602199999999,False,0,1205.0
Faringapete Halt,FRG,Karnataka,,12.875341,74.957082,False,0,416.0
Farhatnagar,FRH,Uttar Pradesh,NR,27.081164,80.143212,False,0,1205.0
PHURSUNGI,FSG,Maharashtra,CR,18.455829,74.026016,False,0,754.0
FATEH SINGHPURA,FSP,Rajasthan,WCR,26.8216101334,77.1469610779,True,8,645.0
FAQARSAR,FSR,Punjab,NR,30.189431000000003,74.57257200000001,False,1,297.0
Fateh Singhwala,FSW,Rajasthan,NWR,29.91997899999999,74.029894,False,0,645.0
Fatehpur Chursi,FTC,Uttar Pradesh,NR,26.843511,80.26179,False,0,1205.0
Fatehabad Chowk Junction,FTD,Madhya Pradesh,WR,23.009106,75.673338,True,2,614.0
FURSATGANJ,FTG,Uttar Pradesh,,26.244522,81.41565100000001,True,7,1205.0
FATUHI,FTH,Rajasthan,NR,30.056984,73.871319,False,0,645.0
FATEHPUR,FTP,Uttar Pradesh,,25.917489,80.801869,True,33,1205.0
FATEHPUR SIKRI,FTS,Uttar Pradesh,NCR,27.093989,77.670597,True,6,1205.0
FATWA,FUT,Bihar,,25.50144,85.305488,True,64,711.0
FAIZULLAPUR,FYZ,Uttar Pradesh,,25.869213,80.893347,False,1,1205.0
FIROZABAD,FZD,Uttar Pradesh,,27.147415,78.386691,True,40,1205.0
FAZALPUR,FZL,Uttar Pradesh,,29.5937410175,78.27795372130001,False,0,1205.0
Firozpur City,FZP,Punjab,NR,30.962007,74.600792,False,0,297.0
FIROZPUR CANT,FZR,Punjab,NR,30.942486,74.61843900000001,True,18,297.0
GONDIA JN,G,Maharashtra,,21.462435,80.190842,True,103,754.0
GUDHA,GA,Rajasthan,,26.950042,75.128292,True,2,645.0
GALAN,GAA,Maharashtra,,20.6095998065,75.27700034419999,False,0,754.0
Gevra Road,GAD,Chhattisgarh,SECR,22.348524,82.64566,False,1,162.0
Goaldih,GADH,Orissa,?,21.726323,85.54626499999999,True,2,65.0
GANDHINAGAR JAIPUR,GADJ,Rajasthan,,26.873067,75.79827999999999,True,52,645.0
Ganga Dham,GADM,Uttar Pradesh,NER,27.20976,81.930509,False,0,1205.0
GAIPURA,GAE,Uttar Pradesh,,25.16045,82.38624899999999,False,1,1205.0
GANGAGHAT,GAG,Jharkhand,,23.3613982411,85.5070501038,False,0,270.0
Galgalia,GAGA,Eastern Region,,26.52752005,88.11348526,True,2,2.0
Gawnaha,GAH,Bihar,ECR,27.269838999999997,84.52017599999999,False,0,711.0
Ghusia Halt,GAHT,Bihar,,25.1919497817,84.2479039038,False,0,711.0
GOUCHHARI,GAI,Bihar,,25.438433999999997,86.674696,False,0,711.0
GANESHGANJ,GAJ,Madhya Pradesh,,23.895862,79.074633,True,8,614.0
GAJARA BAHARA,GAJB,Madhya Pradesh,WCR,24.05344,82.31176099999999,False,0,614.0
Gaju Halt,GAJU,Uttar Pradesh,NR,27.204231,80.37297299999999,False,0,1205.0
GHATLA,GAL,Rajasthan,NWR,27.731813,76.628452,False,0,645.0
GUNADALA,GALA,Andhra Pradesh,,16.537426,80.667911,False,0,574.0
GANKAR,GALE,West Bengal,ER,24.4048041196,88.07289439819999,True,2,713.0
GoldingGanj,GALG,Bihar,?,,,False,0,711.0
GANJAM,GAM,Odisha,,19.395827,85.046719,True,8,235.0
Gogameri,GAMI,Rajasthan,NWR,29.160244032368652,75.03507563844323,False,0,645.0
GANGAGANJ,GANG,Uttar Pradesh,,26.291456,81.201419,True,4,1205.0
GHARNI,GANI,Maharashtra,?,18.47697,76.758368,False,0,754.0
GHANAULI,GANL,Punjab,,31.025994,76.59214300000001,True,2,297.0
GAIGAON,GAO,Maharashtra,,20.720684,76.890093,False,0,754.0
GURPA,GAP,Bihar,,24.562542,85.29708,True,2,711.0
GANJ KHAWAJA,GAQ,Uttar Pradesh,,25.273922,83.18436299999999,False,0,1205.0
GADARWARA,GAR,Madhya Pradesh,WCR,22.899459,78.79173399999999,True,29,614.0
Garha,GARA,Bihar,ECR,26.426289,85.52096599999999,False,0,711.0
Gautamdhara,GATD,Jharkhand,SER,23.3498809788,85.6329945703,True,27,270.0
GAUR,GAUR,Uttar Pradesh,,26.913411,82.56115799999999,False,0,1205.0
Gainjahwa,GAW,Uttar Pradesh,NER,27.4546557588,82.24506478820001,False,0,1205.0
GAYA JN,GAYA,Bihar,,24.803978,84.999294,True,100,711.0
GAURI BAZAR,GB,Uttar Pradesh,,26.594934,83.667801,True,13,1205.0
GARHBETA,GBA,West Bengal,SER,22.844562,87.320972,True,12,713.0
GUBBI,GBB,Karnataka,SWR,13.321429,76.939264,True,3,416.0
GAURIBIDANUR,GBD,Karnataka,,13.613081,77.512781,True,20,416.0
Gayabari,GBE,West Bengal,,26.86004,88.260998,False,1,713.0
GAROBIGHA HALT,GBHA,Bihar,?,24.826792,85.46715300000001,False,0,711.0
GOPALPUR BALKDA,GBK,Odisha,,20.432635,85.87790899999999,False,0,235.0
GARH BANAILI,GBN,Bihar,,25.915091,87.535041,False,0,711.0
GULABPURA,GBP,Rajasthan,NWR,25.9027951891,74.65595449829999,True,2,645.0
GODBHAGA,GBQ,Odisha,,21.416457,83.856969,False,0,235.0
GOBRA,GBRA,West Bengal,,22.695504,88.279274,False,0,713.0
Gobarwahi,GBRI,Maharashtra,SECR,21.514747,79.723237,False,0,754.0
GOVINDPUR ROAD,GBX,Jharkhand,,23.0618574906,85.0435794019,True,5,270.0
GUABARI,GBY,,,,,False,0,
GHATKOPAR,GC,Maharashtra,,19.085984999999997,72.908591,False,0,754.0
GCAB,GCAB,Chhattisgarh,,21.204607999999997,81.431558,False,0,162.0
GACHHIPURA,GCH,Rajasthan,,26.953522,74.454426,True,4,645.0
Gocharan,GCN,West Bengal,ER,22.277738,88.45836999999999,False,0,713.0
GHAZIPUR CITY,GCT,Uttar Pradesh,NER,25.583144,83.568045,True,28,1205.0
GONDA JN,GD,Uttar Pradesh,,27.154613,81.97815200000001,True,96,1205.0
GODHRA JN,GDA,Gujarat,,22.776974,73.603672,True,56,633.0
GIDDARBAHA,GDB,Punjab,NR,30.201319,74.663342,True,15,297.0
GOONDA BIHAR,GDBR,Jharkhand,,23.067871,86.08116700000001,False,0,270.0
Gadra Road,GDD,Rajasthan,NWR,25.743851,70.64304,False,0,645.0
GARLADINNE,GDE,Andhra Pradesh,,14.827324,77.592146,True,4,574.0
GADAG JN,GDG,Karnataka,SWR,15.437048,75.642481,True,37,416.0
GAUDGAON,GDGN,Maharashtra,,17.335973000000003,76.530953,False,0,754.0
Gidnahali,GDH,Karnataka,,13.406514,77.82513399999999,False,0,416.0
GODHA,GDHA,Uttar Pradesh,NR,28.005897,78.141225,False,0,1205.0
GUDGERI,GDI,Karnataka,SWR,15.1249217339,75.3596044824,True,2,416.0
GONDA KACHAHRI,GDK,Uttar Pradesh,,27.1402272205,81.93402688110001,False,0,1205.0
GHUNDANKHAPA,GDKP,Madhya Pradesh,,21.655105,78.42563,False,0,614.0
GONDAL,GDL,Gujarat,WR,21.972471,70.79558800000001,True,16,633.0
GUDMA,GDM,Maharashtra,,21.416128,80.287678,True,2,754.0
GANGAIKONDAN,GDN,Tamil Nadu,SR,8.830736,77.786203,False,0,557.0
Goverdhan,GDO,Uttar Pradesh,NCR,27.520546,77.46164300000001,True,2,1205.0
GUDUPULLI,GDP,Andhra Pradesh,,12.803672,78.27491,True,2,574.0
GUNDLA POCHAMPALLI,GDPL,Andhra Pradesh,SCR,17.568097,78.488371,True,2,574.0
GUDAPARTI,GDPT,Andhra Pradesh,,17.0281747457,82.13113915769999,True,2,574.0
GODAMGURA,GDQ,Telangana,,17.29025,77.867119,True,2,150.0
GUDUR JN,GDR,Andhra Pradesh,,14.148227,79.845121,True,159,574.0
Gudru Halt,GDU,Madhya Pradesh,SECR,22.2718946035,80.1163395764,True,4,614.0
GUDIVADA JN,GDV,Andhra Pradesh,SCR,16.429888,80.987594,True,30,574.0
Gadhwala,GDW,Rajasthan,,27.970288,73.454923,False,0,645.0
GHOKSADANGA,GDX,West Bengal,,26.4228864281,89.2780105872,True,2,713.0
GUINDY,GDY,Tamil Nadu,,13.007672,80.211922,False,0,557.0
GHORADONGRI,GDYA,Madhya Pradesh,,22.126423,78.001987,True,43,614.0
Gundardehi,GDZ,Chhattisgarh,SECR,20.948836,81.302351,True,2,162.0
GHATERA,GEA,Madhya Pradesh,,23.8293873,79.6733909,True,3,614.0
Garh Baruari,GEB,Bihar,ECR,26.019349,86.605596,False,0,711.0
GULEDAGUDDA RD,GED,Karnataka,SWR,16.069516,75.69565899999999,True,6,416.0
Gede,GEDE,West Bengal,ER,23.491197,88.786737,True,4,713.0
Gir Gadhara,GEG,Gujarat,WR,20.906347,70.919246,False,0,633.0
GEGAL AKHRI,GEK,Rajasthan,NWR,26.540366,74.775574,True,2,645.0
Ghadela Halt,GELA,Madhya Pradesh,SECR,21.714044,78.888017,True,4,614.0
GUNJARIA,GEOR,West Bengal,,26.218465,88.132222,False,0,713.0
GERATPUR,GER,Gujarat,,22.917292,72.65515099999999,True,5,633.0
GARIFA,GFAE,West Bengal,,22.908445,88.409935,False,0,713.0
GANDHIGRAM,GG,Gujarat,WR,23.02676,72.568831,False,0,633.0
GHOGA,GGA,Bihar,,25.2103054225,87.16086164,True,12,711.0
GANGADHARA,GGAR,Gujarat,,21.141419000000003,73.043566,True,5,633.0
GARHMUKTESAR BR,GGB,Uttar Pradesh,,28.761399945399997,78.1412204187,True,4,1205.0
GANGAPUR CITY,GGC,Rajasthan,WCR,26.468979,76.72770799999999,True,49,645.0
GULLAGUDA,GGD,Telangana,,17.4169638619,78.03277293640001,True,4,150.0
Gangagarh Halt,GGG,Uttar Pradesh,,27.850344000000003,78.739109,False,0,1205.0
Ghogardiha,GGH,Bihar,ECR,26.282768,86.468503,False,0,711.0
GOSHAINGANJ,GGJ,Uttar Pradesh,,26.569524,82.384123,True,21,1205.0
GOVINDGARH KHOKHAR,GGKR,Punjab,NR,29.992439273899997,75.80832813660001,False,0,297.0
GANGATIKURI,GGLE,West Bengal,ER,23.71822,88.087286,False,0,713.0
GORA GHUMA,GGM,Gujarat,,23.038848,72.454405,True,2,633.0
GURGAON,GGN,Haryana,NR,28.489165,77.010739,True,61,201.0
Goram Ghat,GGO,Rajasthan,NWR,25.635531,73.849246,True,2,645.0
GANGRAR,GGR,Rajasthan,NWR,25.061279000000003,74.624757,True,2,645.0
GANGA SAHAI,GGSY,Bihar,,25.269767,86.018783,False,0,711.0
GHUNGHUTI,GGT,Madhya Pradesh,,23.3436391121,81.1862407697,True,3,614.0
GHORAGHATA,GGTA,West Bengal,,22.458315,87.94424,False,0,713.0
Ghovarash Ghona,GGV,West Bengal,ER,22.651678,88.78289199999999,False,0,713.0
Gagariya,GGY,Rajasthan,NWR,25.741083,70.734877,False,0,645.0
GHUGHULI,GH,Uttar Pradesh,NER,27.0539516142,83.7137745453,True,3,1205.0
GOLEHWALA,GHA,Punjab,NR,30.789872,74.70440599999999,False,0,297.0
GHATIGAON,GHAI,Madhya Pradesh,WCR,26.054864,77.92678000000001,False,0,614.0
Gahri Bhagi,GHB,Punjab,,30.116783,74.944234,False,0,297.0
GARWA ROAD,GHD,Jharkhand,,24.214419,83.885116,True,32,270.0
GHEVRA,GHE,Delhi NCT,NR,28.691982000000003,76.99853599999999,False,0,28.0
GHER,GHER,Rajasthan,,26.666953,77.950981,False,0,645.0
GHAGGHAR,GHG,Punjab,NR,30.6111449411,76.84804777400001,False,0,297.0
GHAGWAL,GHGL,Jammu and Kashmir,NR,32.504286,75.213604,True,6,16.0
GARHI HARSARU,GHH,Haryana,NR,28.43755,76.929697,True,11,201.0
GURSAHAIGANJ,GHJ,Uttar Pradesh,,27.118804,79.732035,True,4,1205.0
GOLHALLI,GHL,Karnataka,SWR,13.148289,77.413983,False,0,416.0
GADADHARPUR,GHLE,West Bengal,,24.013197,87.691891,True,2,713.0
Ghallu,GHLU,Punjab,,30.2566065213,74.1078213831,False,0,297.0
GHORPARAN,GHN,Bihar,,24.7416247808,86.4985295715,False,0,711.0
GOHANA,GHNA,Haryana,NR,29.140297,76.68937799999999,False,0,201.0
GHANTIKHAL NIDHIPUR,GHNH,Odisha,,20.510921999999997,85.736186,True,2,235.0
Gandhipuram Halt,GHPU,Andhra Pradesh,SCR,17.495052,80.31352000000001,True,4,574.0
GARHWA,GHQ,Jharkhand,ECR,24.1751953,83.8132154,True,12,270.0
GIDHAUR,GHR,Bihar,,24.856169,86.324005,True,21,711.0
Ghori Halt,GHRI,Uttar Pradesh,NR,27.373959,80.503293,False,0,1205.0
Guru Harsahai,GHS,Punjab,NR,30.715001,74.399987,False,0,297.0
GHASARA HALT,GHSR,Uttar Pradesh,,26.72284,79.360808,False,0,1205.0
GHAGHARA GHAT,GHT,Uttar Pradesh,,27.1026834977,81.5033135022,False,0,1205.0
Ghoom,GHUM,West Bengal,NFR,27.008643,88.254223,True,12,713.0
GARHARA,GHX,Bihar,,25.4409119004,86.0053080969,True,6,711.0
GUWAHATI,GHY,Assam,,26.182635,91.751851,True,86,278.0
GUDUVANCHERI,GI,Tamil Nadu,,12.844886,80.057147,False,0,557.0
Garia,GIA,West Bengal,ER,22.465959,88.404673,False,0,713.0
GHOGHI BARIARPUR,GIBP,Bihar,,25.2058083716,86.3040822156,False,0,711.0
GIDDALUR,GID,Andhra Pradesh,,15.379008,78.925583,True,18,574.0
Gani Dham Halt,GIF,Bihar,ER,25.1634535646,86.9862695435,False,0,711.0
GIDNI,GII,Jharkhand,,22.488472,86.853201,False,0,270.0
GAISAL,GIL,West Bengal,,26.1848261159,88.0895072131,False,0,713.0
GHIALA,GILA,Punjab,NR,32.151615,75.64393899999999,False,0,297.0
GILL,GILL,Punjab,NR,30.840521000000003,75.848169,True,2,297.0
GANDHIDHAM BG,GIMB,Gujarat,,23.069086,70.14775399999999,True,34,633.0
GANDHIDHAM CABIN,GIMC,Gujarat,,23.095023,70.150716,False,0,633.0
GINIGERA,GIN,Karnataka,SWR,15.348226,76.247613,True,4,416.0
Goriyan,GIO,Rajasthan,NWR,27.547928,75.26559,False,0,645.0
Gainsari Junction,GIR,Uttar Pradesh,NER,27.5268392968,82.5441789069,False,0,1205.0
Garhi Sandra,GIS,Rajasthan,NCR,26.668256,77.76513,False,0,645.0
GHORPURI TRANSH,GIT,Maharashtra,,18.5259235991,73.8987694873,False,0,754.0
Girdharpur,GIW,Rajasthan,NCR,25.845508,76.794583,False,0,645.0
Gidam,GIZ,Chhattisgarh,ECoR,18.934852,81.409001,True,2,162.0
GANGAJHARI,GJ,Maharashtra,,21.443153,80.058885,True,2,754.0
GUJHANDI,GJD,Jharkhand,,24.498121,85.463683,True,5,270.0
GOLDINGANJ,GJH,Bihar,,25.754174,84.827254,True,2,711.0
GAJJELAKONDA,GJJ,Andhra Pradesh,,15.777382,79.401298,True,6,574.0
GAJRAULA JN,GJL,Uttar Pradesh,,28.834938,78.250784,True,22,1205.0
Ganjmuradabad,GJMB,Uttar Pradesh,NR,26.987889000000003,80.177008,False,0,1205.0
Gajner,GJN,Rajasthan,NWR,27.9358522,73.0615538,False,0,645.0
Gajsinghpur,GJS,Rajasthan,NWR,29.658053,73.436739,True,2,645.0
Gannaghatta,GJT,Karnataka,,13.244119,78.146705,False,0,416.0
GARUDIJHATIA,GJTA,Odisha,,20.570067,85.828478,False,0,235.0
GANGSAR JAITU,GJUT,Punjab,NR,30.445082000000003,74.87951100000001,True,12,297.0
Gajuwala,GJW,Punjab,NR,29.585509,75.871735,False,0,297.0
GOLA GOKARANATH,GK,Uttar Pradesh,NER,28.084651,80.475468,True,3,1205.0
Gokhula,GKA,Bihar,ECR,27.069813,84.53976300000001,False,0,711.0
GHATAKA VARANA,GKB,Rajasthan,,25.506883,76.160353,True,2,645.0
GORAKHPUR CANT,GKC,Uttar Pradesh,,26.750649,83.416821,True,7,1205.0
GADHAKDA,GKD,Gujarat,WR,21.237962,71.38171899999999,False,0,633.0
GUSKARA,GKH,West Bengal,,23.489998,87.733397,True,20,713.0
GRAM KHARIKA,GKHT,Bihar,,25.6720446969,85.3879062933,False,0,711.0
GOLAKGANJ,GKJ,Assam,NFR,26.108359,89.83064999999999,True,4,278.0
GOKAK ROAD,GKK,Karnataka,SWR,16.205164,74.738839,True,4,416.0
GOKULPUR,GKL,West Bengal,SER,22.375923,87.293716,True,3,713.0
GUNDALUKAMMA,GKM,Andhra Pradesh,,15.985909,79.645362,True,4,574.0
GORAKHPUR JN,GKP,Uttar Pradesh,,26.759311,83.381499,True,136,1205.0
GORAKHPUR EAST,GKPE,Uttar Pradesh,,26.7587697881,83.387390437,False,0,1205.0
Gate Karepalli,GKPI,Telangana,,17.500295,80.25510299999999,False,0,150.0
Gankhera Halt,GKT,Maharashtra,,21.389118,80.191891,False,0,754.0
Gottihalli Halt,GKV,Karnataka,,13.260622,78.155685,False,0,416.0
Ghai Kalan,GKX,Punjab,,30.822828,75.10891500000001,False,0,297.0
GARLA,GLA,Andhra Pradesh,SCR,17.487076,80.139236,True,6,574.0
GOLABAI,GLBA,Odisha,,20.016866,85.555928,False,0,235.0
GUJRAN BALWA,GLBN,Uttar Pradesh,NR,29.4068014069,77.301364624,False,0,1205.0
Ghelda,GLD,Gujarat,WR,23.3616934176,72.20310172849999,False,0,633.0
Gajulaguden,GLE,Andhra Pradesh,SCR,17.609727,80.657904,True,2,574.0
GULABHGANJ,GLG,Madhya Pradesh,,23.684375,77.912351,True,9,614.0
Golaghat,GLGT,Assam,NFR,26.508626,93.9611898,True,2,278.0
Gulaothi,GLH,Uttar Pradesh,NR,28.582962,77.801799,True,2,1205.0
GALSI,GLI,West Bengal,,23.358032,87.681236,False,0,713.0
Gugalwa Kirtan,GLKN,Rajasthan,,28.545807,75.576076,False,0,645.0
GULMA,GLMA,West Bengal,NFR,26.802802,88.403784,False,0,713.0
GULANA,GLNA,Rajasthan,NWR,27.10333,76.564974,True,2,645.0
GOLLAPROLU,GLP,Andhra Pradesh,,17.1516644909,82.290817561,True,11,574.0
GOALPARA TOWN,GLPT,Assam,NFR,26.126534999999997,90.620659,True,37,278.0
GAHLOTA,GLTA,Rajasthan,NWR,26.6723715203,74.967556543,True,3,645.0
GULLIPADU,GLU,Andhra Pradesh,,17.409805,82.63345,True,2,574.0
GULVANCHI,GLV,Maharashtra,CR,17.172707,75.05678,False,0,754.0
GOLLAPALLY,GLY,Telangana,,16.818903000000002,78.157285,True,2,150.0
GARMADI,GM,Gujarat,,23.72788,71.13394,False,0,633.0
GUDIMETTA,GMA,Andhra Pradesh,,15.424449,79.010485,True,6,574.0
GUMANI,GMAN,West Bengal,,24.798952096399997,87.8052776343,True,5,713.0
KANPUR GOODS MARSHAL,GMC,Uttar Pradesh,,26.452292,80.33955999999999,False,0,1205.0
GURAMKHEDI,GMD,Madhya Pradesh,WCR,22.682206476,78.0778207251,True,2,614.0
GUMADA,GMDA,Andhra Pradesh,,18.889176000000003,83.457557,True,4,574.0
GIRIMAIDAN,GMDN,West Bengal,SER,22.340478,87.306151,True,2,713.0
GUMGAON,GMG,Maharashtra,,20.993595999999997,79.030314,False,0,754.0
GAMHARIA,GMH,Jharkhand,,22.796889,86.102793,True,6,270.0
Gond Umri,GMI,Maharashtra,,21.003133,80.082136,False,0,754.0
GUMIA,GMIA,Jharkhand,ECR,23.802650999999997,85.82892199999999,True,6,270.0
GULMA KHOLA,GMK,West Bengal,,26.83822,88.43738,False,0,713.0
Gumman,GMM,Himachal Pradesh,NR,30.842438,76.97194,True,2,55.0
GOREGAON,GMN,Maharashtra,WR,19.164447,72.849389,False,0,754.0
GOMOH JN,GMO,Jharkhand,,23.873106,86.14823,True,49,270.0
GAHMAR,GMR,Uttar Pradesh,,25.488685,83.80443100000001,True,18,1205.0
GARHMUKTESAR,GMS,Uttar Pradesh,,28.781743,78.07350799999999,True,15,1205.0
GAURIYAMAU,GMU,Uttar Pradesh,,26.757029,81.79366,False,0,1205.0
GURMURA,GMX,Uttar Pradesh,,24.3548979309,83.0477742334,False,0,1205.0
GUMANI HAT,GMZ,West Bengal,,26.4740709229,89.2392642694,False,0,713.0
GONEANA,GNA,Punjab,NR,30.318715,74.90948,True,6,297.0
Gonda Jn,GNAN,Uttar Pradesh,,27.153922,81.97761799999999,False,0,1205.0
JNANA BHARTI HALT,GNB,Karnataka,SWR,12.935329,77.511242,False,0,416.0
Gandhinagar Capital,GNC,Gujarat,WR,23.233379,72.62916200000001,True,6,633.0
GURLA N CABIN,GNCN,Rajasthan,,25.2972303873,75.9046559998,False,0,645.0
Govindgarh Malikpur,GND,Rajasthan,NWR,27.240582,75.64500100000001,False,0,645.0
GONDWALI,GNDI,Madhya Pradesh,WCR,24.217438,82.519981,False,0,614.0
Gunrajpur Dhama,GNDM,Bihar,,26.0694493219,84.8211345959,False,0,711.0
GAURIGANJ,GNG,Uttar Pradesh,,26.20341,81.68672600000001,True,28,1205.0
GANGADHARPUR,GNGD,Odisha,,19.815673,85.29323500000001,True,4,235.0
Gangauli,GNGL,Uttar Pradesh,NER,25.668107000000003,82.86309299999999,False,0,1205.0
GUNGRANA,GNGR,Punjab,,30.714577,75.82596,False,0,297.0
Gangatolia,GNGT,Madhya Pradesh,,22.392169,79.986339,False,0,614.0
GANGAKHER,GNH,Maharashtra,SCR,18.973377,76.755511,True,20,754.0
GANDHI HALT,GNHI,Bihar,,25.5720007108,84.961546925,False,0,711.0
GUNJI,GNJ,Karnataka,SWR,15.5431155625,74.47936741759999,False,0,416.0
Garhnokha,GNK,Bihar,ECR,25.09724423,84.12283778,False,0,711.0
Gongle,GNL,Maharashtra,SECR,21.222011,80.147349,False,0,754.0
GANGINENI,GNN,Andhra Pradesh,SCR,16.781754,80.498954,False,0,574.0
GANGANI,GNNA,Bihar,,25.265514,86.593002,False,0,711.0
GOREGAON ROAD,GNO,Maharashtra,KR,18.162498,73.30253,True,4,754.0
GHANPUR,GNP,Telangana,,17.8506252,79.3768995,True,12,150.0
Gunupur,GNPR,Orissa,ECoR,19.0690588978,83.8099599005,False,0,65.0
Ganpatpura,GNPT,Gujarat,WR,,,False,0,633.0
GODHANI,GNQ,Maharashtra,,21.21103,79.068176,False,0,754.0
GADIGANURU,GNR,Karnataka,SWR,15.219036,76.599178,True,3,416.0
Genoli Road,GNRD,Rajasthan,,25.203127,75.152338,False,0,645.0
GANGRAUL,GNRL,Uttar Pradesh,,28.28297,77.75473000000001,False,0,1205.0
Ghonsor,GNS,Madhya Pradesh,SECR,22.658083,79.95091,True,9,614.0
GANDHI SMRITI,GNST,Gujarat,,20.920848,72.921021,False,1,633.0
GNSYM,GNSYM,,,,,False,0,
GUNTUR JN,GNT,Andhra Pradesh,,16.300784,80.44197299999999,True,58,574.0
Gauntra Halt,GNTR,Uttar Pradesh,NR,27.1344458038,80.21785643429999,False,0,1205.0
GANAUR,GNU,Haryana,,29.130776,77.01074999999999,True,15,201.0
Gandevi,GNV,Gujarat,WR,,,False,0,633.0
GONDWANAVISAPUR,GNVR,Maharashtra,,19.8826389297,79.3287230096,True,2,754.0
Gangiwara,GNW,Madhya Pradesh,CR,22.097988,78.846139,True,3,614.0
Gahndran Halt,GNZ,Punjab,NR,31.117935,75.424279,False,0,297.0
GHOTI,GO,Maharashtra,,19.722911,73.63594400000001,False,0,754.0
GOHAD ROAD,GOA,Madhya Pradesh,NCR,26.480421000000003,78.439153,True,4,614.0
PONMALAI GOLDEN ROCK,GOC,Tamil Nadu,,10.791837,78.709755,True,3,557.0
GIDARPINDI,GOD,Punjab,NR,31.152633,75.12451399999999,False,0,297.0
GHOGRAPUR,GOE,Assam,,26.450742,91.539986,False,0,278.0
Ghutiari Sharif,GOF,West Bengal,ER,22.367665,88.552115,False,0,713.0
GHORGHAT,GOG,Bihar,,25.27073,86.58456,False,0,711.0
GOSSAIGAON HAT,GOGH,Assam,,26.4291071597,89.9715891956,True,6,278.0
GAROT,GOH,Madhya Pradesh,,24.2790919912,75.68432197690001,True,9,614.0
GOKARNA ROAD,GOK,Karnataka,KR,14.582791,74.36719699999999,True,10,416.0
GOILKERA,GOL,Jharkhand,,22.50529,85.37935200000001,True,13,270.0
GOLE,GOLE,Rajasthan,NWR,25.891938,72.00004,False,0,645.0
GOP JAM,GOP,Gujarat,WR,22.0539696502,69.90809078,True,2,633.0
Ghosipura,GOPA,Madhya Pradesh,NCR,26.215133,78.150553,False,0,614.0
Gopalganj,GOPG,Bihar,NER,26.454202,84.43554700000001,False,0,711.0
GUNDLA POCHAMPALLI,GOPL,Andhra Pradesh,SCR,17.567577,78.48785099999999,False,0,574.0
GHOSRANA,GOS,Rajasthan,,27.179904,76.90338,False,0,645.0
GOT,GOT,Uttar Pradesh,NER,28.870965,78.82300099999999,False,0,1205.0
GOTAN,GOTN,Rajasthan,,26.652201,73.737284,True,33,645.0
Govindpuri,GOV,Uttar Pradesh,NCR,26.4536771,80.312879,False,0,1205.0
GOVINDNAGAR,GOVR,Uttar Pradesh,,26.864223000000003,82.707468,False,0,1205.0
GOBINDPUR DUGLI,GOX,Uttar Pradesh,,26.085299,83.791513,False,0,1205.0
GOVINDPURI,GOY,Uttar Pradesh,,26.454423,80.313203,True,14,1205.0
RAJ GANGPUR,GP,Odisha,,22.186062000000003,84.58205099999999,True,29,235.0
GUPTIPARA,GPAE,West Bengal,ER,23.197355,88.4178,True,2,713.0
GHATPRABHA,GPB,Karnataka,SWR,16.240718896,74.7598229541,True,25,416.0
Gandhi Park Halt,GPBN,Telangana,?,18.652066,77.893393,False,0,150.0
GHATPINDRAI,GPC,Madhya Pradesh,WCR,22.952676,79.26630999999999,False,0,614.0
GUMMIDIPUNDI,GPD,Tamil Nadu,,13.409631,80.123431,True,2,557.0
GUDIPUDI,GPDE,Andhra Pradesh,,16.433946000000002,80.205304,True,2,574.0
GOGIPOTHIA HALT,GPE,Bihar,,26.250043,87.284335,False,0,711.0
GARPOS,GPH,Odisha,,22.134204,84.418434,True,12,235.0
GAJAPATINAGARAM,GPI,Andhra Pradesh,,18.293291,83.33390200000001,True,4,574.0
Gorapur,GPJ,Andhra Pradesh,ECoR,18.346936,82.79406,True,2,574.0
Gopalpurgram,GPLG,West Bengal,ER,23.819963,87.7809642,False,0,713.0
GOPALPUR,GPPR,Gujarat,,23.0835955791,70.1030164429,False,0,633.0
GHORPURI,GPR,Maharashtra,CR,18.5278209233,73.893448392,True,6,754.0
GHORPURI WEST,GPRW,Maharashtra,,18.5316875469,73.8917897095,False,0,754.0
Ghatparsia Halt,GPSA,Madhya Pradesh,,22.0597389624,79.0528523303,False,0,614.0
GOPALAPATNAM,GPT,Andhra Pradesh,,17.748818,83.214877,True,2,574.0
GULAPALYAMU,GPU,Andhra Pradesh,,15.087043,77.39921,True,2,574.0
GHAUNSPUR,GPW,Punjab,,31.8706261437,75.6375275745,False,0,297.0
Gautampura Road,GPX,Madhya Pradesh,WR,23.2008894,75.68198989999999,False,0,614.0
GANGAYAPLLE,GPY,Andhra Pradesh,,14.55411935,78.71746345,True,2,574.0
Gourdaha Halt,GQD,West Bengal,ER,22.3783007,88.5347717,False,0,713.0
GURLA,GQL,Rajasthan,,25.270233,75.88526800000001,True,7,645.0
GURLA N,GQLN,Rajasthan,,25.2936031538,75.90029863459999,False,0,645.0
GURLA W,GQLW,Rajasthan,,25.2903301845,75.8848308038,False,0,645.0
Garhani,GQN,Bihar,ECR,25.4118931462,84.5696156628,False,0,711.0
GULBARGA,GR,Karnataka,,17.314372,76.82443799999999,True,66,416.0
GHARAUNDA,GRA,Haryana,,29.541636,76.96575000000001,True,8,201.0
GURAP,GRAE,West Bengal,,23.02534,88.112282,False,0,713.0
GARKHA,GRAK,Uttar Pradesh,,27.7485176041,78.8842900433,False,0,1205.0
GARHDHRUBESWAR,GRB,West Bengal,SER,23.509341,86.617006,True,2,713.0
GAREA BIHAR,GRBH,Jharkhand,,24.1289485964,85.9155275354,False,0,270.0
GARUDUBILLI,GRBL,Andhra Pradesh,,18.21449,83.350493,True,4,574.0
G. Ramchandrapur,GRCP,Odisha,,19.990686,83.33018200000001,True,2,235.0
Giridih,GRD,Jharkhand,ER,24.1822559,86.3146452,True,4,270.0
GOLA ROAD,GRE,Jharkhand,,23.545551,85.697139,False,0,270.0
GAMBHIRI ROAD,GRF,Rajasthan,WR,24.693873,74.671009,True,2,645.0
GAMBHIR BR,GRFB,Madhya Pradesh,,23.226323,75.637187,False,0,614.0
Guwarighat,GRG,Madhya Pradesh,SECR,23.110295,79.92761300000001,True,7,614.0
GHORASAHAN,GRH,Central Region,,26.82028731,85.12762727,False,0,7.0
Gir Hadmatiya,GRHM,Gujarat,WR,20.988488,70.687208,False,0,633.0
GURIYA,GRI,Rajasthan,NWR,25.998261,73.955291,True,2,645.0
GORINJA,GRJA,Gujarat,WR,22.1759911277,69.0411941809,True,2,633.0
Gurha Kemla,GRKA,Haryana,,28.313585999999997,76.25524899999999,False,0,201.0
Gorakhnath,GRKN,Orissa,ECoR,20.308158,86.260098,False,0,65.0
GORAUL,GRL,Bihar,,25.931049,85.318477,True,8,711.0
GARHMAU,GRM,Uttar Pradesh,,25.506271,78.687944,False,0,1205.0
Ghormara,GRMA,Jharkhand,ER,24.442298,86.86392,False,0,270.0
GANGARAMPUR,GRMP,West Bengal,,25.390399,88.516447,True,4,713.0
Garhi Manikpur,GRMR,Uttar Pradesh,NR,25.786329,81.40315299999999,True,10,1205.0
GUR MARKET,GRMT,Maharashtra,,16.701278000000002,74.264117,False,1,754.0
GURNAY,GRN,Punjab,NR,29.874366637,75.80467660219999,True,2,297.0
GURHANWA,GRNA,Central Region,,26.74758,85.215756,False,0,7.0
GURRA,GRO,Madhya Pradesh,WCR,22.632067,77.86729,True,2,614.0
GANGPUR,GRP,West Bengal,,23.223525,87.928116,False,0,713.0
Garhpura,GRPA,Bihar,ECR,25.65472,86.209037,False,0,711.0
GORPHAR,GRR,Bihar,,25.5854196549,87.67179759090001,False,0,711.0
GURLI RAMGARHWA,GRRG,Uttar Pradesh,NER,27.185739,83.771432,False,0,1205.0
GURARU,GRRU,Bihar,,24.811113,84.791831,True,13,711.0
GAROPARA,GRU,West Bengal,NFR,26.6574376742,89.48526169979999,False,0,713.0
GHORAWADI,GRWD,Maharashtra,,18.720585,73.69698199999999,False,0,754.0
GAURA,GRX,Uttar Pradesh,,25.749367000000003,82.091774,True,2,1205.0
GORAYA,GRY,Punjab,,31.129722,75.77419300000001,True,11,297.0
Gurthuri,GRZ,Haryana,NR,29.648169000000003,76.177379,False,0,201.0
GODHANESHWAR,GS,Gujarat,WR,22.68118,72.36834,False,0,633.0
GUAGACHHA,GSA,Assam,,26.501588,91.016332,False,0,278.0
GARNA SAHIB,GSB,Punjab,NR,31.7805618081,75.65349208250001,False,0,297.0
Ghosunda,GSD,Rajasthan,NWR,24.871222,74.53452700000001,False,0,645.0
GARSANDA HALT,GSDH,Jharkhand,ECR,25.142617,86.011307,False,0,270.0
Gosaingram,GSGB,West Bengal,ER,24.248003,88.211777,False,0,713.0
Ghausganj,GSGJ,Uttar Pradesh,NR,27.135126874500003,80.2918266571,False,0,1205.0
GODAPIASAL,GSL,West Bengal,SER,22.530677,87.320806,False,0,713.0
GHASO,GSO,Haryana,NR,29.531288,76.14336899999999,False,0,201.0
Gurdaspur,GSP,Punjab,NR,32.044111,75.420769,True,9,297.0
GOSALPUR,GSPR,Madhya Pradesh,WCR,23.381806,80.059225,True,8,614.0
Garhshankar,GSR,Punjab,NR,31.21799,76.14241700000001,False,0,297.0
Gauri Sriram,GSRM,Uttar Pradesh,,26.7699800293,84.1867607922,False,0,1205.0
GURSAR SHNEWALA,GSW,Punjab,NWR,30.138926513900003,74.8861198969,True,4,297.0
GHATKESAR,GT,Telangana,,17.453116,78.678217,True,6,150.0
GOLANTHRA,GTA,Odisha,,19.219065,84.740668,False,0,235.0
GOURINATHDHAM,GTD,West Bengal,,23.396293999999997,86.275105,False,0,713.0
GOTHAJ,GTE,Gujarat,,22.7599538464,72.8013557965,True,4,633.0
GUMTHAL,GTF,Uttar Pradesh,NR,28.484002,78.757645,True,2,1205.0
GHUTAI,GTI,Uttar Pradesh,NCR,25.289429766,79.4413220264,False,0,1205.0
GETOR JAGATPURA,GTJT,Rajasthan,,26.836925,75.832384,True,8,645.0
GHUTKU,GTK,Chhattisgarh,,22.16819,82.085321,True,8,162.0
GUNTAKAL JN,GTL,Andhra Pradesh,,15.17556,77.36661099999999,True,95,574.0
GOTLAM,GTLM,Andhra Pradesh,,18.111319,83.39573399999999,True,2,574.0
GUNTAKAL WEST,GTLW,Andhra Pradesh,,15.1675233913,77.3426508783,False,0,574.0
Ghatampur,GTM,Uttar Pradesh,NCR,26.151304,80.174712,True,5,1205.0
GOMATI NAGAR,GTNR,Uttar Pradesh,,26.860344,81.003433,True,9,1205.0
Ghatpuri,GTP,Uttar Pradesh,NER,28.125245999999997,79.20593600000001,False,0,1205.0
Gumtali Halt,GTQ,Punjab,NR,31.065852,75.636453,False,0,297.0
GOTRA HALT,GTRA,Uttar Pradesh,NR,28.807889,77.30096,False,0,1205.0
GHATSILA,GTS,Jharkhand,,22.58616,86.479768,True,17,270.0
GAUTAMSTHAN,GTST,Bihar,,25.7868591282,84.6634794519,False,1,711.0
GOMTA,GTT,Gujarat,WR,21.873814999999997,70.72970199999999,True,2,633.0
GHAT NANDUR,GTU,Maharashtra,SCR,18.722978,76.563483,True,4,754.0
GATORA,GTW,Chhattisgarh,,22.053427000000003,82.22767,True,5,162.0
Ghatwad,GTWD,Gujarat,WR,20.92654,70.74961099999999,False,0,633.0
GOTHANGAM,GTX,Gujarat,,21.294043,72.880104,True,4,633.0
GOLA PATI,GTY,Madhya Pradesh,,23.798776,79.738652,False,0,614.0
Gua,GUA,Jharkhand,SER,22.218519,85.381896,False,0,270.0
GULARBHOJ,GUB,Uttarakhand,NER,29.11078373,79.30114461,False,0,46.0
GALUDIH,GUD,Jharkhand,,22.648871999999997,86.410494,True,4,270.0
GARH JAIPUR,GUG,West Bengal,,23.416141999999997,86.142459,True,2,713.0
GULDHAR,GUH,Uttar Pradesh,NR,28.703752,77.455792,False,1,1205.0
GUNTAKONDURU,GUK,Andhra Pradesh,SCR,16.45715,81.077533,False,0,574.0
GUJJANGIVALASA,GUL,Andhra Pradesh,,18.2306787464,83.5108882898,False,0,574.0
GULER,GULR,Himachal Pradesh,NR,32.004278,76.151266,False,0,55.0
GUNA,GUNA,Madhya Pradesh,,24.6405,77.314104,True,50,614.0
GHUNAS,GUNS,Punjab,NR,30.320113000000003,75.420592,False,0,297.0
GAURIPUR,GUP,Assam,NFR,26.078321,89.952056,True,4,278.0
GANAGAPUR ROAD,GUR,Maharashtra,,17.340443,76.5903,True,16,754.0
Gurudas Nagar,GURN,West Bengal,ER,22.199323,88.214928,False,0,713.0
GHUMASAN,GUS,Gujarat,WR,23.378698999999997,72.449853,False,0,633.0
GHUMASAN BG,GUSB,Gujarat,,23.378259,72.449413,False,0,633.0
GUNDRATIMADUGU,GUU,Andhra Pradesh,SCR,17.532281,80.079953,True,2,574.0
GURUVAYUR,GUV,Kerala,SR,10.596896,76.045457,True,4,183.0
Gurhi,GUX,Madhya Pradesh,SCR,21.629554,76.58074500000001,True,4,614.0
GUMANI HAT,GUZ,West Bengal,,26.4746809229,89.2398742694,False,0,713.0
Ganguwada,GVA,Andhra Pradesh,ECoR,18.66763705,84.1072235,False,0,574.0
GUNERU BAMORI,GVB,Madhya Pradesh,,24.4617725676,78.0625395081,True,2,614.0
GHOLVAD,GVD,Maharashtra,WR,20.08688,72.73799100000001,True,7,754.0
GVDP,GVDP,,,,,False,0,
GOVINDGARH,GVG,Punjab,,30.6694834261,76.2970739075,True,11,297.0
Govind Garh,GVH,Rajasthan,NCR,27.499556,76.98805800000001,False,0,645.0
GARIVIDI,GVI,Andhra Pradesh,,18.2732681907,83.5308410095,True,2,574.0
Gudlavalleru,GVL,Andhra Pradesh,SCR,16.348371,81.046037,True,6,574.0
GOVINDI MARWAR,GVMR,Rajasthan,,27.03169,75.093144,True,2,645.0
GODAVARI,GVN,Andhra Pradesh,,17.007707,81.77083,True,29,574.0
Gate Vanampalli,GVP,Telangana,,17.448472,77.892616,False,0,150.0
GORESUAR,GVR,Assam,,26.52605563,91.7204668,True,2,278.0
GIRWAR,GW,Madhya Pradesh,,23.838185999999997,78.936311,True,3,614.0
GANJ DUNDWARA,GWA,Uttar Pradesh,,27.7264028171,78.939319176,True,2,1205.0
GADWAL,GWD,Telangana,,16.22509,77.80967199999999,True,40,150.0
GHOSHAWAR,GWH,Bihar,,25.7374211354,85.24335073670001,False,0,711.0
GWALIOR JN,GWL,Madhya Pradesh,,26.216483,78.18229199999999,True,141,614.0
GANNAVARAM,GWM,Andhra Pradesh,,16.555839,80.795715,True,4,574.0
Gwalior NG,GWO,Madhya Pradesh,NCR,26.216473,78.182282,False,0,614.0
GANGAWAPUR HALT,GWP,Uttar Pradesh,,26.9588041822,79.9979940411,False,0,1205.0
GAUSHALA,GWS,Uttarakhand,NER,29.298626,79.009802,True,2,46.0
GOWDAVALLI,GWV,Andhra Pradesh,SCR,17.609541,78.46819099999999,True,4,574.0
Greenways Road,GWYR,Tamil Nadu,SR,13.0202759,80.25171539,False,0,557.0
Geong,GXG,Haryana,NR,29.8223584375,76.466397041,False,0,201.0
GOOTY JN,GY,Andhra Pradesh,,15.149208,77.625823,True,88,574.0
GOOTY JUNCTION CABIN,GYJ,Andhra Pradesh,,15.140041,77.650955,False,0,574.0
GUDIYATTAM,GYM,Tamil Nadu,,12.937471,78.916157,True,15,557.0
GYANPUR ROAD,GYN,Uttar Pradesh,NER,25.280144010999997,82.4272883557,True,32,1205.0
Gurujalas,GZA,Andhra Pradesh,,16.548406999999997,79.639066,False,0,574.0
GHAZIABAD,GZB,Uttar Pradesh,,28.649702,77.431099,True,169,1205.0
GULZARBAGH,GZH,Bihar,,25.597542,85.205232,True,12,711.0
Gzka,GZKA,Rajasthan,,27.607734,76.655091,False,0,645.0
GAZULAPALLI,GZL,Andhra Pradesh,,15.43085,78.600125,True,6,574.0
GOUR MALDA,GZM,West Bengal,,24.947944439999997,88.11078197,True,2,713.0
NEW GHAZIABAD,GZN,Uttar Pradesh,NR,28.674404,77.43800800000001,True,8,1205.0
GAZOLE,GZO,West Bengal,,25.224984,88.19888499999999,True,6,713.0
GIANI ZAIL SINGH SANDHWAN,GZS,Punjab,NR,30.613851,74.801905,False,0,297.0
GHAZIPUR GHAT,GZT,Uttar Pradesh,NER,25.60028,83.60480199999999,False,0,1205.0
Venkatagiri Kote Halt,H,Karnataka,SWR,,,False,0,416.0
HARGAON,HA,Uttar Pradesh,NER,27.769192,80.728229,False,0,1205.0
HARWADA,HAA,Karnataka,KR,14.740761999999998,74.259657,True,2,416.0
HARIPPAD,HAD,Kerala,SR,9.279602,76.46222900000001,True,20,183.0
Hosa Agrahara,HAH,Karnataka,SWR,12.5704596177,76.3618194318,False,0,416.0
HALT,HALT,West Bengal,,22.3783007,88.5347717,False,0,713.0
HINDAUN CITY,HAN,Rajasthan,WCR,26.756164,77.03168600000001,True,33,645.0
HAPA,HAPA,Gujarat,WR,22.468974,70.11814,True,53,633.0
HASTAVARMU,HAQ,Andhra Pradesh,,14.218403,79.1216,True,2,574.0
Hamirpur Road,HAR,Uttar Pradesh,NCR,26.016513,80.190689,True,3,1205.0
Hassan Junction,HAS,Karnataka,SWR,13.003182,76.117359,True,16,416.0
HATHURAN,HAT,Gujarat,,21.501091,72.969512,True,4,633.0
HATIBARI,HATB,Odisha,,21.309386,84.11793899999999,False,0,235.0
HATI,HATI,Madhya Pradesh,WCR,24.68924,80.843299,False,0,614.0
HAUR,HAUR,West Bengal,,22.365254,87.655069,False,0,713.0
HOSHANGABAD,HBD,Madhya Pradesh,,22.75274,77.715594,True,49,614.0
Habibpur,HBE,West Bengal,ER,23.211967,88.538423,False,0,713.0
Hadobhangi Halt,HBF,Orissa,ECoR,18.8219370968,83.94176085389999,False,0,65.0
HOWBAGH JABALPUR,HBG,Madhya Pradesh,WCR,23.156296,79.932199,True,9,614.0
HABIBGANJ,HBJ,Madhya Pradesh,,23.221979,77.43942899999999,True,92,614.0
HOMBAL,HBL,Karnataka,SWR,15.520136,75.576122,True,4,416.0
HBL NAGAR,HBLN,Telangana,,17.134017,78.27355,True,2,150.0
Haibargaon,HBN,Assam,NFR,26.355638,92.672506,False,0,278.0
HARPAR BOCHAHA,HBP,Bihar,ECR,25.6034373373,85.75716073,False,0,711.0
HUBLI EAST CAB,HBQ,Karnataka,,15.348063,75.155355,False,0,416.0
HEBSUR,HBS,Karnataka,SWR,15.42206,75.283878,True,2,416.0
Halbarga,HBU,Karnataka,SCR,17.988470000000003,77.298175,False,0,416.0
HABIBWALA,HBW,Uttar Pradesh,,29.349034,78.47897300000001,False,0,1205.0
HINDU COLLEGE,HC,Tamil Nadu,,13.118538,80.074903,False,0,557.0
BMY H CABIN,HCAB,Chhattisgarh,,21.220991,81.46489100000001,False,0,162.0
HARISHCHANDRAPURAM,HCM,Andhra Pradesh,,18.4790934357,84.1214378076,False,0,574.0
Harichandanpur,HCNR,Orissa,ECoR,21.328476,85.795395,True,4,65.0
HARCHANDPUR,HCP,Uttar Pradesh,,26.34316,81.160841,True,16,1205.0
HARISCHANDRPUR,HCR,Bihar,,25.403999,87.867051,True,17,711.0
HARDA,HD,Madhya Pradesh,WCR,22.338414,77.10084,True,51,614.0
HIRNODA,HDA,Rajasthan,,26.885336,75.327459,True,8,645.0
HALDIBARI,HDB,West Bengal,,26.334952,88.78193599999999,True,6,713.0
HADDINAGUNDU,HDD,Karnataka,SCR,15.153264,76.979148,True,4,416.0
HARDAS BIGHA,HDE,Bihar,,25.496924,85.3276678,True,4,711.0
HADGAON ROAD,HDGR,Maharashtra,SCR,19.332338999999997,77.722863,False,0,754.0
HANDIA KHAS,HDK,Uttar Pradesh,NER,25.357472,82.18941,True,2,1205.0
HODAL,HDL,Haryana,,27.886147,77.38869,True,2,201.0
Hirdamali,HDM,Maharashtra,SECR,21.342807,80.197137,False,0,754.0
HAIDARNAGAR,HDN,Jharkhand,,24.498081,83.951049,True,10,270.0
HADAPSAR,HDP,Maharashtra,,18.526887,73.927844,True,8,754.0
HARIDASPUR,HDS,Odisha,,20.725882,86.116431,False,0,235.0
HARDATTPUR,HDT,Uttar Pradesh,NER,25.276911474,82.9075993964,False,0,1205.0
HARDUA,HDU,Madhya Pradesh,,23.9150542164,80.2834127417,True,3,614.0
HALDWANI,HDW,Uttarakhand,NER,29.215097,79.533732,True,16,46.0
HEBBAL,HEB,Karnataka,,13.042299,77.58606,False,0,416.0
HEGGERE HALT,HEI,Karnataka,SWR,13.341342,77.048296,False,0,416.0
HIMAYATNAGAR,HEM,Maharashtra,SCR,19.416708999999997,77.868855,True,8,754.0
Heria Ph,HEN,West Bengal,,21.974916,87.79556600000001,False,0,713.0
Her,HER,Maharashtra,SCR,18.4269033932,76.97130647339999,True,2,754.0
HETAMPUR,HET,Rajasthan,,26.611148,77.942969,False,0,645.0
Haflong Hill,HFG,Assam,NFR,25.1524096,93.0220288,False,0,278.0
HAFIZPETA,HFZ,Telangana,,17.482275,78.36265499999999,True,4,150.0
HOTGI,HG,Maharashtra,,17.565668000000002,75.989943,True,21,754.0
Hogla,HGA,West Bengal,ER,22.255044,88.452384,False,0,713.0
HAIDERGARH,HGH,Uttar Pradesh,,26.621533,81.363162,True,8,1205.0
HAGARI,HGI,Karnataka,SCR,15.1512387259,77.0517473206,True,4,416.0
HARDUAGANJ,HGJ,Uttar Pradesh,NCR,27.9904756211,78.1280258472,False,0,1205.0
HARANGUL,HGL,Maharashtra,CR,18.385198,76.48091199999999,True,4,754.0
HEMAGIRI,HGR,Odisha,,21.876503999999997,83.742815,True,4,235.0
HINGANGHAT,HGT,Maharashtra,,20.542631,78.83392500000001,True,33,754.0
HOOGHLY,HGY,West Bengal,,22.904835,88.375632,False,0,713.0
HUNSIHADGIL,HHD,Karnataka,,17.352906,76.646807,True,2,416.0
HEHEGARA HALT (E),HHG,Jharkhand,,23.790124,84.258524,False,0,270.0
HIREHALI,HHL,Karnataka,SWR,13.2815759392,77.1887639459,False,0,416.0
HARHAR FATEHPUR,HHP,Uttar Pradesh,,29.5622491051,77.38734198969999,False,0,1205.0
Hridaypur,HHR,West Bengal,ER,22.711098,88.470282,False,0,713.0
Habanghata,HHT,Karnataka,SWR,13.226848573,76.2495220447,False,0,416.0
HAJIGARH,HIH,West Bengal,,23.007032,88.121403,False,0,713.0
HIJILLI,HIJ,West Bengal,,22.319921,87.32016899999999,True,28,713.0
Hilsa,HIL,Bihar,ECR,25.317354,85.277079,True,4,711.0
HIND,HIND,Uttar Pradesh,NR,29.5303888301,77.3634743811,False,0,1205.0
HALDIPADA,HIP,Odisha,,21.571439,86.996648,True,2,235.0
HARINAGAR,HIR,Bihar,ECR,27.156647,84.324507,True,10,711.0
Hisua,HIS,Bihar,,24.859601,85.417826,False,0,711.0
Hiwarkheda,HIVR,Maharashtra,,21.431848,78.112944,False,0,754.0
HOJAI,HJI,Assam,NFR,26.001794,92.851752,True,31,278.0
HEJJALA,HJL,Karnataka,SWR,12.8482854964,77.4184168683,True,2,416.0
HUGRAJULI,HJLI,Assam,,26.805203,92.358641,False,0,278.0
HOWRAH JN. CABIN,HJN,West Bengal,,22.583533,88.342811,False,0,713.0
Harangajao,HJO,Assam,NFR,25.1126333,92.868281,False,0,278.0
HAJIPUR JN,HJP,Bihar,,25.702909,85.2155,True,97,711.0
HELAK,HK,Rajasthan,,27.234442,77.378757,False,0,645.0
Hailakandi,HKD,Assam,?,24.680276000000003,92.56789,False,0,278.0
HIRAKUD,HKG,Odisha,,21.479827,83.905097,True,10,235.0
Haranya Kheri,HKH,Madhya Pradesh,WR,22.583661,75.776745,True,4,614.0
HARKIA KHAL,HKL,Rajasthan,WR,24.363234,74.91966500000001,True,2,645.0
Hiwarkheda,HKNT,Maharashtra,,21.40605,78.067716,False,0,754.0
HAKIMPUR,HKP,Uttar Pradesh,,28.8794821589,78.65886363950001,True,2,1205.0
Kiwar Khed,HKR,Maharashtra,SCR,21.186952,76.8767,True,4,754.0
HOLE ALUR,HLAR,Karnataka,SWR,15.81959,75.64646099999999,True,8,416.0
HADALA BHAL,HLB,Gujarat,WR,22.487223,72.13179600000001,False,0,633.0
Haludpukur,HLD,Jharkhand,SER,22.7428208,86.2607646,False,0,270.0
HALDI ROAD,HLDD,Uttarakhand,NER,29.039597,79.45967900000001,True,4,46.0
HALDAUR,HLDR,Uttar Pradesh,NR,29.2900815531,78.275060462,True,7,1205.0
Heelalige,HLE,Karnataka,SWR,12.81318,77.710974,False,0,416.0
Hillgrove,HLG,Tamil Nadu,SR,,,True,2,557.0
HOLDING LINE,HLIN,Uttar Pradesh,,26.438271,80.26021300000001,False,0,1205.0
HOLALKERE,HLK,Karnataka,SWR,14.0381579573,76.1300544724,True,3,416.0
HALAKATTA,HLKT,Karnataka,,17.0207708951,76.99057254760001,True,4,416.0
Hole Narsipur,HLN,Karnataka,SWR,12.786495,76.24646,True,12,416.0
HALDHARPUR,HLP,Uttar Pradesh,,25.963348,83.67908,False,0,1205.0
Halisahar,HLR,West Bengal,ER,22.921498999999997,88.436792,True,2,713.0
HALKATTA SHARIEF,HLTS,Karnataka,,17.017117292,76.9925675,False,0,416.0
Haliyuru,HLV,Karnataka,SWR,14.222474,76.336804,False,0,416.0
Hirnawali,HLW,Rajasthan,NWR,29.710120646310926,74.27241649478674,False,0,645.0
HILARA,HLX,Assam,NFR,24.951767,92.620511,False,0,278.0
Haldia,HLZ,West Bengal,SER,22.045284,88.06589,True,4,713.0
HADMATIYA JN,HM,Gujarat,WR,22.4279053359,70.47043762019999,True,5,633.0
HUMMA,HMA,Odisha,,19.443283,85.07588799999999,False,0,235.0
Harebetta,HMB,Karnataka,,12.794145,75.593582,False,0,416.0
HAMIRGARH,HMG,Rajasthan,NWR,25.187264,74.616939,True,2,645.0
HANUMANGARH JN,HMH,Rajasthan,NWR,29.614904,74.297633,True,16,645.0
HIMMATANA,HMI,Punjab,NR,30.458736,75.867119,True,2,297.0
HINDUMALKOTE,HMK,Rajasthan,NR,30.147103,73.925834,False,0,645.0
Hanumangarh Town,HMO,Rajasthan,NWR,29.574220545495677,74.33120188303292,False,0,645.0
HEMPUR,HMP,Uttar Pradesh,,27.6162823291,80.5626491565,False,0,1205.0
HURMUJPUR HALT,HMPR,Maharashtra,CR,25.721525,83.35227499999999,False,0,754.0
HIMMATPURA,HMQ,Haryana,NR,29.750497,75.860597,False,0,201.0
HAMIRA,HMR,Punjab,,31.45628,75.432702,True,2,297.0
HAMARAPUR,HMRR,Maharashtra,CR,18.81964,73.086161,True,4,754.0
HIMMATNAGAR,HMT,Gujarat,WR,23.591655,72.960358,True,2,633.0
HIND MOTOR,HMZ,West Bengal,,22.683736,88.341605,False,0,713.0
HATHBANDH,HN,Chhattisgarh,,21.632219,81.846233,True,6,162.0
HONNAVAR,HNA,Karnataka,KR,14.316931,74.433196,True,15,416.0
Hasanabad,HNB,West Bengal,ER,22.570155,88.912953,False,0,713.0
HINDAN CABIN,HNC,Uttar Pradesh,,29.940002,77.597212,False,0,1205.0
HINDOL ROAD,HND,Odisha,,20.768563,85.424456,False,0,235.0
HENDEGIR,HNDR,Jharkhand,,23.697803,85.169817,False,0,270.0
Hathbandh,HNEO,Chhattisgarh,,21.6319185846,81.8457729333,False,0,162.0
HIRANGAON,HNG,Uttar Pradesh,,27.175703,78.31461900000001,False,0,1205.0
HANUMANAHALLI,HNH,Karnataka,SWR,14.3589476214,75.9987814502,False,0,416.0
Harnahalli,HNHL,Karnataka,SWR,14.04849031,75.45828601,False,0,416.0
HANAKERE,HNK,Karnataka,SWR,12.565639,76.979837,True,4,416.0
HINGOLI DECCAN,HNL,Maharashtra,SCR,19.726357,77.146758,True,26,754.0
HINAUTARAMBAN,HNM,Madhya Pradesh,WCR,24.575192,80.94306200000001,True,2,614.0
HANUMAN STATION,HNMN,Andhra Pradesh,,15.1495189968,77.37687315369999,True,3,574.0
HARANA KALAN,HNN,Haryana,,28.945425,77.039135,False,0,201.0
HANDAPA,HNPA,Odisha,,20.943324,84.684665,False,0,235.0
Hansi,HNS,Haryana,NWR,29.088277,75.94724099999999,True,4,201.0
HASLANG P.H.,HNSL,Jharkhand,,23.091614317500003,86.0119228906,False,0,270.0
HANSPURA,HNU,Madhya Pradesh,,24.1312068327,75.64670478090001,False,0,614.0
Delhi Hazrat Nizamuddin,HNZM,NCT,,28.58701,77.253929,False,0,18.0
HALDITA BIHAR,HOD,Bihar,,26.1659351766,87.35900971560001,False,0,711.0
HONAGANAHALLI,HOH,Karnataka,SWR,16.679401000000002,75.732815,False,0,416.0
HAMITONGANJ,HOJ,West Bengal,NFR,26.688907,89.416841,True,2,713.0
HOL,HOL,Maharashtra,,21.198376,74.784857,True,4,754.0
HARIPUR,HP,Rajasthan,NWR,26.012397,74.024928,True,6,645.0
Hampapura,HPA,Karnataka,SWR,12.479685,76.39466399999999,False,0,416.0
HUPPUGUDA,HPG,Telangana,,17.34071,78.48196499999999,True,2,150.0
HARIPUR GRAM,HPGM,Odisha,,20.133571999999997,85.707856,False,0,235.0
HANUMAPURA,HPH,Andhra Pradesh,,15.9712913703,77.30620283569999,False,0,574.0
Harapatti,HPI,Bihar,?,25.881402,87.092628,False,0,711.0
HINOTIA PIPALKHERA,HPKA,Madhya Pradesh,,24.550797000000003,77.770415,False,0,614.0
Haripal,HPL,West Bengal,ER,22.8311582,88.11853982,False,0,713.0
Hatpuraini,HPLB,Bihar,,25.1553455368,86.9845895752,False,0,711.0
Hatpuraini,HPLE,Bihar,ER,25.1558255368,86.9850695752,True,2,711.0
HASANPUR ROAD,HPO,Bihar,,25.714772,86.18537099999999,False,0,711.0
HARPALPUR,HPP,Madhya Pradesh,NCR,25.290501,79.33546100000001,True,15,614.0
HIRAPUR,HPR,Maharashtra,,20.424540226700003,74.9366600031,False,0,754.0
HAPA ROAD,HPRD,Gujarat,WR,23.540458,72.938107,False,0,633.0
HOSPET JN,HPT,Karnataka,SWR,15.286807,76.38578,True,25,416.0
HAPUR,HPU,Uttar Pradesh,,28.739613,77.77957599999999,True,59,1205.0
HIRENANDURU,HQR,Karnataka,,17.258215,76.872212,True,2,416.0
Harpalu,HR,Rajasthan,NWR,28.569053803099997,75.4910470972,False,0,645.0
HARRI,HRB,Madhya Pradesh,,22.82794,81.882604,True,8,614.0
HARUBERA,HRBR,West Bengal,,23.4999492658,85.76022876969999,False,0,713.0
Harsud,HRD,Madhya Pradesh,WCR,,,False,0,614.0
HARSAR DEHRI,HRDR,Himachal Pradesh,NR,32.104872,76.03849100000001,False,0,55.0
HIRODIH,HRE,Jharkhand,,24.38304,85.596658,False,0,270.0
Hathras Kila,HRF,Uttar Pradesh,NCR,27.594876304064115,78.05801798589528,False,0,1205.0
Hirdagarh,HRG,Madhya Pradesh,CR,22.142795,78.517436,True,3,614.0
HARTHALA,HRH,Uttar Pradesh,,28.8719872056,78.73559542849999,False,0,1205.0
HARDOI,HRI,Uttar Pradesh,,27.399414,80.147877,True,72,1205.0
Hadmadiya,HRM,Gujarat,WR,20.934947,70.841154,False,0,633.0
HARAUNI,HRN,Uttar Pradesh,,26.70651,80.74800300000001,False,1,1205.0
HARPUR NAG HALT,HRNG,Bihar,ECR,26.386419,85.07713600000001,False,0,711.0
HIRA NAGAR,HRNR,Jammu and Kashmir,NR,32.487007000000006,75.268733,True,13,16.0
Harua Road,HRO,West Bengal,ER,22.661628,88.689994,False,0,713.0
HARPALGANJ,HRPG,Uttar Pradesh,,25.947583,82.405421,True,4,1205.0
HARIHAR,HRR,Karnataka,SWR,14.515431,75.812314,True,37,416.0
HATHRAS JN,HRS,Uttar Pradesh,,27.62483,78.13706699999999,True,25,1205.0
HARISINGA,HRSN,Assam,,26.72438,91.985001,False,0,278.0
Harish Nagar Halt,HRSR,West Bengal,ER,23.469777,88.77798899999999,False,0,713.0
Harnaut,HRT,Bihar,ECR,25.3717628362,85.5407224109,True,4,711.0
HARRAD,HRV,Madhya Pradesh,SECR,23.161136,81.90404000000001,True,12,614.0
HARRAWALA,HRW,Uttarakhand,NR,30.260892,78.097705,True,2,46.0
HASIMARA,HSA,West Bengal,NFR,26.72689,89.347661,True,10,713.0
Hasanbazar Halt,HSB,Bihar,ECR,25.2665823122,84.34929577759999,False,0,711.0
HOSDURGA ROAD,HSD,Karnataka,SWR,13.8632737545,76.1332331232,True,5,416.0
Hansdiha,HSDA,Jharkhand,,24.6141943022,87.0849798193,False,0,270.0
HARSAULI,HSI,Rajasthan,NWR,27.864848,76.615189,True,5,645.0
HUSSAIN SAGAR J,HSJ,Telangana,,17.426453000000002,78.461904,False,0,150.0
HARISHANKER RD,HSK,Odisha,,20.6267890734,82.7660362524,True,10,235.0
HISVAHAL,HSL,Maharashtra,,20.283239,74.57099,False,0,754.0
HAUSNAGAR,HSM,West Bengal,,24.646721000000003,87.94988,False,0,713.0
HASANPARTHI RD,HSP,Telangana,,18.078262,79.50184999999999,True,2,150.0
HUSAINPUR,HSQ,Punjab,NR,31.301125,75.320851,False,0,297.0
Hisar,HSR,Haryana,NWR,29.152341,75.724305,True,18,201.0
Hosur,HSRA,Tamil Nadu,SWR,12.717606,77.822839,True,21,557.0
Hansiawas,HSWS,Rajasthan,NWR,,,False,0,645.0
Hoshiarpur,HSX,Punjab,NR,31.5240737,75.9055848,True,2,297.0
HARSINGPUR GOBA,HSY,Uttar Pradesh,,27.4300235579,79.49825360349999,False,0,1205.0
Hotar,HT,West Bengal,ER,22.308541,88.39900800000001,False,0,713.0
Hatighisa,HTA,West Bengal,,26.68763,88.242284,False,0,713.0
HATHRAS CITY,HTC,Uttar Pradesh,,27.599816899999997,78.05506869999999,True,18,1205.0
HITECH CITY,HTCY,Telangana,,17.4694,78.38486099999999,False,0,150.0
HATUNDI,HTD,Rajasthan,NWR,26.354279161199997,74.6445661014,False,0,645.0
HATIA,HTE,Jharkhand,,23.311613,85.308218,True,32,270.0
HATHIGADH,HTGR,Gujarat,WR,21.620099999999997,71.444628,False,0,633.0
HATHRAS ROAD,HTJ,Uttar Pradesh,,27.622437,78.136899,False,0,1205.0
HATKANAGALE,HTK,Maharashtra,CR,16.748424,74.42206700000001,True,16,754.0
HATIKHALI,HTL,Assam,NFR,25.61107,93.090848,False,0,278.0
HATNA PUR,HTN,Madhya Pradesh,,21.761852,78.334344,False,0,614.0
HITNAL,HTNL,Karnataka,SWR,15.335637,76.291469,False,0,416.0
Hathua,HTW,Bihar,NER,26.3689018769,84.3402527405,False,0,711.0
HATHIDAH JN,HTZ,Bihar,,25.367027,85.987826,True,49,711.0
HATHIDAH UPPER,HTZU,Bihar,,25.351823,85.987422,True,8,711.0
HOLAMBI KALAN,HUK,NCT,,28.801187,77.102334,False,1,18.0
Hunsenahalli,HUN,Karnataka,,13.399832,77.94645,False,0,416.0
HINDUPUR,HUP,Andhra Pradesh,,13.819144,77.500362,True,56,574.0
HALVAD,HVD,Gujarat,,23.0185158,71.1829095,True,6,633.0
HONNAVALLI ROAD,HVL,Karnataka,SWR,13.2744988982,76.39004938960001,False,0,416.0
HAMSAVARAM,HVM,Andhra Pradesh,,17.309946999999998,82.484867,True,2,574.0
HAVERI,HVR,Karnataka,SWR,14.7943,75.410686,True,37,416.0
HARIDWAR JN,HW,Uttarakhand,NR,29.947787,78.15489899999999,True,66,46.0
HOWRAH JN,HWH,West Bengal,,22.584078,88.34099900000001,True,230,713.0
HOWRAH GOODS,HWHG,West Bengal,,22.5900953465,88.33468799799999,False,0,713.0
HATWAR,HWR,West Bengal,,26.044989,87.89303199999999,False,0,713.0
HANWANT,HWT,Rajasthan,NWR,26.059514,73.005205,True,2,645.0
HABAIPUR,HWX,Assam,NFR,25.871926,92.985863,True,2,278.0
CUDDAPAH,HX,Andhra Pradesh,,14.45169,78.829184,True,44,574.0
HANSAPORE,HXR,Gujarat,,20.906867,72.925984,False,0,633.0
HADIAYA,HYA,Punjab,NR,30.337054,75.477006,False,0,297.0
HYDERABAD DECCAN,HYB,Andhra Pradesh,SCR,17.393362999999997,78.467377,True,41,574.0
HOOGHLY GHAT,HYG,West Bengal,,22.5572086,88.3319472,False,0,713.0
Hadyal,HYL,Rajasthan,NWR,28.526883,75.26504100000001,False,0,645.0
HAIAGHAT,HYT,Bihar,,26.020321,85.87821199999999,True,12,711.0
HAZARIBAGH ROAD,HZD,Jharkhand,,24.174583,85.892035,True,24,270.0
Hazrat Nagar Halt,HZN,Uttar Pradesh,NR,28.633331,78.665909,False,0,1205.0
Hafizpur,HZR,Uttar Pradesh,NR,28.671653,77.785833,True,2,1205.0
INDARA JN,IAA,Uttar Pradesh,,25.987832,83.61961099999999,True,21,1205.0
Mai Halt,IAM,Bihar,?,25.156632436,84.9878194543,False,0,711.0
IB,IB,Odisha,,21.815777,83.94878100000001,True,4,235.0
IBH1,IBH1,Chhattisgarh,,21.861847,83.625911,False,0,162.0
IBH2,IBH2,Odisha,,21.87477,83.794136,False,0,235.0
IBH3,IBH3,Chhattisgarh,,22.016209999999997,82.892472,False,0,162.0
IBH4,IBH4,Chhattisgarh,,22.029943999999997,82.431192,False,0,162.0
IBH5,IBH5,Chhattisgarh,,22.019762,82.620084,False,0,162.0
IBH6,IBH6,Chhattisgarh,,22.021243,82.73791700000001,False,0,162.0
Ibha,IBHA,Chhattisgarh,,21.206629,81.384639,False,0,162.0
Ibhc,IBHC,Chhattisgarh,,21.38637,81.741998,False,0,162.0
Ibhd,IBHD,Chhattisgarh,,21.443752,81.763465,False,0,162.0
Ibhe,IBHE,Chhattisgarh,,21.60083,81.815212,False,0,162.0
Ibhf,IBHF,Chhattisgarh,,21.682533000000003,81.89613299999999,False,0,162.0
Ibhg,IBHG,Chhattisgarh,,21.775184,81.98842900000001,False,0,162.0
Ibhh,IBHH,Chhattisgarh,,21.846442,82.057491,False,0,162.0
INDRABIL,IBL,West Bengal,SER,23.445293999999997,86.78164699999999,True,4,713.0
Icbn,ICBN,Uttar Pradesh,,25.296735,83.156976,False,0,1205.0
ICHCHANGADU,ICG,Tamil Nadu,,11.3710038035,79.2197551199,False,0,557.0
Ichauli,ICL,Uttar Pradesh,NCR,25.520955,80.178833,True,3,1205.0
ICHCHIPUTTUR,ICP,Tamil Nadu,,13.132795,79.638907,False,0,557.0
Idar,IDAR,Gujarat,WR,23.835435,73.01088,False,0,633.0
INDARGARH,IDG,Rajasthan,,25.727874,76.232938,True,36,645.0
INDARGARH,IDGH,Madhya Pradesh,,25.775115,77.73819999999999,True,2,614.0
IRADATGANJ,IDGJ,Uttar Pradesh,NCR,25.317889,81.81928099999999,False,0,1205.0
IDGAH AGRA JN,IDH,Uttar Pradesh,,27.17265,77.997807,True,20,1205.0
IDALHOND,IDJ,Karnataka,SWR,15.7079285213,74.51814539669999,False,0,416.0
INDALVAI,IDL,Andhra Pradesh,SCR,18.548665,78.244351,False,0,574.0
Indemau,IDM,Uttar Pradesh,NR,26.318344,80.767021,False,0,1205.0
INDUPALLI,IDP,Andhra Pradesh,SCR,16.479094,80.87706899999999,False,0,574.0
INDI ROAD,IDR,Karnataka,SWR,17.211288999999997,75.919616,True,14,416.0
Ishardaspur,IDS,Uttar Pradesh,,25.947849,81.253954,False,0,1205.0
Sidlaghatta,IDT,Karnataka,,13.39218973,77.86536472,False,0,416.0
IFFCO CABIN,IFCO,Gujarat,,23.179203,72.535718,False,0,633.0
Iffco Cabin,IFFC,Gujarat,,23.212087,72.52010800000001,False,0,633.0
IRINGAL,IGL,Kerala,SR,11.548117,75.608869,False,0,183.0
IGATPURI,IGP,Maharashtra,,19.694053,73.56237899999999,True,105,754.0
IGPX,IGPX,,,,,False,0,
INGUR,IGR,Tamil Nadu,,11.22501,77.587299,False,0,557.0
INGORALA,IGRL,Gujarat,,21.8234176248,71.6869809839,False,0,633.0
Ingohta,IGTA,Uttar Pradesh,NCR,25.758384,80.126678,False,0,1205.0
IRUGUR,IGU,Tamil Nadu,,11.017199,77.06913399999999,True,2,557.0
INCHHAPURI,IHP,Haryana,NR,28.319499,76.7189807,False,0,201.0
ITAUNJA,IJ,Uttar Pradesh,NER,27.081066999999997,80.89123400000001,False,0,1205.0
IRINJALAKUDA,IJK,Kerala,,10.339456,76.280924,True,34,183.0
IKRAN,IK,Rajasthan,,27.211065,77.608741,False,0,645.0
IKARCHALA,IKC,,,,,False,0,
Ikdori,IKD,Madhya Pradesh,NCR,26.037543,76.940934,False,0,614.0
ITKYALA,IKI,Telangana,,16.074589,77.852531,False,1,150.0
IKKAR,IKK,Uttarakhand,NR,29.891989,78.099997,False,1,46.0
Iklehra,IKR,Madhya Pradesh,CR,22.207929,78.711385,True,3,614.0
SILSIMAN,ILA,Tamil Nadu,SR,9.8674013383,78.2001819324,False,0,557.0
ILLOO,ILO,West Bengal,,23.2916328609,85.8587351117,False,0,713.0
Imlibigha Halt,IMBG,Bihar,,25.3007943293,85.53137103520001,False,0,711.0
ISMAILPUR,IMGE,Bihar,,24.815523,84.723433,False,0,711.0
IMLI,IMLI,Bihar,,25.555629,86.302557,False,0,711.0
IBRAHIMPUR,IMR,Karnataka,SWR,16.802926,75.719362,False,0,416.0
ISHAN CHANDI HALT,INCI,West Bengal,,23.3336497763,87.7396679724,False,0,713.0
INDORE JN BG,INDB,Madhya Pradesh,WR,22.71757,75.868429,True,68,614.0
Indore Junction MG,INDM,Madhya Pradesh,WR,22.717139,75.868072,True,4,614.0
Indira Nagar,INDR,Tamil Nadu,SR,12.9960623,80.249716,False,0,557.0
INDRG,INDRG,,,,,False,0,
INNANJE,INJ,Karnataka,,13.2555864292,74.7612195679,True,2,416.0
INTAKANNE,INK,Andhra Pradesh,SCR,17.727522,79.860507,True,2,574.0
INDAPUR,INP,Maharashtra,KR,18.297688,73.24465000000001,True,4,754.0
ICHHAPUR,IP,West Bengal,,22.799819,88.37342,False,0,713.0
IPPUGUDA,IPG,Telangana,,17.801311539300002,79.3267055493,False,0,150.0
EDAPPALLY,IPL,Kerala,,10.034338,76.298271,True,7,183.0
ICHCHPURAM,IPM,Andhra Pradesh,,19.110752,84.680427,True,26,574.0
IPURUPALEM,IPPM,Andhra Pradesh,,15.851913,80.38512200000001,True,2,574.0
IPURUPALEM HALT,IPPN,Andhra Pradesh,,15.852303,80.385512,False,0,574.0
Islampur,IPR,Bihar,ECR,25.138577101499997,85.2173007153,True,4,711.0
IPRA,IPRA,,,,,False,0,
IQBALPUR,IQB,Uttarakhand,,29.875114,77.803799,False,0,46.0
IQBAL GADH,IQG,Gujarat,NWR,24.3460328561,72.5337815405,True,2,633.0
ISRANA,IRA,Haryana,NR,29.291379,76.85285999999999,False,0,201.0
Irgaon,IRN,Jharkhand,SER,23.421550999999997,84.78325099999999,False,0,270.0
IRAVIPURAM,IRP,Kerala,,8.866947999999999,76.623059,True,2,183.0
ISARDA,ISA,Rajasthan,,26.170515,76.030637,True,11,645.0
ISARWARA,ISH,Madhya Pradesh,,23.927214,78.548987,True,3,614.0
ISMAILA HARYANA,ISM,Haryana,NR,28.796977,76.74656300000001,False,1,201.0
ITOLA,ITA,Gujarat,,22.149889,73.156746,True,6,633.0
Intiyathok,ITE,Uttar Pradesh,NER,27.2755528618,82.0254415802,False,0,1205.0
ITAYAKALAN,ITKL,Madhya Pradesh,,23.049837,77.5462,False,0,614.0
Itky,ITKY,Jharkhand,SER,23.3522113974,85.1270959845,False,0,270.0
ITARSI MARSHALING YARD,ITMA,Madhya Pradesh,,22.6063459486,77.75944219360001,False,0,614.0
ITWARI,ITR,Maharashtra,,21.157819,79.11923700000001,True,15,754.0
Itwari Jn (Ng),ITRN,Maharashtra,,21.156859,79.118302,False,0,754.0
ILAVELANGAL,IVL,Tamil Nadu,SR,8.937878,77.87235,False,0,557.0
IZZATNAGAR,IZN,Uttar Pradesh,NER,28.388266,79.421171,True,6,1205.0
JALNA,J,Maharashtra,SCR,19.830781,75.893142,True,48,754.0
JALIYA,JA,Gujarat,WR,21.8163569109,71.6324910046,False,0,633.0
JHALIDA,JAA,West Bengal,,23.370005,85.97528199999999,True,18,713.0
YAMUNA BRIDGE AGRA,JAB,Uttar Pradesh,,27.191512,78.03812699999999,True,6,1205.0
JALSU,JAC,Rajasthan,,26.844883,74.194547,True,2,645.0
JALSU NANAK,JACN,Rajasthan,,26.868694,74.250429,True,2,645.0
Jadar,JADR,Gujarat,WR,23.745814000000003,72.952369,False,0,633.0
JALARGARH,JAG,Bihar,,25.953959,87.529496,False,0,711.0
JAIS,JAIS,Uttar Pradesh,,26.262162,81.51914,True,19,1205.0
JHAJHA,JAJ,Bihar,,24.779456,86.399854,True,105,711.0
Jakanur,JAK,Karnataka,SWR,15.845019,75.650291,False,0,416.0
JAWALI,JAL,Rajasthan,NWR,25.462722,73.39687099999999,True,4,645.0
JALIYA DEVANI,JALD,Gujarat,WR,22.420183,70.399597,True,3,633.0
JAMNAGAR,JAM,Gujarat,WR,22.493992,70.053879,True,47,633.0
Jama,JAMA,Jharkhand,ER,24.345509,87.14492,True,2,270.0
JARANGDIH,JAN,Jharkhand,ECR,23.769553,85.92881,True,2,270.0
JAORA,JAO,Madhya Pradesh,WR,23.627773,75.11563199999999,True,15,614.0
JANDRAPETA,JAQ,Andhra Pradesh,,15.809517,80.333681,True,2,574.0
Junair Halt,JAR,Bihar,,25.273607371900003,85.2506963452,False,0,711.0
Jari,JARI,Gujarat,NWR,24.587316,72.061232,False,0,633.0
JAMMU TAWI,JAT,Jammu and Kashmir,NR,32.706975,74.880117,True,102,16.0
JHAUA,JAU,Bihar,,25.613217456300003,87.775042724,False,0,711.0
Jambur,JBB,Gujarat,WR,21.032797,70.593046,False,0,633.0
Joda Block Cabin,JBCN,Odisha,,22.024168000000003,85.43383,False,0,235.0
Jalalabad,JBD,Punjab,NR,30.60775,74.268446,False,0,297.0
JUNG BAHADURGNJ,JBG,Uttar Pradesh,,27.768419,80.172851,True,2,1205.0
JAGGAMBOTLA KRISHNAPURAM,JBK,Andhra Pradesh,,15.551156,79.071072,True,6,574.0
JOGBANI,JBN,Bihar,,26.402263,87.263262,True,4,711.0
Jamadobu,JBO,Jharkhand,SER,23.715138999999997,86.410031,False,0,270.0
JABALPUR,JBP,Madhya Pradesh,WCR,23.164636,79.950919,True,163,614.0
Jabalpur Jn (Ng),JBPN,Madhya Pradesh,,23.164248,79.950772,False,0,614.0
JAHANGIRABAD ROAD,JBR,Uttar Pradesh,,26.97393686,81.2472830347,False,0,1205.0
Jadoli Ka Bas,JBS,Rajasthan,NCR,27.539231,76.880759,False,0,645.0
Jabugam,JBU,Gujarat,WR,22.28593,73.76050000000001,False,0,633.0
Jhabelwali,JBW,Punjab,NR,30.510447,74.602033,False,0,297.0
JABRI,JBX,Madhya Pradesh,,23.294103999999997,76.889341,True,5,614.0
JETHA CHANDAN,JCH,Rajasthan,NWR,26.999949,71.308307,False,0,645.0
JADCHERLA,JCL,Telangana,,16.752658,78.141972,True,16,150.0
Junichavand,JCN,Gujarat,WR,21.385151,70.683667,False,0,633.0
JUCHANDRA,JCNR,Maharashtra,CR,19.35986171,72.87245142,False,0,754.0
JAICHOLI,JCU,Rajasthan,WCR,27.131193,77.397778,False,0,645.0
JIND CITY,JCY,Haryana,NR,29.309693,76.317477,False,0,201.0
JASODA,JDA,Uttar Pradesh,,27.08393,79.820294,False,0,1205.0
JAGDALPUR,JDB,Chhattisgarh,ECoR,19.066004,82.013757,True,8,162.0
Jerthi Dadhia,JDD,Rajasthan,NWR,27.731618001396782,75.2010774705559,False,0,645.0
JATHA,JDDA,Chhattisgarh,,22.0159803866,82.875333703,False,0,162.0
JAM JODHPUR JN,JDH,Gujarat,WR,21.906659,70.03138700000001,False,0,633.0
JHARRADIH,JDI,Chhattisgarh,,21.999876,83.050747,True,4,162.0
JAGDEVWALA,JDL,Rajasthan,NWR,28.3108582783,73.455749812,True,4,645.0
JAGUDAN,JDN,Gujarat,WR,23.521841,72.40164899999999,True,2,633.0
Jagudan,JDNF,Gujarat,,23.522071,72.401879,False,0,633.0
JAGUDAN,JDNM,Gujarat,,23.521871,72.401679,False,0,633.0
JOGINDER NAGAR,JDNX,Himachal Pradesh,NR,31.988433,76.788887,False,0,55.0
Jadabpur,JDP,West Bengal,ER,22.495442,88.37469700000001,False,0,713.0
Jagdishpur,JDPR,Jharkhand,?,24.273109,86.52550400000001,False,0,270.0
Jagdishpur,JDPT,Bihar,,25.1482278323,86.9846195752,False,0,711.0
JIWDHARA,JDR,Bihar,ECR,26.581722,84.906874,False,0,711.0
JARAUDA NARA,JDW,Uttar Pradesh,NR,29.42673,77.705438,False,0,1205.0
Nakaha Jungle,JEA,Uttar Pradesh,NER,26.803135,83.360755,False,0,1205.0
JENAPUR,JEN,Odisha,,20.850842,86.06508,False,0,235.0
JEONATHPUR,JEP,Uttar Pradesh,,25.2313981241,83.0618954504,False,1,1205.0
JALESWAR,JER,Odisha,,21.79749,87.22049100000001,True,32,235.0
JENAPUR PH,JERD,Odisha,,20.018615,85.786976,False,0,235.0
Jaitsar,JES,Rajasthan,,29.342839,73.65228900000001,True,2,645.0
JAMES STREET,JET,Telangana,,17.433133,78.486911,False,0,150.0
JEUR,JEUR,Maharashtra,,18.260933,75.16247100000001,True,19,754.0
JAFARGANJ,JFG,Uttar Pradesh,,26.3602770606,82.5823193939,False,0,1205.0
JOGIARA,JGA,Bihar,,26.4071143927,85.74673274050001,False,0,711.0
JOGESHWAR BIHAR,JGBR,Jharkhand,,23.746057,85.6267,False,0,270.0
Jagadishpur,JGD,Jharkhand,ER,24.273027000000003,86.525172,True,4,270.0
JAGADAL,JGDL,West Bengal,,22.850814,88.39459599999999,False,0,713.0
JAGANNATH TEMPLE GATE,JGE,Kerala,SR,11.737975,75.507837,False,0,183.0
JOGIDIH,JGF,Uttar Pradesh,,24.2769136737,83.052288244,False,0,1205.0
JANGIGANJ,JGG,Uttar Pradesh,NER,25.3053173094,82.35067155089999,False,0,1205.0
JAGESHARGANJ,JGJ,Uttar Pradesh,,26.0276401405,81.92886622500001,True,4,1205.0
JUGIJAN,JGJN,Assam,NFR,26.028001,92.81771,True,2,278.0
JIGNI KHAS,JGKS,Uttar Pradesh,,25.802194,84.00627300000001,False,0,1205.0
JGLP,JGLP,Assam,,25.1109302,92.9496194,False,0,278.0
JHARGRAM,JGM,West Bengal,,22.4549644863,86.9985316705,True,14,713.0
Jagraon,JGN,Punjab,NR,30.801197,75.47275900000001,True,4,297.0
Jogendranagar,JGNR,Tripura,NFR,23.812162,91.310464,False,0,17.0
Jalalpur,JGP,Bihar,,26.586308,84.311942,False,0,711.0
JASWANTNAGAR,JGR,Uttar Pradesh,,26.872978000000003,78.893731,True,4,1205.0
JOGIWALA,JGW,Punjab,NR,31.093842,75.067432,False,0,297.0
JAGJIVAN HALT,JGWL,Bihar,,25.547891999999997,84.630119,False,0,711.0
JARIAGARH,JGX,Jharkhand,,23.0088422742,84.9866928088,False,0,270.0
Jamgaon,JGZ,Madhya Pradesh,SECR,22.418426,80.198945,False,0,614.0
JAKHAURA,JHA,Madhya Pradesh,,24.870821,78.400513,False,0,614.0
JHAMATPUR BAHARAN,JHBN,West Bengal,ER,23.749987,88.098669,False,0,713.0
Jehanabad,JHD,Bihar,ECR,25.224705,84.989964,True,16,711.0
Jehanabad Court,JHDC,Bihar,ECR,25.2011434752,84.98415622680001,False,0,711.0
JHINGURA,JHG,Uttar Pradesh,,25.1244746744,82.6513464526,False,0,1205.0
JHALRA HALT,JHH,Uttar Pradesh,,29.420302,78.17640399999999,False,0,1205.0
JHIR,JHIR,Rajasthan,,26.8521873819,76.1146920331,True,2,645.0
JETHUKE,JHK,Punjab,NR,30.288215,75.318381,False,0,297.0
JAKHAL JN,JHL,Haryana,NR,29.8018131127,75.8245009833,True,39,201.0
JHIMRI,JHMR,Jharkhand,,23.082344321900003,86.0297573352,False,0,270.0
JAKHIM,JHN,Bihar,,24.8288034748,84.52567784239999,True,8,711.0
JUHJARPUR,JHP,Madhya Pradesh,,22.598117,77.755836,False,0,614.0
JHANSI JN,JHS,Uttar Pradesh,,25.443585,78.55298499999999,True,215,1205.0
JHANSI A CABIN,JHSA,Uttar Pradesh,,25.41949,78.545787,False,0,1205.0
JUNEHTA,JHT,Madhya Pradesh,WCR,22.78247,78.596143,False,0,614.0
JHALAWAR ROAD,JHW,Rajasthan,,24.541893,75.919686,True,11,645.0
Jhawar,JHWR,Punjab,NR,32.002349,75.377777,False,0,297.0
JHUSI,JI,Uttar Pradesh,NER,25.431145,81.91664399999999,False,0,1205.0
JIGNA,JIA,Uttar Pradesh,,25.157891,82.32555500000001,False,1,1205.0
JAGI ROAD,JID,Assam,NFR,26.126114,92.197461,True,29,278.0
JIRIGHAT,JIGT,Assam,,24.8100917,93.08687905,False,0,278.0
JALILA ROAD,JIL,Gujarat,WR,22.23946,71.820315,False,0,633.0
JIND JN,JIND,Haryana,NR,29.328876,76.28961699999999,True,37,201.0
JIRA ROAD,JIR,Gujarat,WR,21.450312,71.345267,False,0,633.0
JIRAT,JIT,West Bengal,ER,23.098255,88.461461,True,2,713.0
JITE,JITE,Maharashtra,,18.842284,73.119827,True,4,754.0
JAJAU,JJ,Chhattisgarh,,26.934561,77.936725,False,0,162.0
JAJAN PATTI,JJA,Rajasthan,WCR,27.354894,77.573854,False,0,645.0
JiaGanj,JJG,West Bengal,ER,24.244268,88.27698,True,10,713.0
Jaijon Doaba,JJJ,Punjab,NR,31.349656,76.134971,False,0,297.0
JHINJHAK,JJK,Uttar Pradesh,,26.554994,79.734225,True,17,1205.0
JAJPUR KEONJHAR ROAD,JJKR,Odisha,,20.943544,86.132518,True,93,235.0
Jhunjhunun,JJN,Rajasthan,NWR,28.10688406385719,75.39017865434289,False,0,645.0
Jhanjharpur,JJP,Bihar,?,26.228493,86.267833,False,0,711.0
Jhanjharpur Bazar Halt,JJPR,Bihar,?,,,False,0,711.0
JEJURI,JJR,Maharashtra,CR,18.286557,74.171451,True,7,754.0
JAI JAI WANTI,JJT,Haryana,NR,29.16948,76.36926500000001,False,0,201.0
Jojwa,JJW,Gujarat,WR,22.253213,73.642431,False,0,633.0
Jakolari,JK,Punjab,NR,32.218706,75.545676,False,0,297.0
JAKHVADA,JKA,Gujarat,,23.0872076126,72.1353813153,True,4,633.0
Jakhalabandha,JKB,Assam,NFR,26.563801,92.991109,True,2,278.0
JANKIDAIPUR,JKDP,Odisha,,19.888365,85.81927,False,0,235.0
JUKEHI,JKE,Madhya Pradesh,WCR,23.986873000000003,80.432389,True,13,614.0
JAHANIKHERA,JKH,Uttar Pradesh,,27.7438375882,80.2393415985,False,0,1205.0
Jakhod Khera,JKHI,Haryana,NWR,29.209394,75.57373,False,0,201.0
Kauriaa Jungle,JKI,Uttar Pradesh,?,26.881072,83.29979800000001,False,0,1205.0
Jalal Khali,JKL,West Bengal,?,23.347508,88.513628,False,0,713.0
JANKAMPET JN,JKM,Andhra Pradesh,SCR,18.70264,78.05386,True,5,574.0
JAKHANIAN,JKN,Uttar Pradesh,NER,25.740942,83.369563,True,11,1205.0
Jharkhandi,JKNI,Uttar Pradesh,NER,27.4330507545,82.17975597290001,False,0,1205.0
JAKKALACHERUVU,JKO,Andhra Pradesh,,15.109121,77.726953,True,2,574.0
JHAREKAPUR,JKP,Uttar Pradesh,NER,27.680642,80.728934,False,0,1205.0
JAKHAPURA,JKPR,Odisha,,20.917821,86.06533999999999,True,4,235.0
JAULKHERA,JKR,Madhya Pradesh,,21.838466,78.216684,False,0,614.0
Jaksi,JKS,Gujarat,WR,23.2223025231,72.1076480029,False,0,633.0
JEKOT,JKT,Gujarat,,22.865616,74.15935400000001,False,0,633.0
Jitakheri,JKZ,Haryana,?,29.0117786412,75.9873709528,True,2,201.0
JALGAON JN,JL,Maharashtra,,21.018115,75.56287499999999,True,141,754.0
JARWAL ROAD,JLD,Uttar Pradesh,,27.120389,81.540406,True,16,1205.0
JULGAON DECCAN,JLG,Maharashtra,,19.384261,77.790475,False,0,754.0
JHILAHI,JLHI,Uttar Pradesh,,27.072604043299997,82.17287785639999,False,0,1205.0
JALALGANJ,JLL,Uttar Pradesh,,25.612516,82.772465,True,14,1205.0
Jhilo,JLLO,Rajasthan,NWR,27.850784,75.890113,False,0,645.0
JALIYA MATH,JLM,Gujarat,WR,23.227583000000003,72.877596,False,0,633.0
JAKHALAUN,JLN,Uttar Pradesh,,24.547359,78.341911,True,8,1205.0
JALPUR,JLQ,Uttar Pradesh,?,29.012364,78.870355,False,0,1205.0
JETALSAR JN,JLR,Gujarat,WR,21.729374,70.57391,True,12,633.0
Jetalsar Jn,JLRF,Gujarat,,21.729584,70.57412,False,0,633.0
JALESAR ROAD,JLS,Uttar Pradesh,,27.44546,78.16993,True,6,1205.0
Jhamat Halt,JLT,Uttar Pradesh,,27.200026,83.340382,False,0,1205.0
JHALWARA,JLW,Madhya Pradesh,,23.772191,80.473608,True,5,614.0
Jhilmili,JLY,Madhya Pradesh,SECR,22.054052,79.154333,True,2,614.0
JALAMB JN,JM,Maharashtra,,20.813007,76.573236,True,15,754.0
Jambusar Junction,JMB,Gujarat,WR,22.0463866,72.814113,False,0,633.0
Jambusar City,JMBC,Gujarat,WR,,,False,0,633.0
JAMBHALI HALT,JMBL,Maharashtra,,19.167016,77.59293500000001,False,0,754.0
Jamdha,JMD,Maharashtra,CR,20.574085,74.98554700000001,True,4,754.0
JAMGA,JMG,Chhattisgarh,,21.874971,83.564842,True,4,162.0
JAMGURI,JMI,Assam,NFR,26.3877071452,93.9604479663,False,0,278.0
JAMIRA HALT,JMIR,Bihar,,25.558928076100003,84.70946636229999,False,0,711.0
JAMUNAMUKH,JMK,Assam,NFR,26.108194,92.741306,True,4,278.0
JAMUNIA KALAN,JMKL,Rajasthan,,24.4130605779,74.8886623096,False,1,645.0
JAWLMUKHI ROAD,JMKR,Himachal Pradesh,NR,32.015744000000005,76.226427,False,0,55.0
JAMIKUNTA,JMKT,Telangana,,18.290021,79.476918,True,15,150.0
Jumnal,JML,Karnataka,,16.723002286099998,75.7141335645,False,0,416.0
JAIMURTINAGAR F,JMM,Bihar,,26.836932,85.066065,False,0,711.0
JAMUAWAN,JMN,Bihar,?,24.81523,85.292477,False,0,711.0
Jamner,JMNR,Maharashtra,CR,20.80642760713478,75.77482301741838,False,0,754.0
JAMALPUR JN,JMP,Bihar,,25.313906,86.492285,True,55,711.0
JIMIDIPETA,JMPT,Andhra Pradesh,,19.044582,83.42234400000001,True,4,574.0
JAMIRGHATA,JMQ,West Bengal,,24.916623,88.06775999999999,True,2,713.0
Jamira,JMRA,Assam,?,24.307199,92.527405,False,0,278.0
JAMSAR,JMS,Rajasthan,?,28.24751,73.398985,True,4,645.0
JMSY,JMSY,,,,,False,0,
JAMTARA,JMT,Jharkhand,,23.958904,86.805183,True,25,270.0
JAMUI,JMU,Bihar,,24.971949,86.25477500000001,True,39,711.0
Jambara,JMV,Madhya Pradesh,CR,21.943048,78.251975,True,3,614.0
JAMUNI,JMX,Jharkhand,,23.762742,86.193727,False,0,270.0
JHUND,JN,Gujarat,,23.1606089618,71.936146626,False,0,633.0
JULANA,JNA,Haryana,NR,29.120124,76.396508,True,7,201.0
JUNAGADH JN,JND,Gujarat,WR,21.530606,70.457612,True,14,633.0
Jehanabad Court,JNDO,Bihar,,25.2012234752,84.98423622680001,False,0,711.0
JANIYANA,JNE,Rajasthan,NWR,25.827638,72.336284,False,0,645.0
JANGHAI JN,JNH,Uttar Pradesh,,25.549911,82.310962,True,38,1205.0
Jhinkpani,JNK,Jharkhand,SER,22.4200106276,85.77066197879999,False,0,270.0
Janakinagar,JNKR,Bihar,ECR,25.881604,87.116949,False,0,711.0
JANDIALA,JNL,Punjab,,31.589979,75.05441200000001,True,12,297.0
Jayanagar Majilpur Halt,JNM,West Bengal,ER,22.168635,88.415324,False,0,713.0
Jamuniatand,JNN,Jharkhand,ECR,23.75454,86.191952,True,2,270.0
JAMUNIATANR HALT,JNNA,Jharkhand,,23.754897530999997,86.1921944211,False,0,270.0
Junnor Deo,JNO,Madhya Pradesh,CR,22.191279,78.592052,True,5,614.0
JAGAN NATHAPUR,JNP,Odisha,,19.330648607,84.8681439825,False,0,235.0
JANAKPUR ROAD,JNR,Bihar,,26.467914,85.70085599999999,True,10,711.0
Junagarh Road,JNRD,Chhattisgarh,,19.874057,82.946083,True,2,162.0
Jalandari,JNRI,Rajasthan,,25.286385000000003,75.342247,True,2,645.0
Jaintipura,JNT,Punjab,?,31.773393,75.10219199999999,False,0,297.0
JINTI ROAD,JNTR,Maharashtra,,18.3249544651,74.87741682800001,True,2,754.0
JAUNPUR JN,JNU,Uttar Pradesh,NR,25.762849,82.69969599999999,True,40,1205.0
JAUNPUR KUTCHERRY,JNUK,Uttar Pradesh,,25.725186,82.692607,False,0,1205.0
Jagnath Road Halt,JNX,Rajasthan,NWR,25.270948,72.62821,False,0,645.0
Jenal,JNZ,Gujarat,NWR,24.3273122158,72.0377359918,False,0,633.0
JO JAGABOR,JO,Gujarat,NWR,23.739452999999997,73.45304499999999,False,0,633.0
JANWAL,JOA,Maharashtra,SCR,18.55964,76.75514700000001,True,6,754.0
ASALPUR JOBNER,JOB,Rajasthan,,26.900084,75.423467,True,21,645.0
JOBA,JOBA,Madhya Pradesh,WCR,24.096599,81.762682,False,0,614.0
JOYCHANDI PAHAR,JOC,West Bengal,SER,23.516393,86.68033899999999,True,19,713.0
Juharpura,JOH,Rajasthan,NWR,28.199319000000003,74.84733,False,0,645.0
Jodhka,JOK,Haryana,?,29.493381999999997,75.218369,False,0,201.0
Jogal,JOL,Orissa,?,21.696442,86.88271399999999,True,2,65.0
JOGI MAGRA,JOM,Rajasthan,,26.697862,73.818142,True,4,645.0
JONHA,JON,Jharkhand,,23.3589592105,85.6089136389,True,2,270.0
Jonha,JONA,Jharkhand,SER,23.3586542,85.6095235,False,0,270.0
Jeonara Ph,JONR,Madhya Pradesh,SECR,22.467657,80.073534,True,3,614.0
KACHEGUDA JAMIA OSMANIA,JOO,Telangana,,17.411068999999998,78.517784,False,0,150.0
JAUNPUR CITY,JOP,Uttar Pradesh,,25.734125,82.666999,True,24,1205.0
JORAI,JOQ,Assam,,26.4548754981,89.8034610461,False,0,278.0
Jalor,JOR,Rajasthan,NWR,25.35418,72.63429,True,8,645.0
JOGESHWARI,JOS,Maharashtra,WR,19.136550999999997,72.84906600000001,False,0,754.0
JANAI ROAD,JOX,West Bengal,,22.722379,88.26510999999999,False,0,713.0
JAIPUR,JP,Rajasthan,,26.920203,75.786923,True,171,645.0
Jagdishpur Halt,JPAH,Bihar,ECR,,,False,0,711.0
Jalalpur Dhai,JPD,Uttar Pradesh,?,26.021201,81.13597700000001,True,2,1205.0
JALPAIGURI ROAD,JPE,West Bengal,,26.559016999999997,88.70945300000001,True,17,713.0
JALPAIGURI,JPG,West Bengal,,26.51816,88.723026,True,6,713.0
JHANTIPAHARI,JPH,West Bengal,?,23.353363,86.904491,True,10,713.0
JHADUPUDI,JPI,Andhra Pradesh,,19.028201,84.613031,False,0,574.0
JAPLA,JPL,Jharkhand,,24.538969,84.00286600000001,True,12,270.0
JIYAPURAM,JPM,Tamil Nadu,?,10.873546,78.606343,False,1,557.0
JAI PRAKASH MAHULI,JPML,Bihar,,25.4538,85.600631,False,0,711.0
Jora Alapur,JPO,Madhya Pradesh,NCR,26.344599,77.802358,False,0,614.0
JALALPUR PANWARA,JPP,Uttar Pradesh,,27.0623131608,79.8736107968,False,0,1205.0
JHAPANDANGA,JPQ,West Bengal,,23.064129,88.091187,False,0,713.0
JAKPUR,JPR,West Bengal,,22.362509000000003,87.389853,False,0,713.0
JENAPUR ROAD,JPRD,Odisha,,20.018355,85.786572,False,0,235.0
Jamalpur Shaikhan,JPS,Punjab,?,29.699949,75.857438,True,2,297.0
Jamtara Paraswara,JPV,Madhya Pradesh,SECR,23.091963999999997,79.960351,True,7,614.0
JOGIGHOPA,JPZ,Assam,NFR,26.241537,90.576384,True,2,278.0
JARAIKELA,JRA,Jharkhand,,22.309555999999997,85.113703,True,5,270.0
JAUGRAM,JRAE,West Bengal,,23.078737,88.080887,False,0,713.0
JIRIBAM,JRBM,Assam,NFR,24.79884918,93.12437581,False,0,278.0
JALANDHAR CANT,JRC,Punjab,,31.306235,75.63210600000001,True,116,297.0
Jhareda,JREA,Rajasthan,,27.476348,77.032106,False,0,645.0
Jugpura,JRG,Orissa,?,21.668795,86.912796,True,2,65.0
JARGAON,JRJ,Uttar Pradesh,NR,28.560472,78.768653,True,2,1205.0
JERUWA KHERA,JRK,Madhya Pradesh,,23.973744999999997,78.478729,True,5,614.0
Jorkian,JRKN,Rajasthan,NWR,29.8325238,74.2221512,False,0,645.0
JADARAMA KUNTE,JRKT,Karnataka,SWR,16.2842670722,75.83866138549999,False,0,416.0
Jharili,JRL,Haryana,NWR,28.50653,76.374648,True,2,201.0
JANGIPUR ROAD,JRLE,West Bengal,ER,24.459515,88.04076,True,13,713.0
Jaroli,JRLI,Orissa,?,21.952769,85.419294,True,4,65.0
JAIRAMNAGAR,JRMG,Chhattisgarh,,22.034344,82.29651100000001,True,5,162.0
Jirania,JRNA,Tripura,NFR,23.827373,91.431986,False,0,17.0
JIRON,JRO,Uttar Pradesh,,24.608534,78.361937,False,0,1205.0
JARAPADA,JRPD,Odisha,,20.885087,84.887597,False,0,235.0
JHAROKHAS,JRQ,Uttar Pradesh,ECR,24.1796156953,83.164150647,False,0,1205.0
JUGAUR,JRR,Uttar Pradesh,,26.881922122,81.08856127690001,False,1,1205.0
Jrri,JRRI,Uttar Pradesh,,25.308243,83.17854700000001,False,0,1205.0
JORAVASAN,JRS,Gujarat,WR,20.729778,72.96576,True,2,633.0
JARTI,JRT,Orissa,?,18.890456,82.66510099999999,True,2,65.0
Jurtara,JRTR,Madhya Pradesh,,22.253005,79.76127199999999,False,0,614.0
CHIKJAJUR JN,JRU,Karnataka,SWR,14.126112,76.138705,True,16,416.0
JORAMOW,JRW,Jharkhand,,24.201663,86.707773,True,2,270.0
Jirwan,JRWN,Madhya Pradesh,,21.681178,76.501037,True,4,614.0
Juriagaon,JRX,Assam,NFR,26.441079,92.644475,False,0,278.0
JORANDA ROAD,JRZ,Odisha,,20.623365,85.640413,False,0,235.0
Jasai,JSA,Rajasthan,?,25.716785,71.24586000000001,False,0,645.0
Yamuna South Bank,JSB,Uttar Pradesh,NCR,25.902334,80.226651,False,0,1205.0
Jalesar City,JSC,Uttar Pradesh,NCR,27.459871,78.30634,False,0,1205.0
Jaisingder,JSD,Rajasthan,?,25.755537,70.35885900000001,False,0,645.0
JHARSUGUDA JN,JSG,Odisha,,21.862274,84.017427,True,94,235.0
JHARSUGUDA ROAD,JSGR,Odisha,,21.850125,84.010526,False,0,235.0
Jaswantgarh,JSH,Rajasthan,NWR,27.668988,74.44396800000001,False,0,645.0
JASALI,JSI,Gujarat,,24.169914,71.914081,False,0,633.0
JATAULA SAMPHKA,JSKA,Haryana,NR,28.372602,76.799492,False,0,201.0
JASSOWAL HALT,JSL,Punjab,,30.799159,75.831803,False,0,297.0
JAISALMER,JSM,Rajasthan,NWR,26.91655,70.92823899999999,True,15,645.0
JASIDIH JN,JSME,Jharkhand,,24.514517,86.644255,True,116,270.0
JAYASINGPUR,JSP,Maharashtra,CR,16.791339,74.551613,True,9,754.0
JASPALON,JSPN,Punjab,,30.7847375851,76.0801522656,False,0,297.0
JASHAPAR,JSPR,Gujarat,,21.8371305528,69.87358352049999,False,0,633.0
JASRA,JSR,Uttar Pradesh,NCR,25.280002,81.774617,True,3,1205.0
Jhankad Sarala Road,JSRD,Orissa,?,20.290186,86.304284,False,0,65.0
JHARSUGUDA R YARD,JSRY,Odisha,,21.8876435594,84.0718776697,False,0,235.0
JASIA,JSS,Haryana,?,29.005749,76.649455,False,0,201.0
JARANDESHWAR,JSV,Maharashtra,CR,17.7507667858,74.0773198273,True,3,754.0
JAGATBELA,JTB,Uttar Pradesh,,26.772224,83.278505,True,3,1205.0
Jatdumri Halt,JTDM,Bihar,?,25.4744929325,85.0950627991,False,0,711.0
Jatinga,JTG,Assam,NFR,25.132585153047003,93.00795843824744,False,0,278.0
Jhoktahal Singh,JTH,Punjab,NR,30.80909,74.495544,False,0,297.0
JAITHARI,JTI,Madhya Pradesh,,23.0451865524,81.7970919489,True,11,614.0
Jethian,JTIN,Bihar,,24.929548151899997,85.3141277319,False,0,711.0
JOLARPETTAI,JTJ,Tamil Nadu,,12.560852,78.57781999999999,True,160,557.0
Jhitkia,JTK,West Bengal,NFR,25.626133,88.05297200000001,False,0,713.0
JHAPATER DHAL,JTL,West Bengal,,23.367646,87.750181,True,2,713.0
Jotana,JTN,Gujarat,,23.459002,72.29427,False,0,633.0
Jutogh,JTO,Himachal Pradesh,NR,31.100734,77.122043,True,6,55.0
Jetpur,JTP,Gujarat,WR,21.735313,70.615184,False,0,633.0
JATKANHAR,JTR,Chhattisgarh,,21.1798,80.821965,True,2,162.0
JATH ROAD,JTRD,Maharashtra,CR,17.2166,75.110555,True,2,754.0
Jatusana,JTS,Haryana,NWR,28.331448,76.52110400000001,True,2,201.0
Jumapatti,JTT,Maharashtra,,19.004154000000003,73.308384,False,0,754.0
Jorhat Town,JTTN,Assam,NFR,26.750692,94.217106,True,4,278.0
JAITIPUR,JTU,Uttar Pradesh,,26.6635672889,80.68894609920001,False,1,1205.0
Jetalvad,JTV,Gujarat,WR,21.35276,70.82471799999999,False,0,633.0
JAITWAR,JTW,Madhya Pradesh,WCR,24.740226,80.863876,True,14,614.0
JATPIPLI,JTX,Gujarat,,23.076354329900003,71.7022163385,False,0,633.0
JETHI,JTY,Gujarat,NWR,24.291967,72.507154,True,2,633.0
JODHPUR JN,JU,Rajasthan,,26.283765,73.02319,True,86,645.0
JARAUNA,JUA,Uttar Pradesh,NR,25.557129999999997,82.399136,False,0,1205.0
Jubbasahani,JUBS,Bihar,,26.17489,85.369793,False,0,711.0
JALANDHAR CITY,JUC,Punjab,,31.331665,75.591499,True,90,297.0
JODHPUR CANTT,JUCT,Rajasthan,,26.304264,73.075277,False,0,645.0
YAMUNANAGAR-JAGADHRI,JUD,Haryana,,30.116844,77.287602,True,63,201.0
JAGADHRI WORKSHOP,JUDW,Haryana,,30.135558,77.240819,True,21,201.0
JUJHARPUR,JUH,Madhya Pradesh,,22.604977,77.75641,False,0,614.0
JUJUMURA,JUJA,Odisha,,21.239342,84.134611,True,2,235.0
JAULKA,JUK,Maharashtra,SCR,20.2854429153,77.0759090985,False,0,754.0
JHULASAN,JUL,Gujarat,WR,23.326699,72.471355,True,2,633.0
Jhulasan,JULF,Gujarat,,23.326449,72.471105,False,0,633.0
JUNC,JUNC,,,,,False,0,
JUNONA HALT,JUNX,Maharashtra,,19.4763619331,77.1618431097,False,0,754.0
Jhunpa,JUP,Rajasthan,?,28.777449,75.521553,False,1,645.0
JUTTURU,JUR,Andhra Pradesh,,14.978847,77.898103,True,2,574.0
Jodhpuriya,JUYA,Rajasthan,,25.070196,74.81465299999999,False,0,645.0
JAVALE,JVA,Maharashtra,CR,17.298963,75.157805,False,0,754.0
Jamwala,JVL,Gujarat,WR,20.971057,70.772358,False,0,633.0
JORAWARNAGAR JN,JVN,Gujarat,WR,22.71246,71.641594,True,17,633.0
JIVANTI HALT,JVT,West Bengal,ER,24.080516999999997,88.192446,False,0,713.0
JATWARA,JW,Rajasthan,,26.8688202925,76.2140548169,True,2,645.0
JAWAI BANDH,JWB,Rajasthan,NWR,25.114043,73.14732500000001,True,18,645.0
Jawaharpur Kamsan,JWK,Uttar Pradesh,,27.52481,78.588278,False,0,1205.0
Jandwala Kharta,JWKA,Punjab,,30.3576339273,74.0290537952,False,0,297.0
JAJIWAL,JWL,Rajasthan,,26.3680583662,73.2228278314,True,4,645.0
JAWAN WALA SHEHAR,JWLS,Himachal Pradesh,NR,32.14165,76.003772,False,0,55.0
Jiwa Arain,JWN,Punjab,NR,30.673761,74.355654,False,0,297.0
Jawaharnagar,JWNR,Tripura,NFR,23.924911,91.895623,False,0,17.0
JAWAD ROAD,JWO,Rajasthan,WR,24.557577,74.764389,True,7,645.0
JWALAPUR,JWP,Uttarakhand,NR,29.928457,78.120775,True,13,46.0
JHARWASAA,JWS,Rajasthan,NWR,26.210097,74.7074,False,0,645.0
JIRONA,JXN,Maharashtra,?,19.407451,77.95139499999999,False,0,754.0
JAYNAGAR,JYG,Bihar,,26.589465,86.134871,True,16,711.0
JAI SAMAND ROAD,JYM,Rajasthan,NWR,24.22064,73.86827000000001,True,2,645.0
JEYPORE,JYP,Orissa,?,18.896375,82.55467900000001,True,8,65.0
KAURARA,KAA,Uttar Pradesh,,27.029,78.664813,False,0,1205.0
KHANDALA,KAD,Maharashtra,,18.755087,73.377469,True,17,754.0
Khairadih Halt,KADH,Bihar,ECR,25.035047,84.054715,False,0,711.0
Kadi,KADI,Gujarat,WR,23.292133,72.326105,False,0,633.0
Kumradol,KADL,Jharkhand,,24.695170582,87.075560105,False,0,270.0
Kadiyadra,KADR,Gujarat,WR,23.885219,73.057502,False,0,633.0
KODAGANUR,KAG,Karnataka,SWR,14.3305086886,76.033542879,True,2,416.0
KAGANGARH,KAGR,Punjab,NR,29.839460000000003,75.739115,False,0,297.0
KALHAR,KAH,Madhya Pradesh,,23.978071,78.05717800000001,True,7,614.0
KAIRLA,KAI,Rajasthan,NWR,25.8474354519,73.1955095032,True,2,645.0
Kaliyaganj,KAJ,West Bengal,NFR,25.6393,88.330404,True,4,713.0
KARANJGAON,KAJG,Maharashtra,,19.9493826187,74.9240362146,True,5,754.0
Kaimarkalan,KAKN,Madhya Pradesh,NCR,26.176561,77.22272699999999,False,0,614.0
Kallai,KAL,Tamil Nadu,SR,9.977293,78.670312,True,2,557.0
Kalanad,KALD,Kerala,SR,,,False,0,183.0
Kaili,KALI,Uttar Pradesh,NR,28.785394,77.75277,False,0,1205.0
Kalana,KALN,Rajasthan,NWR,29.0067149,75.1719233,False,0,645.0
KALAS HALT,KALS,Karnataka,SWR,15.08644671,75.3899776996,False,0,416.0
Kamta Halt,KAMA,Bihar,,25.336743948,85.27791552000001,False,0,711.0
KAMAKHYAGURI,KAMG,West Bengal,,26.484168,89.721829,True,4,713.0
KAMALPUR,KAMP,Uttar Pradesh,,28.182673,77.83998100000001,False,0,1205.0
Khurrampur,KAMR,Bihar,,25.1687228764,85.2213155725,False,0,711.0
KHANA JN,KAN,West Bengal,,23.320577,87.769547,True,6,713.0
KANIL,KANJ,Gujarat,,22.867203999999997,72.705473,True,4,633.0
KANL,KANL,,,,,False,0,
Kanoh,KANO,Himachal Pradesh,NR,30.992082999999997,77.11800600000001,True,3,55.0
Kansiya Nes,KANS,Gujarat,WR,21.244102,70.64004200000001,False,0,633.0
KALUBATHAN,KAO,Jharkhand,,23.758149,86.661294,False,0,270.0
KAOTHA,KAOT,Maharashtra,,20.737041,78.376203,False,0,754.0
KALIANPUR,KAP,Uttar Pradesh,,26.503485,80.25289199999999,True,3,1205.0
KALUPARA GHAT,KAPG,Odisha,,19.896585,85.40365100000001,True,12,235.0
Kottapalem,KAPM,Andhra Pradesh,ECoR,,,False,0,574.0
KHARIAPIPRA HALT,KAPP,Bihar,,25.243589,86.627487,False,0,711.0
KOLANUKONDA,KAQ,Andhra Pradesh,,16.448173,80.604782,False,1,574.0
KARNA,KAR,Uttar Pradesh,,27.32161,80.19623499999999,True,2,1205.0
KAMAN ROAD,KARD,Maharashtra,CR,19.33655,72.919123,False,0,754.0
Kakraha Rest House,KARH,Uttar Pradesh,NER,27.998447,81.420529,False,0,1205.0
Khario P.H.,KARO,Jharkhand,?,23.835655,86.192092,False,0,270.0
KHARAR,KARR,Punjab,,30.7263803992,76.6360518042,False,0,297.0
KIRATPUR SAHIB,KART,Punjab,,31.186811,76.563302,True,4,297.0
Kulthamabdullashah Halt,KASH,Punjab,NR,31.203335000000003,75.848386,False,0,297.0
KANAS ROAD,KASR,Odisha,,20.06205,85.7428,True,2,235.0
KASU,KASU,Maharashtra,CR,18.64059,73.079446,True,4,754.0
KHATAULI,KAT,Uttar Pradesh,NR,29.273712,77.736988,True,11,1205.0
KATILI,KATA,Uttar Pradesh,,27.616759,80.614094,False,0,1205.0
KHATKURA,KATB,West Bengal,,22.477455,86.93022400000001,False,0,713.0
Kanthi P Halt,KATI,West Bengal,?,21.788742999999997,87.734128,True,14,713.0
KATOL,KATL,Maharashtra,,21.263201,78.590664,True,26,754.0
KATARIYA,KATR,Gujarat,,23.289037,70.604533,False,0,633.0
Kachna,KAU,West Bengal,NFR,25.6337383216,88.0246425354,False,0,713.0
KALAMNA,KAV,Maharashtra,,21.168195,79.140955,True,2,754.0
Kavi,KAVI,Gujarat,WR,22.47229104660886,88.39808402583003,False,0,633.0
KATHIVAKKAM,KAVM,Tamil Nadu,,13.204344,80.31674199999999,False,0,557.0
KALAVUR HALT,KAVR,Kerala,,9.567254,76.318097,False,0,183.0
KHAJRI,KAW,Madhya Pradesh,WCR,25.563234,77.617075,False,0,614.0
KANDWAL HALT,KAWL,Himachal Pradesh,NR,32.282959,75.76982299999999,False,0,55.0
KARWAR,KAWR,Karnataka,KR,14.821387,74.183139,True,50,416.0
Kanwat,KAWT,Rajasthan,NWR,27.5895214437,75.67626636840001,False,0,645.0
Karaimadai,KAY,Tamil Nadu,SR,11.238611,76.957617,False,0,557.0
KAYAR,KAYR,Maharashtra,?,19.90643,78.907292,True,2,754.0
KHAIRATABAD,KB,Uttar Pradesh,NER,27.521338,80.740844,False,0,1205.0
Kurabalakota,KBA,Andhra Pradesh,SCR,13.666284,78.48584299999999,True,2,574.0
KUREBHAR,KBE,Uttar Pradesh,NR,26.409469,82.111598,False,0,1205.0
Komagata Maru Budge Budge,KBGB,West Bengal,,22.49283248,88.19442228000001,False,0,713.0
Karea Kadambagachhi,KBGH,West Bengal,ER,22.705299,88.534887,False,0,713.0
Khubagaon,KBGN,Maharashtra,CR,20.9630295,78.239315,False,0,754.0
KHANDBAARA,KBH,Maharashtra,,21.324398,74.101865,True,7,754.0
KAMBRGANVI,KBI,Karnataka,SWR,15.459597,74.875061,False,0,416.0
KANTABANJI,KBJ,Odisha,,20.474059,82.906517,True,32,235.0
Khamil Ghat,KBK,Rajasthan,NWR,25.626813,73.864884,True,2,645.0
Khabra Kalan,KBKN,Haryana,,29.322476,75.412296,False,0,201.0
KOPPAL,KBL,Karnataka,SWR,15.353868,76.14395900000001,True,23,416.0
KOTABOMMALI,KBM,Andhra Pradesh,,18.488355,84.199842,True,6,574.0
KARBIGWAN,KBN,Uttar Pradesh,,26.200502,80.502629,False,1,1205.0
KUBERPUR,KBP,Uttar Pradesh,,27.221966,78.128812,False,0,1205.0
Kabakaputtur,KBPR,Karnataka,SWR,12.7683965,75.2045015,True,6,416.0
KUMRABAD ROHINI,KBQ,Jharkhand,,24.467308,86.64534800000001,True,2,270.0
KABRAI,KBR,Uttar Pradesh,NCR,25.385191218099997,80.0382402954,False,0,1205.0
KANJARI BORIYAV,KBRV,Gujarat,,22.614849,72.921535,True,10,633.0
Kusmuda Block Station,KBS,Chhattisgarh,,22.342991,82.680149,False,0,162.0
Krishna Ballabh,KBSH,Jharkhand,ER,24.255819,86.482965,False,0,270.0
KASBE-SUKENE,KBSN,Maharashtra,,20.072296,74.02714900000001,False,0,754.0
KADAMBATTUR,KBT,Tamil Nadu,,13.099513,79.862172,False,0,557.0
KASU BEGU,KBU,Punjab,NR,30.856795,74.671641,False,0,297.0
KHOIRABARI,KBY,Assam,,26.626143000000003,91.840413,False,0,278.0
KUCHMAN,KCA,Uttar Pradesh,,25.318878,83.21503,True,2,1205.0
K-CABIN BONDAMUNDA,KCAB,Odisha,,22.233321,84.91385700000001,False,0,235.0
KUSLAMB,KCB,Maharashtra,CR,18.274834,75.777193,False,0,754.0
KRISHNA CANAL,KCC,Andhra Pradesh,,16.477152,80.604553,True,9,574.0
KCCN,KCCN,Rajasthan,,25.239081,75.879265,False,0,645.0
KURICHEDU,KCD,Andhra Pradesh,,15.913391,79.572175,True,8,574.0
KALCHINI,KCF,West Bengal,NFR,26.687507,89.447487,False,0,713.0
KACHEGUDA,KCG,Telangana,,17.389561,78.499756,True,55,150.0
Kachchanvilai,KCHV,Tamil Nadu,SR,8.579343999999999,78.022519,False,0,557.0
Kallkiri,KCI,Andhra Pradesh,SCR,13.643625,78.801131,True,6,574.0
KASIMPUR,KCJ,Uttar Pradesh,,26.257189,81.539941,True,4,1205.0
KECKHI,KCKI,Jharkhand,,23.928362999999997,84.146829,True,2,270.0
Kenchanalu Halt,KCLA,Karnataka,,14.017783668700002,75.28544676759999,False,0,416.0
Kalasumudram,KCM,Andhra Pradesh,SCR,14.21716,78.099683,True,2,574.0
KARCHANA,KCN,Uttar Pradesh,,25.313666,81.916127,False,1,1205.0
KACHNARA ROAD,KCNR,Madhya Pradesh,WR,23.829547,75.101751,True,2,614.0
Kachhia Bridge,KCO,Uttar Pradesh,NER,27.944171,78.863805,False,0,1205.0
Kalgupur,KCP,Karnataka,SCR,18.163878,77.19175,True,2,416.0
KHONKER,KCR,Madhya Pradesh,WCR,25.316453,77.578988,False,0,614.0
Kirakat,KCT,Uttar Pradesh,NER,25.645355,82.924798,True,2,1205.0
Kachhiaa,KCU,Uttar Pradesh,NER,27.973382,78.88310899999999,False,0,1205.0
Krishnachandrapur,KCV,Orissa,SER,21.824613,86.82005,True,2,65.0
KOCHUVELI,KCVL,Kerala,,8.509254,76.8961,True,28,183.0
Kaichar,KCY,West Bengal,ER,23.5368167,88.0115578,False,0,713.0
KACHHIYANA HALT,KCYN,Bihar,,25.1331170814,85.98011055180001,False,0,711.0
KUNDARKHI,KD,Uttar Pradesh,NR,28.6804444288,78.7880650638,True,2,1205.0
Kodimbala Halt,KDBA,Karnataka,SWR,12.718252,75.476631,False,0,416.0
Khed Brahma,KDBM,Gujarat,WR,24.029406,73.041259,False,0,633.0
KHADKI BAZAR,KDBR,Maharashtra,,19.406761,77.832038,False,0,754.0
KORADACHERI,KDE,Tamil Nadu,SR,10.771022,79.49003499999999,False,0,557.0
KUNDER HALT,KDER,Bihar,,25.0513208329,86.1856142041,False,0,711.0
KHUNDAUR,KDF,Uttar Pradesh,NR,26.020077,82.01505399999999,False,0,1205.0
KEDGAON,KDG,Maharashtra,,18.4820853984,74.3763730994,True,15,754.0
KODIGEHALLI,KDGH,Karnataka,,13.0633577414,77.57597160489999,False,0,416.0
KUDGI,KDGI,Karnataka,SWR,16.530215,75.811482,False,0,416.0
KONDRAPOL,KDGL,Telangana,,16.785299045400002,79.6010754456,False,0,150.0
KHARDAHA,KDH,West Bengal,,22.725065,88.37715700000001,False,0,713.0
KARCHHA,KDHA,Madhya Pradesh,WR,23.1048189579,75.9098425183,True,4,614.0
Kaladehi,KDHI,Madhya Pradesh,SECR,22.87917,79.83489,True,5,614.0
Kundhela,KDHL,Gujarat,WR,22.227958,73.28142,False,0,633.0
Kandharan Halt,KDHN,Rajasthan,,28.594924,75.45245,False,0,645.0
KUNDLI,KDI,Gujarat,WR,22.2788440574,71.68394941769999,True,2,633.0
KHUDAGANJ,KDJ,Uttar Pradesh,,27.184464,79.666264,False,0,1205.0
Kendujhargarh,KDJR,Orissa,ECoR,21.66029,85.62690500000001,True,4,65.0
KOHDAD,KDK,Madhya Pradesh,CR,21.7026228941,76.36547849,False,0,614.0
KENDUKANA,KDKN,Assam,,26.374067,91.63681,True,3,278.0
Kankroli,KDL,Rajasthan,NWR,25.049118999999997,73.909586,True,2,645.0
KUNDALGARH,KDLG,Rajasthan,NWR,24.02828,73.81051,False,0,645.0
KANDEL ROAD,KDLR,Odisha,,20.126381,83.27892999999999,True,2,235.0
KESAMUDRAM,KDM,Andhra Pradesh,SCR,17.686252,79.89647099999999,True,20,574.0
KANDAMBAKKAM,KDMD,Tamil Nadu,,11.811502,79.386975,False,0,557.0
KODIYAR MANDIR,KDMR,Gujarat,WR,21.739201,72.00460199999999,True,4,633.0
KUDATINI,KDN,Karnataka,SWR,15.21516,76.76356899999999,True,4,416.0
KADAYNALLUR,KDNL,Tamil Nadu,,9.085394,77.36319769999999,True,2,557.0
KADAKOLA,KDO,Karnataka,SWR,12.190407,76.663729,True,2,416.0
KONDAPURAM,KDP,Andhra Pradesh,,14.773549,78.193462,True,18,574.0
KHADAPA,KDPA,Chhattisgarh,ECoR,19.00582,82.445719,True,2,162.0
KUMEDPUR,KDPR,Bihar,,25.4334484028,87.80435766599999,True,32,711.0
KADIPUR SANI HA,KDPS,Uttar Pradesh,NER,27.862753,80.779037,False,0,1205.0
KADIPUR,KDQ,Uttar Pradesh,NER,25.44872,83.09130300000001,True,2,1205.0
Kadampura,KDRA,Bihar,ECR,,,False,0,711.0
KHULDIL ROAD,KDRD,Uttar Pradesh,ECR,24.368371999999997,82.86161,False,0,1205.0
Kendri,KDRI,Chhattisgarh,SECR,21.131542,81.729967,False,0,162.0
KONDRAPOL,KDRL,Telangana,,16.784736,79.600292,False,0,150.0
Kandarpur,KDRP,Orissa,ECoR,20.396528,86.017399,False,0,65.0
KASUNDA JN,KDS,Jharkhand,,23.7899886114,86.39589356020001,False,0,270.0
KUDSAD,KDSD,Gujarat,,21.37682,72.91647999999999,True,4,633.0
KHADARPET,KDT,Andhra Pradesh,,14.9830781091,77.5427697052,True,2,574.0
KADETHAN,KDTN,Maharashtra,,18.4778037603,74.42173336430001,True,7,754.0
KIRODIMALNAGAR,KDTR,Chhattisgarh,,21.926994,83.33250699999999,True,4,162.0
KADUTURUTTI HALT,KDTY,Kerala,,9.756128,76.49260000000001,False,0,183.0
KADAMBUR,KDU,Tamil Nadu,SR,9.002019,77.86363300000001,True,10,557.0
KHADAVLI,KDV,Maharashtra,,19.35621892,73.21871043,False,0,754.0
KADABARI HAT,KDX,West Bengal,,26.476201,88.73098599999999,False,0,713.0
KETTANDAPATTI,KDY,Tamil Nadu,,12.626458,78.57149100000001,False,0,557.0
Kandaghat,KDZ,Himachal Pradesh,NR,30.965544,77.106996,True,6,55.0
KHARDI,KE,Maharashtra,,19.579952,73.393442,False,0,754.0
KATRA,KEA,Uttar Pradesh,,26.842992,82.204937,True,4,1205.0
KARAMBELI,KEB,Gujarat,WR,20.316435,72.90153400000001,True,5,633.0
KENDUAPADA,KED,Odisha,,21.030623,86.38353099999999,False,0,235.0
KASEETAR,KEE,Jharkhand,,24.004444,86.75251,False,0,270.0
KRISHNAMA KONA,KEF,Andhra Pradesh,,15.505221,78.267907,True,4,574.0
KARENGI,KEG,Uttar Pradesh,NR,28.346844,79.041353,True,4,1205.0
KAPSETI,KEH,Uttar Pradesh,,25.357848,82.717694,True,6,1205.0
KASHI,KEI,Uttar Pradesh,,25.326564,83.031939,True,25,1205.0
Kathleeghat,KEJ,Himachal Pradesh,NR,31.021478,77.103224,True,3,55.0
KARKHELI,KEK,Maharashtra,SCR,18.944571,77.73819999999999,True,8,754.0
KEM,KEM,Maharashtra,,18.177508793500003,75.2746262701,True,8,754.0
KUKMA,KEMA,Gujarat,WR,23.217031,69.766265,False,0,633.0
Kempalsad,KEMP,Maharashtra,,21.087653,79.263378,False,0,754.0
KEMRI,KEMR,Uttar Pradesh,NER,28.809864,79.19779600000001,True,3,1205.0
KOTALA,KEN,Andhra Pradesh,,13.6063213389,79.2872542792,True,2,574.0
Kelanpur,KEP,Gujarat,WR,22.233139,73.277017,False,0,633.0
KOIRIPUR,KEPR,Uttar Pradesh,,26.02164,82.33959499999999,True,7,1205.0
KACHHPURA,KEQ,Madhya Pradesh,WCR,23.168783,79.903128,False,0,614.0
KIRIHRAPUR,KER,Uttar Pradesh,NER,26.045500526,83.73706466189999,True,4,1205.0
KESRI,KES,Haryana,,30.264574,76.933887,False,0,201.0
Kesri Singhpur,KESR,Rajasthan,NWR,29.950588999999997,73.61854,True,2,645.0
KELA DEVI,KEV,Rajasthan,WCR,27.015612,77.329069,False,0,645.0
KHEKRA,KEX,Uttar Pradesh,NR,28.871499999999997,77.288916,False,0,1205.0
KAGANKARAI,KEY,Tamil Nadu,,12.412541,78.510114,False,0,557.0
Kelzar,KEZ,Maharashtra,SECR,19.98294,79.56394,False,0,754.0
KOPARIA,KFA,Bihar,ECR,25.661041,86.59816,True,6,711.0
KALPATTICHATRAM,KFC,Tamil Nadu,,10.5180656729,78.2343675623,False,0,557.0
KARANJADI,KFD,Maharashtra,KR,17.998115,73.404252,True,4,754.0
KURIKAD,KFE,Kerala,,9.923277,76.37635,False,0,183.0
KOLDA,KFF,Gujarat,,21.165523,73.893108,True,5,633.0
Katphal,KFH,Maharashtra,CR,18.23255147,74.59603216999999,True,2,754.0
KAPPIL,KFI,Kerala,,8.779435,76.67962999999999,True,2,183.0
KATKA,KFK,Uttar Pradesh,NER,25.250251,82.634249,False,0,1205.0
KANOR,KFN,Rajasthan,,24.459564,74.266275,False,0,645.0
Kukra Khapa,KFP,Madhya Pradesh,SECR,21.825569,78.897525,True,6,614.0
KAFURPUR,KFPR,Uttar Pradesh,,28.8654124385,78.3593320288,True,2,1205.0
KUMARANALLUR,KFQ,Kerala,,9.617136,76.531679,False,0,183.0
KAJRI,KFT,Jharkhand,,24.1067922143,84.0725284845,False,0,270.0
KOHAND,KFU,Haryana,,29.494782,76.968758,False,0,201.0
Kundara East,KFV,Kerala,SR,8.969608,76.691337,True,2,183.0
KARAPGAON,KFY,Madhya Pradesh,WCR,22.9155569073,78.9845402875,False,0,614.0
KHAGA,KGA,Uttar Pradesh,,25.761853,81.102658,True,9,1205.0
KARGI ROAD,KGB,Chhattisgarh,,22.297935,82.026832,True,17,162.0
Kishangarh Balawas,KGBS,Haryana,NWR,28.262787,76.571554,True,2,201.0
KALLIGUDI,KGD,Tamil Nadu,,9.695381,77.97402,False,1,557.0
KATHGHAR,KGF,Uttar Pradesh,,28.826066,78.796689,True,2,1205.0
KATHGHAR EAST,KGFE,Uttar Pradesh,,28.832685,78.8095,False,0,1205.0
KATHGHAR RIGHT BANK,KGFR,Uttar Pradesh,,28.832108335,78.8082265295,False,0,1205.0
KHAGARIA JN,KGG,Bihar,,25.505891,86.46525100000001,True,60,711.0
Kotegangur,KGH,Karnataka,,13.9821624414,75.5206561768,False,0,416.0
KENGERI,KGI,Karnataka,SWR,12.918047,77.48431,True,32,416.0
KALGURKI HALT,KGIH,Karnataka,,16.585003999999998,75.775752,False,0,416.0
KANKURGACHHI ROAD,KGK,West Bengal,,22.572603,88.385079,False,0,713.0
Kang Khurd,KGKD,Punjab,NR,31.126338,75.213236,False,0,297.0
KUPGAL,KGL,Andhra Pradesh,,15.726256,77.219229,True,4,574.0
KHAGRAGHAT ROAD,KGLE,West Bengal,ER,24.106842,88.22648099999999,True,18,713.0
KATHGODAM,KGM,Uttarakhand,NER,29.266583,79.54633,True,16,46.0
KANGRA MANDIR,KGMR,Himachal Pradesh,NR,32.09448999999999,76.276521,False,0,55.0
Kurseong,KGN,West Bengal,NFR,26.877401000000003,88.277001,True,8,713.0
KHARAGPUR JN,KGP,West Bengal,,22.341432,87.32845599999999,True,174,713.0
KGPW,KGPW,,,,,False,0,
KASARAGOD,KGQ,Kerala,SR,12.491175,74.987652,True,72,183.0
KANGRA,KGRA,Himachal Pradesh,NR,32.085157,76.26256500000001,False,0,55.0
KHONGSARA,KGS,Madhya Pradesh,,22.551352,81.934151,True,8,614.0
Konagavalli Halt,KGVE,Karnataka,,14.024984822,75.496473584,False,0,416.0
Kadagaravalli,KGVL,Karnataka,,12.83778,75.696016,False,0,416.0
KARIGANURU,KGW,Karnataka,SWR,15.251727,76.43343,True,4,416.0
KAGWAD,KGWD,,,,,False,0,
KANGINHAL,KGX,Karnataka,SWR,15.447817,75.719041,True,2,416.0
KULGACHIA,KGY,West Bengal,,22.472352,88.020395,False,0,713.0
KARUNGUZHI,KGZ,Tamil Nadu,,12.531918999999998,79.91149,False,0,557.0
KAHILIYA,KH,Uttar Pradesh,,27.775896,79.960138,True,2,1205.0
Khaigaon,KHA,Madhya Pradesh,WCR,22.011786,76.48125700000001,False,0,614.0
KHIRAI,KHAI,West Bengal,,22.374504,87.69662799999999,False,0,713.0
KHAR,KHAR,Maharashtra,WR,19.069166,72.840078,False,0,754.0
KHAT,KHAT,Maharashtra,,21.242242,79.550792,True,2,754.0
KHANNA BANJARI,KHBJ,Madhya Pradesh,WCR,23.897087,80.822716,True,4,614.0
KHARBAO,KHBV,Maharashtra,CR,19.297247,72.983444,False,0,754.0
KHORANA,KHC,Gujarat,WR,22.39349,70.82999099999999,True,4,633.0
KHODIYAR,KHD,Gujarat,WR,23.156554,72.548244,False,1,633.0
KHODIYAR,KHDB,Gujarat,,23.156344,72.54803399999999,True,3,633.0
Karahdih Halt,KHDH,Bihar,,25.068848,85.432679,False,0,711.0
KHANDERI,KHDI,Gujarat,WR,22.361075999999997,70.716676,True,2,633.0
KHUDLAPUR,KHDP,Uttar Pradesh,,27.098961,79.78027300000001,False,0,1205.0
KANKATHER,KHE,Uttar Pradesh,,28.8013612636,78.180192128,False,1,1205.0
KHED,KHED,Maharashtra,KR,17.712059,73.40881499999999,True,15,754.0
KHANTAPARA,KHF,Odisha,,21.39628,86.822911,False,0,235.0
Kashinagar Halt,KHGR,West Bengal,ER,21.90539421,88.20132346,False,0,713.0
KICHHA,KHH,Uttar Pradesh,NER,28.913427,79.519746,True,2,1205.0
Khatkar Kalan,KHHJ,Punjab,NR,31.166967,76.02555000000001,False,0,297.0
KURHANI,KHI,Bihar,,25.979631,85.339288,False,0,711.0
KHAJRAHA,KHJ,Uttar Pradesh,,25.304157999999997,78.478365,False,0,1205.0
KHANJA HALT,KHJA,Uttar Pradesh,,26.088482,82.744969,False,0,1205.0
KHERA KALAN,KHKN,NCT,,28.769717999999997,77.115838,False,0,18.0
KHOTKHOTI,KHKT,Assam,NFR,25.952482999999997,93.754761,False,0,278.0
KETOHALLI,KHLL,Karnataka,SWR,12.758926,77.335544,False,0,416.0
KUSMHI,KHM,Uttar Pradesh,,26.72824,83.453837,True,2,1205.0
Khatima,KHMA,Uttarakhand,NER,28.915441,79.969431,True,2,46.0
KHEMPUR,KHMP,,,,,False,0,
KHANYAN,KHN,West Bengal,,23.046222,88.314472,False,1,713.0
Kunda Harnamganj,KHNM,Uttar Pradesh,NR,25.714175,81.509547,True,14,1205.0
Khanapur Deccan,KHNP,Karnataka,SCR,17.942175,77.382161,False,0,416.0
KACHNARA,KHNR,Madhya Pradesh,,23.808778,75.101024,False,0,614.0
KHOH,KHOH,Uttar Pradesh,NCR,25.209491000000003,80.979976,False,0,1205.0
KHALIPALI,KHPL,Odisha,,20.950218,83.536231,False,0,235.0
KHARIK,KHQ,Bihar,,25.388883,87.014958,False,0,711.0
Khairee Halt,KHR,Madhya Pradesh,,22.343556,79.860374,False,0,614.0
Khachera,KHRA,Rajasthan,NWR,27.530759925,75.6489122412,False,0,645.0
Kharkhari,KHRI,Jharkhand,SER,23.760124,86.234894,False,0,270.0
KUMBHRAJ,KHRJ,Madhya Pradesh,,24.363097,77.079574,True,8,614.0
Kharak,KHRK,Haryana,NWR,28.83755,76.308694,True,2,201.0
KHARESHWAR ROAD,KHRS,Gujarat,WR,23.0627851439,71.9804719385,True,2,633.0
KHAIRAHI,KHRY,Uttar Pradesh,NCR,24.8020366077,82.9857744763,False,0,1205.0
KHARSIA,KHS,Chhattisgarh,,21.99178,83.102414,True,20,162.0
KHERA SANDHAN HALT,KHSN,Uttar Pradesh,,27.240587,77.72704800000001,False,0,1205.0
KASHANATTI,KHST,Karnataka,,15.4642781905,74.8295941504,False,0,416.0
SRI KALAHASTI,KHT,Andhra Pradesh,,13.7463618318,79.6830412451,True,30,574.0
KHATGAON,KHTG,Maharashtra,,21.26417,73.992081,True,5,754.0
Khutauna,KHTN,Bihar,ECR,26.494365,86.397414,False,0,711.0
Khatu,KHTU,Rajasthan,NWR,27.116118,74.331631,True,2,645.0
KHED TEMPLE HALT,KHTX,Rajasthan,NWR,25.886234,72.109226,False,0,645.0
KHURHAND,KHU,Uttar Pradesh,NCR,25.352584,80.49498,True,7,1205.0
KARAINTHI,KHV,Haryana,NR,29.0138203113,76.4817815491,False,0,201.0
KHERODA,KHW,Rajasthan,,24.570580999999997,74.06853600000001,False,0,645.0
KHAKHRECHI,KHXB,Gujarat,,23.056445,70.90346000000001,False,0,633.0
KONDAPALLI,KI,Andhra Pradesh,SCR,16.623242,80.54669299999999,True,6,574.0
KHARI AMRAPUR,KIA,Gujarat,WR,23.390711,72.913948,False,0,633.0
KYATSANDRA,KIAT,Karnataka,SWR,13.3161963923,77.1481127075,True,2,416.0
KHAIRAR JN,KID,Uttar Pradesh,NCR,25.451955,80.236073,True,4,1205.0
Khiria Khurd,KIE,Uttar Pradesh,NER,27.9844589,79.8862252,False,0,1205.0
Kuri,KIF,Kerala,,9.035098526,76.8173945569,True,2,183.0
KOLAGHAT GOODS,KIG,West Bengal,,22.435189,87.88087399999999,False,0,713.0
KILLE,KII,Tamil Nadu,SR,11.43755,79.722552,False,0,557.0
Kuldiha,KIJ,Orissa,SER,22.3331028,86.27664089999999,False,0,65.0
Karaikal,KIK,Pondicherry,,10.925606,79.839712,True,6,1.0
KURWAI KETHORA,KIKA,Madhya Pradesh,,24.117852,78.11497800000001,False,1,614.0
KANDIVLI,KILE,Maharashtra,WR,19.204551,72.852098,False,0,754.0
KIM,KIM,Gujarat,,21.399697,72.926702,True,16,633.0
Kapasan,KIN,Rajasthan,NWR,24.86221,74.312762,True,9,645.0
KHALILPUR,KIP,Haryana,NR,28.274856,76.67836199999999,False,1,201.0
Khai Phemeki,KIQ,Punjab,NR,30.901617,74.55121799999999,False,0,297.0
KATIHAR JN,KIR,Bihar,,25.548947,87.566409,True,75,711.0
KATIHAR CBO MB,KIRB,Bihar,,25.552735,87.578873,False,0,711.0
KHIDIRPUR,KIRP,West Bengal,,22.5357,88.315889,False,0,713.0
KAPILAS ROAD,KIS,Odisha,,20.558554,85.993925,True,2,235.0
KALISEN,KISN,West Bengal,,23.1816003962,87.1624991003,False,0,713.0
KHALLIKOT,KIT,Odisha,,19.611205,85.128091,True,14,235.0
KITA,KITA,West Bengal,,23.3648848028,85.76424803159999,False,0,713.0
KHIRI TOWN,KITN,Uttar Pradesh,NER,27.902944,80.788481,False,0,1205.0
KINANA,KIU,Haryana,NR,29.227482,76.336659,False,0,201.0
KIUL JN,KIUL,Bihar,,25.171504,86.106198,True,134,711.0
KAIALSA,KIV,Uttar Pradesh,,28.8802519228,78.5605679086,True,2,1205.0
KANWALPURA,KIW,Rajasthan,,24.788625,75.98301000000001,False,1,645.0
Kalayat,KIY,Haryana,NR,29.6794838001,76.2281810498,False,0,201.0
KANSUDHI,KIZ,Gujarat,,22.789343,73.64823,False,0,633.0
KAJGAON,KJ,Maharashtra,,20.573753,75.140405,True,2,754.0
KHAJURHAT,KJA,Uttar Pradesh,NR,26.525308,82.126813,False,0,1205.0
Kasganj City,KJC,Uttar Pradesh,NER,27.814972,78.658063,False,0,1205.0
KARAJGI,KJG,Karnataka,SWR,14.851426,75.407636,True,4,416.0
Khanalampura Gy,KJGY,Uttar Pradesh,,29.929193,77.58350800000001,False,0,1205.0
KAJRA,KJH,Bihar,,25.182766,86.261571,True,26,711.0
KHAJAULI,KJI,Bihar,,26.4839415697,86.1614216113,True,6,711.0
KODAVALURU,KJJ,Andhra Pradesh,,14.564331,79.99490800000001,True,2,574.0
KANJIKODE,KJKD,Kerala,,10.800919,76.75531600000001,False,0,183.0
KHUMGAON BURTI,KJL,Maharashtra,,20.866943,76.401107,False,0,754.0
KHARI JHALU,KJLU,Uttar Pradesh,NR,29.331864,78.21890400000001,False,0,1205.0
KRISHNARAJAPURAM,KJM,Karnataka,,13.000534,77.674016,True,81,416.0
KAJORAGRAM,KJME,West Bengal,ER,23.615327,87.18466500000001,False,0,713.0
KANJUR MARG,KJMG,Maharashtra,,19.128181,72.928041,False,0,754.0
KANNAUJ,KJN,Uttar Pradesh,,27.026507,79.926109,True,22,1205.0
KANNAUJ CITY,KJNC,Uttar Pradesh,,27.039814,79.909983,False,0,1205.0
Khojeepura,KJP,Madhya Pradesh,NCR,25.918097,76.851134,False,0,614.0
Kurinjipadi,KJPD,Tamil Nadu,SR,11.572583,79.595999,False,0,557.0
Kalajhari,KJR,Odisha,,20.369711,85.838015,False,0,235.0
Krishnarajasagar,KJS,Karnataka,SWR,12.401426,76.56702899999999,False,0,416.0
KARJAT,KJT,Maharashtra,,18.911157999999997,73.320691,True,71,754.0
KAJGAON TERHWAN,KJTW,Uttar Pradesh,NR,25.685669,82.70545000000001,False,0,1205.0
KUNTIGHAT,KJU,West Bengal,ER,23.016799,88.413149,True,2,713.0
Khijadiya Junction,KJV,Gujarat,WR,21.740875,71.275556,False,0,633.0
KHAJWANA,KJW,Rajasthan,,26.923262,73.861764,True,2,645.0
Khurja City,KJY,Uttar Pradesh,NR,28.252454,77.84116100000001,True,3,1205.0
KARONJI,KJZ,Chhattisgarh,SECR,23.282475,82.923013,True,4,162.0
KHADKI,KK,Maharashtra,,18.56301,73.840513,True,17,754.0
KANKI,KKA,West Bengal,,26.003233,87.864524,True,2,713.0
Kaikala,KKAE,West Bengal,ER,22.83998676,88.09337895,False,0,713.0
KANKAHA,KKAH,Uttar Pradesh,,26.618868,81.007582,True,4,1205.0
KARAK BEL,KKB,Madhya Pradesh,WCR,22.992315,79.34125900000001,True,2,614.0
Kalkund,KKD,Madhya Pradesh,WR,22.47801,75.85927000000001,True,4,614.0
KURUKSHETRA JN,KKDE,Haryana,,29.96944,76.852795,True,49,201.0
Karaikkudi Junction,KKDI,Tamil Nadu,SR,10.068518,78.79331499999999,True,16,557.0
KAMRUP KHETRI,KKET,Assam,NFR,26.1271784614,92.0818766718,True,2,278.0
KANKARIA,KKF,Gujarat,,23.008817,72.607102,False,0,633.0
KEKATUMAR,KKG,Maharashtra,SCR,20.012339,77.10081100000001,False,0,754.0
KAKIRIGUMMA,KKGM,Odisha,,18.923382,83.007309,True,2,235.0
Kalkalighat,KKGT,Assam,NFR,24.5804202061,92.2952717633,False,0,278.0
KAKARGHATTI,KKHT,Bihar,,26.183484,85.94826499999999,True,4,711.0
KARKELI,KKI,Madhya Pradesh,,23.460957,80.919056,True,11,614.0
KAKORI,KKJ,Uttar Pradesh,,26.885454000000003,80.79835,True,4,1205.0
Khakharia,KKK,Gujarat,WR,21.653052,70.932064,False,0,633.0
KALA BAKRA,KKL,Punjab,NR,31.4751812122,75.63034779659999,False,0,297.0
KAIKOLUR,KKLR,Andhra Pradesh,SCR,16.551026,81.21831599999999,True,25,574.0
Kaklur,KKLU,Chhattisgarh,ECoR,18.883305,81.619792,True,2,162.0
KAMALAPURAM,KKM,Andhra Pradesh,,14.591762,78.666113,True,12,574.0
KASTLA KASAMBAD,KKMB,Uttar Pradesh,,28.7210709953,77.7102953784,False,0,1205.0
KHIRKIYA,KKN,Madhya Pradesh,WCR,22.166444,76.85944699999999,True,15,614.0
Khunkhuna,KKNA,Rajasthan,NWR,27.277761,74.49286000000001,False,0,645.0
Karukhirharnagar Halt,KKNH,Bihar,ECR,25.891166,86.61649100000001,False,0,711.0
KOT KAPURA,KKP,Punjab,NR,30.578496,74.818173,True,14,297.0
KALLAKKUDI PLGH,KKPM,Tamil Nadu,,10.966119,78.948759,True,2,557.0
KOKPARA,KKPR,Jharkhand,,22.474065,86.642797,False,0,270.0
KALAIKUNDA,KKQ,West Bengal,,22.32945442,87.24399951,False,0,713.0
KHAKHRALA ROAD,KKR,Gujarat,,22.897133,70.722232,False,0,633.0
KIKAKUI ROAD,KKRD,Gujarat,,21.12908,73.481234,True,5,633.0
KARAHIA,KKRH,Uttar Pradesh,,25.471614,83.771397,False,0,1205.0
Kakrala,KKRL,Punjab,NR,30.367614999999997,76.074534,False,0,297.0
KAIKORAM,KKRM,Andhra Pradesh,,16.815341,81.36421899999999,True,3,574.0
KURASTI KALAN,KKS,Uttar Pradesh,,25.955085,80.752455,False,0,1205.0
Kath Kuiyan,KKT,Uttar Pradesh,,26.8568018382,84.0478709076,False,0,1205.0
Kollikhutaha,KKTA,Bihar,ER,25.18966,86.987831,True,2,711.0
KUTTAKUDI,KKTI,Tamil Nadu,,11.591907,79.154962,False,0,557.0
KANAKPURA,KKU,Rajasthan,,26.92883,75.702559,True,10,645.0
Kunkavav Junction,KKV,Gujarat,WR,21.653448,70.975052,False,0,633.0
KANKAVALI,KKW,Maharashtra,KR,16.2587773,73.71987089999999,True,24,754.0
Kottarakara,KKZ,Kerala,SR,9.000279,76.765986,True,2,183.0
KHERLI,KL,Rajasthan,,27.2002567722,77.0364244739,True,12,645.0
KULWA,KLA,Uttar Pradesh,,27.982509,78.007062,False,1,1205.0
KALANAD HALT,KLAD,Kerala,SR,12.467679,74.998515,False,0,183.0
KULPAHAR,KLAR,Uttar Pradesh,NCR,25.29552,79.63751,True,11,1205.0
Khelpatta,KLAT,Maharashtra,,21.274489000000003,77.872524,False,0,754.0
KIRAOLI,KLB,Uttar Pradesh,NCR,27.133898,77.78581199999999,True,6,1205.0
KALAMBHA,KLBA,Maharashtra,,21.344635,78.558413,False,0,754.0
Katlicherra,KLCR,Assam,?,24.453018,92.547042,False,0,278.0
KHALILABAD,KLD,Uttar Pradesh,,26.77453,83.055073,True,56,1205.0
KALDHARI,KLDI,Andhra Pradesh,SCR,16.837853,81.678046,True,4,574.0
Kaithal,KLE,Haryana,NR,29.792735,76.397796,True,2,201.0
KALUNGA,KLG,Odisha,,22.222144,84.73367300000001,True,6,235.0
KOLLENGODE,KLGD,Kerala,,10.626984,76.697715,False,0,183.0
KALLAGAM,KLGM,Tamil Nadu,,11.0256145326,79.00542629819999,False,0,557.0
KHALAIGRAM,KLGR,West Bengal,,26.550420000000003,89.052194,False,0,713.0
Khemli,KLH,Rajasthan,NWR,24.690834,73.84238599999999,True,2,645.0
KOLHADI,KLHD,Maharashtra,,20.900243,76.058938,False,0,754.0
Kauli,KLI,Punjab,NR,30.418387999999997,76.51987899999999,False,0,297.0
KAMALGANJ,KLJ,Uttar Pradesh,,27.292663,79.620832,True,2,1205.0
KALIJAI,KLJI,Odisha,,19.647604,85.151414,False,0,235.0
Kalka,KLK,Haryana,NR,30.837667,76.931759,True,27,201.0
Kalladaka,KLKH,Karnataka,,12.845834,75.05984199999999,False,0,416.0
Kalikapur,KLKR,West Bengal,ER,22.412606,88.47502999999999,False,0,713.0
KALOL JN,KLL,Gujarat,WR,23.244576,72.50363,True,8,633.0
Kalol Jn,KLLF,Gujarat,,23.244426,72.50348000000001,False,0,633.0
KADLIMATTI,KLM,Karnataka,SWR,16.236489,75.796092,False,0,416.0
KALAMBOLI,KLMC,Maharashtra,CR,19.035625,73.11480900000001,False,0,754.0
Kollumangudi,KLMD,Tamil Nadu,,10.980702,79.65593299999999,False,0,557.0
KALAMBOLI GOODS,KLMG,Maharashtra,CR,19.035116,73.11494900000001,True,4,754.0
Kalhe Majra,KLMJ,Punjab,,30.3358409881,76.21149321899999,False,0,297.0
KALAMASSERY,KLMR,Kerala,,10.061818,76.32695600000001,False,0,183.0
KOLHANA HALT,KLNA,Bihar,?,24.810754,85.188728,False,0,711.0
Kullanchavadi,KLNC,Tamil Nadu,,11.628136,79.667563,False,0,557.0
Kalanaur Kalan,KLNK,Haryana,NWR,28.8349236,76.389612,True,4,201.0
Kalinarayanpur,KLNP,West Bengal,ER,23.206506,88.573216,True,3,713.0
KALINAGAR,KLNT,West Bengal,,23.365861,88.335819,False,0,713.0
Kelod,KLOD,Maharashtra,SECR,21.470222,78.891017,True,4,754.0
KOTALPUKUR,KLP,West Bengal,,24.741141,87.823724,True,4,713.0
KAMALPURGRAM,KLPG,Chhattisgarh,SECR,23.166227,83.080298,True,4,162.0
KAILASAPURAM,KLPM,Tamil Nadu,SR,8.847387005,77.9946102,True,2,557.0
Kilikollur,KLQ,Kerala,SR,8.9182952655,76.6327939999,True,2,183.0
KALI ROAD,KLRD,Gujarat,WR,23.097473,72.57787300000001,False,0,633.0
KHALARI,KLRE,Jharkhand,,23.651055,85.001627,True,13,270.0
KOLARAS,KLRS,Madhya Pradesh,WCR,25.224926,77.590411,True,5,614.0
KOLATUR,KLS,Tamil Nadu,,10.700678,78.547696,False,0,557.0
Kushal Pura,KLSP,Haryana,,28.484266,75.764732,False,0,201.0
Kaulseri,KLSX,Punjab,NR,30.369503,75.941435,False,0,297.0
KULITALAI,KLT,Tamil Nadu,SR,10.932727,78.42089299999999,True,6,557.0
KALMITAR,KLTR,Chhattisgarh,,22.2342458973,82.0576347339,True,8,162.0
KALLURU,KLU,Andhra Pradesh,,14.924474,77.581419,True,10,574.0
KELVA ROAD,KLV,Maharashtra,WR,19.624601,72.79082100000001,True,5,754.0
KALVA,KLVA,Maharashtra,,19.196049,72.997651,False,0,754.0
KALAVAD,KLVD,Gujarat,,21.8996981538,69.8083238586,False,0,633.0
Kolvihir,KLVR,Maharashtra,,21.26585,77.854259,False,0,754.0
Kalwan Halt,KLW,West Bengal,ER,22.076525,88.256019,False,0,713.0
KILANWALI PUNJAB,KLWL,Punjab,NR,30.137221,74.11242,False,0,297.0
KALWAN,KLWN,Haryana,NR,29.701333,75.952638,False,0,201.0
KOLAKALUR,KLX,Andhra Pradesh,,16.295185999999998,80.627521,True,2,574.0
Kallur Yedahli,KLYH,Karnataka,SWR,12.421124,76.497258,False,0,416.0
Kolayat,KLYT,Rajasthan,NWR,27.835319,72.95507400000001,True,2,645.0
Keolari,KLZ,Madhya Pradesh,SECR,22.374838,79.90885,True,2,614.0
KALEEM,KM,Goa,SWR,15.293341,74.18884299999999,False,0,21.0
KAIMA,KMA,Madhya Pradesh,WCR,24.611085,80.845912,True,2,614.0
KHAMARGACHHI,KMAE,West Bengal,ER,23.054229,88.44421,True,2,713.0
KAMATHE,KMAH,Maharashtra,KR,17.477292,73.515552,True,4,754.0
Kalv Amba,KMB,Gujarat,WR,,,False,0,633.0
KHAMBHALIYA,KMBL,Gujarat,WR,22.217513,69.657344,True,30,633.0
KAMAREDDI,KMC,Andhra Pradesh,SCR,18.32586,78.335858,True,32,574.0
KODUMUDI,KMD,Tamil Nadu,SR,11.076073,77.885771,True,8,557.0
KARIMUDDIN PUR,KMDR,Uttar Pradesh,NER,25.700369,83.860581,False,1,1205.0
Kumar Maranga,KMEZ,Chhattisgarh,,19.038845,81.94987,True,2,162.0
KUMAHU,KMGE,Bihar,,24.976944,83.946305,False,0,711.0
KAMARGANJ,KMGH,Bihar,,25.2369518098,86.6457233716,False,0,711.0
KALAMALIA,KMH,Andhra Pradesh,,14.667107,78.470174,True,2,574.0
KARMAHAT,KMHT,Jharkhand,,23.7126960868,85.5410748871,False,0,270.0
KUMHARI,KMI,Chhattisgarh,,21.243782,81.516054,True,4,162.0
KAIMGANJ,KMJ,Uttar Pradesh,,27.5409770085,79.3272155493,True,2,1205.0
KOMAKHAN,KMK,Chhattisgarh,,20.979703,82.45769200000001,True,2,162.0
KHAMKHED,KMKD,Maharashtra,,20.904161,76.122339,False,0,754.0
KAMTAUL,KML,Bihar,,26.337348,85.808624,True,10,711.0
KAMLI,KMLI,Gujarat,WR,23.863182,72.375949,True,2,633.0
Kelamangalam,KMLM,Tamil Nadu,SWR,12.6162,77.865703,False,0,557.0
KOMMARAPUDI,KMLP,Andhra Pradesh,,14.257777,79.893501,False,0,574.0
Kamalur,KMLR,Chhattisgarh,ECoR,18.854521,81.276887,True,2,162.0
KANNAMANGALAM,KMM,Tamil Nadu,,12.7535474053,79.1611348285,False,0,557.0
Kirmiti Mendha,KMMD,Maharashtra,,20.593933,79.774173,False,0,754.0
KUMARDUBI,KMME,West Bengal,,23.747453,86.794065,True,14,713.0
KUCHAMAN CITY,KMNC,Rajasthan,,27.0535465396,74.8514568066,True,24,645.0
KUMENDI,KMND,Jharkhand,,23.766868,84.352452,False,0,270.0
KHAMANON,KMNN,Punjab,,30.775754,76.48869499999999,False,0,297.0
Kishan Manpura,KMNP,Rajasthan,NWR,27.299546000000003,75.504945,False,0,645.0
Kamalnagar,KMNR,Karnataka,SCR,18.240644,77.178835,True,6,416.0
KAMLAPUR,KMP,Uttar Pradesh,NER,27.378437,80.822278,False,0,1205.0
KAMALPUR HALT,KMPH,Bihar,,25.5183120087,87.8374616345,False,0,711.0
Kumara Patnam Bg Sdg,KMPS,Karnataka,,14.527464,75.780127,False,0,416.0
KOMATIPALLI,KMPT,Telangana,,18.023547297,79.5158922174,False,0,150.0
KUMBLA,KMQ,Kerala,SR,12.590263,74.943503,True,8,183.0
KOMALI,KMQA,Andhra Pradesh,,14.936387,77.927597,True,2,574.0
KALAMB ROAD,KMRD,Maharashtra,CR,18.371892000000003,76.04934,True,2,754.0
KUMARGANJ,KMRJ,West Bengal,,25.218816,88.065592,False,0,713.0
KARAMNASA,KMS,Uttar Pradesh,,25.239738,83.430892,True,9,1205.0
Kumar Sadra,KMSD,Chhattisgarh,ECoR,18.912986,81.671506,True,2,162.0
Kumsi,KMSI,Karnataka,,14.051954,75.402042,True,2,416.0
KAMSHET,KMST,Maharashtra,,18.766938,73.552352,True,6,754.0
KHAMMAM,KMT,Andhra Pradesh,SCR,17.249347,80.138491,True,86,574.0
Kumarhatti,KMTI,Himachal Pradesh,NR,30.889186,77.05598099999999,True,5,55.0
KUMBAKONAM,KMU,Tamil Nadu,SR,10.952962,79.388644,True,24,557.0
KARMAD,KMV,Maharashtra,SCR,19.8726636031,75.5378981451,True,6,754.0
KOMATIPALLI,KMX,Andhra Pradesh,,18.381027,83.34104699999999,True,4,574.0
KATNI MURWARA,KMZ,Madhya Pradesh,,23.8343563,80.4014844,True,35,614.0
Kankra Mirzanagar,KMZA,West Bengal,ER,22.658005,88.721428,False,0,713.0
KADALUNDI,KN,Kerala,SR,11.133481,75.82803299999999,True,2,183.0
Kanad,KNAD,Gujarat,WR,21.649251036200003,71.9263402661,False,0,633.0
KHANPUR AHIR,KNAR,Rajasthan,NWR,27.911754,76.589847,False,0,645.0
KANIYAMBADI,KNB,Tamil Nadu,,12.8093167947,79.12441763240001,False,0,557.0
Kanaibazar,KNBR,Assam,NFR,24.63874,92.326722,False,0,278.0
KANCHANPUR ROAD,KNC,Madhya Pradesh,WCR,24.065548000000003,81.660307,False,0,614.0
KANDRA,KND,Jharkhand,,22.852966,86.047863,True,11,270.0
KANDRORI,KNDI,Himachal Pradesh,NR,32.184403,75.668807,False,1,55.0
Khandel,KNDL,Rajasthan,NWR,26.9529472159,75.2798777728,False,0,645.0
KHANDIP,KNDP,Rajasthan,WCR,26.641031,76.911821,True,2,645.0
Kandari,KNDR,Gujarat,WR,,,False,0,633.0
KNDV,KNDV,,,,,False,0,
KISHANGANJ,KNE,West Bengal,,26.097746,87.949657,True,117,713.0
Khanudih,KNF,Jharkhand,SER,23.820217999999997,86.19215700000001,False,0,270.0
Kathunangal,KNG,Punjab,NR,31.7287,75.015194,False,0,297.0
Kangam,KNGM,Gujarat,WR,,,False,0,633.0
KANHEGAON,KNGN,Maharashtra,,19.8172996303,74.57128710079999,True,6,754.0
Kashinagar Halt,KNGR,Orissa,ECoR,18.8568644473,83.87569620789999,False,0,65.0
KARNAWAS,KNGT,Haryana,NWR,28.130539,76.590073,False,0,201.0
Konch,KNH,Uttar Pradesh,NCR,25.99510551,79.15770702,False,0,1205.0
KANHE,KNHE,Maharashtra,,18.762352,73.59401600000001,False,0,754.0
KANTHAN JN,KNHN,Maharashtra,,21.225502,79.238908,True,2,754.0
KANHAIPUR,KNHP,Bihar,,25.45827,85.838512,True,4,711.0
Krishnanagar City Junction,KNJ,West Bengal,ER,23.388714,88.493636,True,10,713.0
Karanjali,KNJI,West Bengal,,22.0353,88.245999,False,0,713.0
KANNJARA HALT,KNJJ,Maharashtra,,19.6039649812,77.2102291101,False,0,754.0
Kankanadi,KNKD,Karnataka,,12.866703,74.88113670000001,False,0,416.0
KONDIKOPPA,KNKP,Karnataka,,15.431088,75.469303,False,0,416.0
KANAKOT,KNKT,Gujarat,WR,22.488122,70.876238,True,3,633.0
Kalanwali,KNL,Haryana,NWR,29.835057,74.97985,True,4,201.0
Kanale,KNLE,Karnataka,,14.2250994053,74.9593667969,False,0,416.0
KANAMALO PALLE,KNLP,Andhra Pradesh,,14.428769,78.925335,True,2,574.0
KANALAS JN,KNLS,Gujarat,WR,22.319955,69.896549,True,6,633.0
KANIMAHULI,KNM,Jharkhand,,22.482202,86.77839399999999,False,0,270.0
KHANNA,KNN,Punjab,,30.707973,76.22513400000001,True,31,297.0
Khinaniyan,KNNA,Haryana,NWR,29.345637263205944,74.7179570607841,False,0,201.0
Kanina Khas,KNNK,Haryana,NWR,28.321249,76.300375,False,0,201.0
KUNNATHUR,KNNT,Tamil Nadu,,12.360518,78.49737599999999,False,0,557.0
KUNDGOL,KNO,Karnataka,SWR,15.258352,75.250168,True,2,416.0
KHANAPUR,KNP,Karnataka,SWR,15.6379344079,74.49975681459999,True,6,416.0
Kandanur Puduvayal,KNPL,Tamil Nadu,SR,10.1057667,78.8384415,False,0,557.0
KENDRAPARA ROAD,KNPR,Odisha,,20.498481,85.917437,False,1,235.0
Kendposi,KNPS,Jharkhand,SER,22.294845,85.73248199999999,True,2,270.0
KANKINARA,KNR,West Bengal,,22.86517,88.40450100000001,False,0,713.0
KACHNARIA,KNRA,Madhya Pradesh,,23.883958,76.878726,False,0,614.0
KANHARGAON NAKA,KNRG,Maharashtra,SCR,19.9439708108,77.1462260938,False,0,754.0
KUNURI,KNRI,West Bengal,,23.9163057543,87.6115177704,False,0,713.0
KANAROAN,KNRN,Odisha,,22.600484,84.877026,False,0,235.0
KUNERU,KNRT,Andhra Pradesh,,18.966946,83.440724,True,4,574.0
KANCHAUSI,KNS,Uttar Pradesh,,26.59792371,79.6354260596,False,0,1205.0
KARNA SUBARNA,KNSN,West Bengal,ER,24.035537,88.176458,False,0,713.0
KANASAR,KNSR,Rajasthan,NWR,28.145913,73.324726,True,4,645.0
KANTH,KNT,Uttar Pradesh,,29.059768,78.621471,True,8,1205.0
Kanjh,KNU,Gujarat,,23.2982849059,72.1484284265,False,0,633.0
Kanivehalli,KNVH,Karnataka,,13.3271211991,75.8986612061,False,0,416.0
KINWAT,KNVT,Maharashtra,SCR,19.618502,78.20243500000001,True,10,754.0
KHANDWA,KNW,Madhya Pradesh,CR,21.823596,76.353227,True,124,614.0
Khandwa Jn,KNWF,Madhya Pradesh,,21.823905999999997,76.353537,False,0,614.0
KARANWAS,KNWS,Madhya Pradesh,,23.80408,76.808926,False,0,614.0
Kaniuru Halt,KNYR,Karnataka,SWR,12.717207,75.365526,False,0,416.0
KALANOUR,KNZ,Haryana,,30.082428,77.341227,False,0,201.0
KOSGI,KO,Andhra Pradesh,,15.847872,77.23640800000001,True,6,574.0
KARONDA,KOA,Madhya Pradesh,,24.330273,78.265477,False,0,614.0
KOLKATA CHITPUR,KOAA,West Bengal,,22.601175,88.385179,True,63,713.0
KODI,KODI,Maharashtra,SCR,19.710119,76.00525300000001,True,6,754.0
KODUMUNDA,KODN,Kerala,SR,10.8169305129,76.1428790756,False,0,183.0
Kodinar,KODR,Gujarat,WR,20.797371,70.695807,False,0,633.0
Marwar Kori,KOF,Rajasthan,NWR,24.9119408017,72.2738395703,False,0,645.0
KONNAGAR,KOG,West Bengal,,22.6994528322,88.34183442140001,False,0,713.0
KOHLI,KOHL,Maharashtra,,21.273749,78.807616,False,0,754.0
Kohir Deccan,KOHR,Andhra Pradesh,SCR,17.608886,77.71197699999999,True,2,574.0
KHODRI,KOI,Madhya Pradesh,,22.665094,81.93569600000001,True,8,614.0
KOKRAJHAR,KOJ,Assam,,26.405057,90.274125,True,53,278.0
KORUKKUPET JN,KOK,Tamil Nadu,,13.120489801700002,80.27837727340001,False,1,557.0
KOKA,KOKA,Maharashtra,,21.263021,79.71240900000001,False,0,754.0
KOLAD,KOL,Maharashtra,KR,18.392294,73.223871,True,4,754.0
KOTLA,KOLA,Telangana,,15.8120341064,78.03755196290001,False,0,150.0
KOLE,KOLE,Jharkhand,,23.695961,85.104901,False,0,270.0
KESHOLI,KOLI,Rajasthan,WCR,24.727194,76.790369,False,0,645.0
KOLNUR,KOLR,Telangana,,18.496319274500003,79.4199093701,True,2,150.0
Kodikkalpalaiym,KOM,Tamil Nadu,,10.786311,79.64869900000001,False,0,557.0
KUDALNAGAR,KON,Tamil Nadu,,9.944876,78.108666,True,2,557.0
KONNUR,KONN,Telangana,,16.424621000000002,77.884404,False,1,150.0
KISONI,KONY,Madhya Pradesh,,23.301733,76.371773,True,5,614.0
KHUSROPUR,KOO,Bihar,,25.484893,85.387309,True,38,711.0
C SHAHU M RAJ KOLHAPUR TERM,KOP,Maharashtra,CR,16.70257,74.237695,True,27,754.0
KOPAR ROAD,KOPR,Maharashtra,,19.211345,73.077841,False,0,754.0
KUTHUR,KOQ,Tamil Nadu,SR,10.755434,79.718883,False,0,557.0
Kora,KORA,Gujarat,WR,26.1148216,87.4472844,False,0,633.0
Khori,KORI,Haryana,NWR,28.187268,76.498091,False,0,201.0
Kural,KORL,Gujarat,WR,,,False,0,633.0
KOTA JN,KOTA,Rajasthan,,25.223553,75.8805,True,161,645.0
Koti,KOTI,Himachal Pradesh,NR,30.852821,76.994519,True,2,55.0
KORATTUR,KOTR,Tamil Nadu,,13.113345,80.184062,False,0,557.0
KOTTUR,KOTT,Telangana,,17.149739999999998,78.28622100000001,False,1,150.0
KODURU,KOU,Andhra Pradesh,,13.948578,79.345687,True,25,574.0
KIRLOSKARVADI,KOV,Maharashtra,CR,17.084152,74.41635799999999,True,11,754.0
KHOWANG,KOWN,Assam,,27.299563,94.895843,False,0,278.0
KACHUJOR,KOX,West Bengal,,23.8426777354,87.4650456,False,0,713.0
KHEROL,KOY,Gujarat,WR,23.310434,72.934133,False,0,633.0
KOSMA,KOZ,Uttar Pradesh,NCR,27.156663,78.837282,False,0,1205.0
KAMPTEE,KP,Maharashtra,,21.21172,79.197947,True,15,754.0
Kanchrapara,KPA,West Bengal,ER,22.946024,88.451231,True,4,713.0
Kanchrapara Workshop Gate,KPAW,West Bengal,,22.935794,88.445352,False,0,713.0
KHARPOKHRA,KPB,Bihar,ECR,27.1425658407,84.1526926862,False,0,711.0
KUWARCHINTAWA,KPCM,Bihar,,26.51743,84.942114,False,0,711.0
KATPADI JN,KPD,Tamil Nadu,,12.972734,79.13534100000001,True,177,557.0
Kapurdha Halt,KPDH,Madhya Pradesh,SECR,22.053903,79.304203,True,2,614.0
Kauwapur,KPE,Uttar Pradesh,NER,27.5158216097,82.2979015082,False,0,1205.0
KOPARGAON,KPG,Maharashtra,,19.902943,74.503328,True,69,754.0
KARPURIGRAM,KPGM,Bihar,,25.869802,85.72417800000001,True,8,711.0
KAMEPALLI,KPH,Andhra Pradesh,,16.5053044215,79.83223332029999,False,0,574.0
KALPI,KPI,Uttar Pradesh,,26.119339,79.755607,True,13,1205.0
KEREJANGA,KPJG,Odisha,,20.855813,84.97670600000001,False,0,235.0
KALIPAHARI,KPK,West Bengal,,23.6652,87.01593,True,5,713.0
Khapri Kheda,KPKD,Maharashtra,SECR,21.279557,79.11366699999999,True,6,754.0
QASIMPUR KHERI,KPKI,Uttar Pradesh,NR,29.18277,77.28593,False,0,1205.0
KANTAKAPALLE,KPL,Andhra Pradesh,,17.954718999999997,83.20820499999999,True,4,574.0
KAPALI ROAD,KPLD,Odisha,,21.040967,86.407911,False,0,235.0
KOPAI,KPLE,West Bengal,,23.759063,87.689548,True,2,713.0
KOTTA PANDILA PALLI,KPLL,Andhra Pradesh,,15.761413999999998,80.281949,True,2,574.0
KOPARLAHAR,KPLR,Himachal Pradesh,NR,32.05191,76.25044299999999,False,0,55.0
KUMARAPURAM,KPM,Tamil Nadu,,9.088507,77.833638,False,0,557.0
KUPPAM,KPN,Andhra Pradesh,,12.746834,78.339549,True,25,574.0
KAPAN,KPNA,Chhattisgarh,,22.026018,82.494827,True,4,162.0
KARANPURA,KPO,Rajasthan,,27.1230467855,76.7783649164,False,0,645.0
KALAPIPAL,KPP,Madhya Pradesh,,23.332775,76.834002,True,19,614.0
KARUPPUR,KPPR,Tamil Nadu,,11.724176,78.090379,False,0,557.0
KANNAPURAM,KPQ,Kerala,SR,11.984076,75.31381,True,18,183.0
KALYANPUR ROAD,KPRD,Bihar,,25.2755648864,86.5806353711,True,4,711.0
KOTAPAR ROAD,KPRR,Chhattisgarh,ECoR,19.041434,82.30895,True,4,162.0
KOPA SAMHOTA,KPS,Bihar,,25.851866,84.65281399999999,False,1,711.0
KANJIRAMITTAM,KPTM,Kerala,,9.862331,76.410949,False,0,183.0
KESHORAI PATAN,KPTN,Rajasthan,,25.324522,75.937733,True,12,645.0
KARANPUR ATO,KPTO,West Bengal,,25.136401449999997,87.7340281628,False,0,713.0
KRISHNAPURAM,KPU,Andhra Pradesh,,14.493468,78.776559,True,2,574.0
KASHIPUR,KPV,Uttarakhand,NER,29.204978,78.96071,True,14,46.0
KAIPADA ROAD,KPXR,Odisha,,20.10484,85.639666,False,0,235.0
KARUNAGAPALLI,KPY,Kerala,,9.065268,76.54402300000001,True,33,183.0
KAPREN,KPZ,Rajasthan,,25.444815,76.08649199999999,True,8,645.0
KONDAGUNTA,KQA,Andhra Pradesh,,14.080028,79.79392,True,2,574.0
KHAIRATABAD DCN,KQD,Andhra Pradesh,SCR,17.414221,78.46165,True,3,574.0
KALA AKHAR,KQE,Madhya Pradesh,,22.394549,77.818115,True,2,614.0
KALACHAND,KQI,Assam,NFR,25.339051,93.13312,False,0,278.0
KOTIKULAM,KQK,Kerala,SR,12.423507,75.024008,True,6,183.0
KANDHLA,KQL,Uttar Pradesh,NR,29.324701,77.293239,False,0,1205.0
KAMARKUNDU,KQLS,West Bengal,,22.820899,88.204309,False,0,713.0
KODAIKANAL ROAD,KQN,Tamil Nadu,,10.179613000000002,77.909593,True,27,557.0
KAUKUNTLA,KQQ,Telangana,,16.538962,77.850451,False,1,150.0
KODERMA,KQR,Jharkhand,,24.434741,85.52945799999999,True,63,270.0
Kailaras,KQS,Madhya Pradesh,NCR,26.3046614487,77.62065939360001,False,0,614.0
KURGUNTA,KQT,Karnataka,,17.191165,77.359574,True,8,416.0
KAMARKUNDU,KQU,West Bengal,,22.821631,88.205127,True,8,713.0
Kinkhed,KQV,Maharashtra,CR,20.6527592,77.4086683,False,0,754.0
KHEDULI,KQW,Rajasthan,,26.759393000000003,74.014573,True,2,645.0
KACHUJOR,KQX,West Bengal,,23.841224628400003,87.46277400209999,False,0,713.0
KHARIKATIA,KQY,Assam,NFR,26.615923,94.248092,False,0,278.0
Kolar,KQZ,Karnataka,,13.124594,78.13204400000001,False,0,416.0
Kevdi,KR,Gujarat,WR,,,False,0,633.0
Karepalli,KRA,Andhra Pradesh,SCR,17.511408000000003,80.27186499999999,True,6,574.0
KAHET,KRAI,Gujarat,,21.137196,73.294162,True,5,633.0
KORATTI ANGADI,KRAN,Kerala,,10.260123,76.355901,False,0,183.0
KHARIAR ROAD,KRAR,Chhattisgarh,,20.901385555799997,82.510513277,True,28,162.0
Korba,KRBA,Chhattisgarh,SECR,22.337584,82.71301299999999,True,7,162.0
Karaboh,KRBO,Madhya Pradesh,SECR,22.05458,79.26235799999999,True,2,614.0
KHUDIRAM B PUSA,KRBP,Bihar,,25.906434,85.672677,True,16,711.0
KERKHABARI,KRBR,Assam,,26.300344,90.625041,False,0,278.0
Kiroda,KRC,Rajasthan,NWR,26.991165,74.311248,False,0,645.0
KARACHIYA YARD,KRCA,Gujarat,,22.380046,73.132981,False,0,633.0
KHARWA CHANDA,KRCD,Rajasthan,NWR,24.417762999999997,73.794095,True,2,645.0
KARAD,KRD,Maharashtra,CR,17.310011,74.215686,True,34,754.0
Koradih,KRDH,Maharashtra,SECR,21.249152,79.10140100000001,True,5,754.0
Kirandul,KRDL,Chhattisgarh,ECoR,18.757486,81.25813099999999,True,2,162.0
KARTARPUR,KRE,Punjab,,31.432388,75.492544,True,16,297.0
KOREGAON,KRG,Maharashtra,CR,17.690976,74.147622,True,7,754.0
KURANGA,KRGA,Gujarat,WR,22.061244,69.171715,True,2,633.0
Kargaon Halt,KRGN,Maharashtra,,20.801363,79.41345000000001,False,0,754.0
KHAIRTHAL,KRH,Rajasthan,NWR,27.797324415,76.64170412169999,True,33,645.0
KORAHIA,KRHA,Bihar,,26.529839579999997,86.15361374000001,False,0,711.0
Kharar,KRHR,Punjab,NR,30.726293624427043,76.6360420268029,False,0,297.0
KHARAHAT,KRHT,Assam,,27.070551,94.749659,False,0,278.0
KHAPTI,KRI,Maharashtra,,21.049338,79.048839,False,0,754.0
KORAI HALT,KRIH,Odisha,,20.959417,86.17599399999999,True,2,235.0
KHURJA JN,KRJ,Uttar Pradesh,,28.206407,77.81903999999999,True,30,1205.0
Karanja,KRJA,Maharashtra,CR,20.491825750710376,77.48152183368802,False,0,754.0
KARJODA,KRJD,Gujarat,NWR,24.218469,72.45567100000001,True,2,633.0
Karanjali Halt,KRJN,West Bengal,ER,,,False,0,713.0
KARJARA,KRJR,Bihar,ECR,24.808297,85.151844,False,0,711.0
Karanja Town,KRJT,Maharashtra,CR,20.4863063,77.4916974,False,0,754.0
KARAKKAD,KRKD,Kerala,SR,10.782804,76.227856,False,0,183.0
Khara-Kameri,KRKM,Rajasthan,,25.427702,73.929025,False,0,645.0
Karkend,KRKN,West Bengal,SER,23.765615,86.369799,False,0,713.0
KYARKOP,KRKP,Karnataka,SWR,15.442249,74.96794799999999,False,0,416.0
KURKURA,KRKR,Odisha,,22.763217,84.931238,False,0,235.0
KOTARLIA,KRL,Chhattisgarh,,21.883182,83.482238,True,4,162.0
KURALI,KRLI,Punjab,,30.835005,76.57193000000001,True,2,297.0
KARAILA ROAD JN,KRLR,Madhya Pradesh,ECR,24.261080999999997,82.719311,True,6,614.0
KURLAS,KRLS,Madhya Pradesh,,24.354200582,75.7260090143,False,1,614.0
KARAMTOLA,KRMA,Jharkhand,,25.2554212612,87.5531429022,False,0,270.0
KARMABAD BH,KRMB,Jharkhand,,24.07875,85.973866,False,0,270.0
Kuarmunda,KRMD,Orissa,SER,22.286675,84.789851,False,0,65.0
Kumaramangalam,KRMG,Tamil Nadu,SR,10.696433,78.724107,False,0,557.0
KARMALI,KRMI,Goa,KR,15.4902129,73.9246644,True,18,21.0
Kumaripur Halt,KRMP,Bihar,,25.4375440848,87.6057220984,False,0,711.0
KHORASON ROAD,KRND,Uttar Pradesh,,26.089746,82.867173,True,16,1205.0
Kargaon Halt,KRNG,Maharashtra,,20.800933,79.41302,False,0,754.0
Karanahalli,KRNH,Karnataka,SWR,13.667160999999998,75.934385,False,0,416.0
KRISHNAI,KRNI,Assam,NFR,26.070884,90.682568,False,0,278.0
Karnauti Halt,KRNN,Bihar,,25.3962915654,85.54704889770001,False,0,711.0
Krishnarajanagara,KRNR,Karnataka,SWR,12.4454105,76.38862689999999,True,12,416.0
KURNOOL TOWN,KRNT,Telangana,,15.833715,78.032655,True,50,150.0
KONANUR,KRNU,Karnataka,SWR,12.025334,76.809835,False,0,416.0
KURAWAN,KRO,Madhya Pradesh,WCR,22.191568,76.888706,False,0,614.0
Karona Halt,KRON,Bihar,?,25.2633965378,85.00541057619999,False,0,711.0
Krishnapur,KRP,West Bengal,ER,24.406331,88.25613200000001,True,4,713.0
KHARIAPIPRA HALT,KRPA,Bihar,,25.242819,86.626717,False,0,711.0
KORAPUT B CABIN B.H.,KRPB,Odisha,,18.797786,82.72400599999999,False,0,235.0
KHARIA-PIPRA HALT,KRPC,Odisha,,18.807373,82.724227,False,0,235.0
KURUPPANTHARA,KRPP,Kerala,,9.734535,76.51060899999999,False,0,183.0
KAREPUR,KRPR,Maharashtra,SCR,18.589152,76.681135,True,4,754.0
KORAPUT,KRPU,Odisha,,18.79219,82.719436,True,10,235.0
KARARI,KRQ,Uttar Pradesh,,25.530800000000003,78.509084,False,0,1205.0
KARUR,KRR,Tamil Nadu,SR,10.965642,78.085087,True,50,557.0
KARRA,KRRA,Jharkhand,,23.1219323537,85.1327416565,False,0,270.0
Kharuara Halt,KRRH,Bihar,,25.4317780874,85.54376733149999,False,0,711.0
Khairranji,KRRI,Madhya Pradesh,,22.419012,80.03937900000001,False,0,614.0
KARISATH,KRS,Bihar,,25.549488,84.563141,True,6,711.0
KHARSALIYA,KRSA,Gujarat,,22.7050879399,73.55448093439999,True,2,633.0
KARAMGARH SDRGH,KRSH,Punjab,,30.213009,74.748627,False,1,297.0
Krishnashilla,KRSL,Uttar Pradesh,ECR,24.1550254,82.7684964,True,4,1205.0
Kohar Singhwala,KRSW,Punjab,NR,30.76024,74.44582399999999,False,0,297.0
KHURAHAT,KRT,Uttar Pradesh,,25.984989,83.455442,False,0,1205.0
KARKATA,KRTA,Jharkhand,,24.296038000000003,83.837652,False,0,270.0
KIRATGARH,KRTH,Madhya Pradesh,,22.538155,77.77251,True,2,614.0
Kartauli,KRTL,Uttar Pradesh,NER,28.3110435,79.42761829999999,False,0,1205.0
KIRTI NAGAR,KRTN,Delhi NCT,NR,28.6469294838,77.145074025,False,0,28.0
KAROTA PATRI HALT,KRTR,Bihar,?,25.1524086588,86.0377370813,False,0,711.0
Keeranur,KRUR,Tamil Nadu,SR,10.576655,78.787292,False,0,557.0
KARAVADI,KRV,Andhra Pradesh,,15.553014,80.11315599999999,True,2,574.0
KHARWA,KRW,Rajasthan,NWR,26.204383999999997,74.42653,True,2,645.0
Kurud,KRX,Chhattisgarh,SECR,20.833165,81.696451,False,0,162.0
Krishnamohan Halt,KRXM,West Bengal,ER,22.330258,88.449759,False,0,713.0
Kadiri,KRY,Andhra Pradesh,SCR,14.114788,78.165591,True,10,574.0
KURRAIYA,KRYA,Uttar Pradesh,NER,28.416819,80.24421199999999,False,0,1205.0
KHARAWAR,KRZ,Haryana,NR,28.83154,76.681044,False,0,201.0
KHETA SARAI,KS,Uttar Pradesh,NR,25.9657745832,82.6886636169,True,10,1205.0
KHASA,KSA,Punjab,NR,31.610411,74.714584,False,0,297.0
KOSAI,KSAE,Maharashtra,SCR,19.6395023854,78.334546145,False,0,754.0
Kosadi Halt,KSAI,Gujarat,WR,,,False,0,633.0
KUDALA SANGAM,KSAR,Karnataka,SWR,16.306774,75.891059,False,0,416.0
KOSAMBA JN,KSB,Gujarat,,21.464052,72.95459799999999,True,24,633.0
Khusta Buzurg,KSBG,Maharashtra,CR,,,False,0,754.0
KASHIABARI,KSBI,West Bengal,,26.384654,88.76856599999999,False,0,713.0
Keshabpur,KSBP,West Bengal,SER,22.221674,87.948672,False,0,713.0
KASHI CHAK,KSC,Bihar,ECR,25.070798999999997,85.718754,True,2,711.0
KESHOD,KSD,Gujarat,WR,21.297662,70.252274,True,14,633.0
KARSINDHU,KSDE,Haryana,NR,29.392008,76.731866,False,0,201.0
KOSAD,KSE,Gujarat,,21.255892,72.86573000000001,True,4,633.0
KHALISPUR,KSF,Uttar Pradesh,,25.525798,82.83174700000001,True,8,1205.0
KISHANGARH,KSG,Rajasthan,NWR,26.588968,74.855553,True,68,645.0
KARASANGAL,KSGL,Tamil Nadu,,12.333838,79.749958,False,0,557.0
KALI SINDH,KSH,Madhya Pradesh,,23.344476,76.430306,True,16,614.0
KESHWARI,KSHR,Jharkhand,,24.194873,85.86420199999999,False,0,270.0
Kosli,KSI,Haryana,NWR,28.411947,76.464704,True,2,201.0
Khodseoni,KSIH,Maharashtra,,21.1558479072,80.1127146875,False,0,754.0
KASGANJ,KSJ,Uttar Pradesh,,27.801887,78.64602599999999,True,20,1205.0
Kasganj Mg,KSJF,Uttar Pradesh,NER,27.801268,78.64517,False,0,1205.0
KASIMKOTA,KSK,Andhra Pradesh,,17.673315,82.963751,True,2,574.0
KESLA,KSLA,Madhya Pradesh,,22.541216959,77.8065090723,False,0,614.0
KAMASAMUDRAM,KSM,Karnataka,,12.880706,78.200119,True,2,416.0
KASTLA KASMABAD,KSMB,Bihar,ECR,25.114944,85.79836399999999,False,0,711.0
KRISHNA,KSN,Karnataka,,16.409324,77.328563,True,16,416.0
KESINGA,KSNG,Odisha,,20.188103,83.224709,True,42,235.0
KHUSHAL NAGAR,KSNR,Uttar Pradesh,NER,26.9877753343,83.6983925134,False,0,1205.0
KHEMASULI,KSO,West Bengal,,22.337768,87.18486299999999,False,0,713.0
KISHANPUR,KSP,Bihar,,25.925351000000003,85.840384,True,2,711.0
KASHIPURA SARAR,KSPR,Gujarat,,22.120085999999997,73.145838,True,2,633.0
KANSPUR GUGAULI,KSQ,Uttar Pradesh,,26.074302,80.625838,False,0,1205.0
KASTURI,KSR,Uttar Pradesh,,27.139983,81.728838,False,0,1205.0
KASARA,KSRA,Maharashtra,,19.647159,73.472003,True,24,754.0
KASRAK HALT,KSRK,Uttar Pradesh,,28.025029999999997,79.684256,False,0,1205.0
KASTHA,KSTA,Bihar,,24.802484,84.921751,False,0,711.0
KISTAMSETTIPALI,KSTE,Andhra Pradesh,,15.37238,78.883844,True,6,574.0
KASHTI,KSTH,Maharashtra,,18.5252942346,74.5994004132,True,5,754.0
KUSHTAUR,KSU,West Bengal,SER,23.430415999999997,86.498336,True,2,713.0
Kashipura,KSUA,Gujarat,WR,23.120701,73.170262,False,0,633.0
KOSI KALAN,KSV,Uttar Pradesh,,27.788551,77.445999,True,25,1205.0
KESAVARAM,KSVM,Andhra Pradesh,,16.930994,81.879858,True,2,574.0
KHERI SALWA,KSW,Rajasthan,,26.4285105345,73.3907543195,True,4,645.0
KASAR WADI,KSWD,Maharashtra,,18.607555174,73.8207010529,False,0,754.0
KALMESHWAR,KSWR,Maharashtra,,21.229072,78.91586099999999,True,2,754.0
KOTSHILA,KSX,West Bengal,,23.411691,86.079548,True,10,713.0
KUSIARGAON,KSY,Bihar,,26.057858000000003,87.47981800000001,False,0,711.0
KUMTA,KT,Karnataka,KR,14.436871,74.420652,True,23,416.0
KUSHTALA,KTA,Rajasthan,,25.961351,76.326705,True,2,645.0
Kathalal,KTAL,Gujarat,WR,22.899659,72.986389,False,0,633.0
Kasturba Nagar,KTBR,Tamil Nadu,SR,13.005609,80.248086,False,0,557.0
KATOGHAN,KTCE,Uttar Pradesh,,25.730035,81.16560600000001,False,0,1205.0
KAITHALKUCHI,KTCH,Assam,,26.450315,91.339022,False,0,278.0
KOTHACHERUVU,KTCR,Andhra Pradesh,,14.1857697357,77.76013216189999,True,2,574.0
KANTADIH,KTD,West Bengal,,23.21838,86.29629,True,2,713.0
KATAIYA DANDI,KTDD,Uttar Pradesh,NCR,25.149062471199997,81.3984808771,False,0,1205.0
KATNI,KTE,Madhya Pradesh,WCR,23.833385,80.400543,True,139,614.0
KATNI SOUTH,KTES,Madhya Pradesh,,23.824725,80.401113,True,12,614.0
KOT FATTEH,KTF,Punjab,NR,30.120716,75.087931,False,0,297.0
KEUTGUDA,KTGA,Odisha,,19.303471,83.368072,True,2,235.0
KOTH GANGAD,KTGD,Gujarat,WR,22.6282749467,72.3016887134,False,0,633.0
Kayasthagram,KTGM,Assam,NFR,24.721172,92.353216,False,0,278.0
Kotgaon,KTGO,Maharashtra,,20.625413,79.674577,False,0,754.0
KATRASGARH,KTH,Jharkhand,,23.795757,86.302399,True,14,270.0
KHUTAHA,KTHA,Madhya Pradesh,WCR,24.802248,80.86085,False,0,614.0
Kothari Road,KTHD,Chhattisgarh,SECR,22.156964,82.70858000000001,False,1,162.0
KATAHRI,KTHE,Uttar Pradesh,,26.4952,82.44776399999999,False,0,1205.0
KATHOLA,KTHL,Uttar Pradesh,,27.1465555756,81.8556626477,False,0,1205.0
KATHUA,KTHU,Jammu and Kashmir,NR,32.397897,75.551922,True,62,16.0
KANTI,KTI,Bihar,ECR,26.198944,85.285092,False,0,711.0
KHALTIPUR,KTJ,West Bengal,,24.875742,88.021646,True,4,713.0
KATHA JORI,KTJI,Odisha,,20.45107,85.896353,False,0,235.0
KYATANEAKERI RD,KTK,Karnataka,SWR,17.05336,75.821206,True,2,416.0
KOTAKADRA,KTKA,Telangana,,16.668744,77.869477,False,1,150.0
KATANGI KHURD,KTKD,Madhya Pradesh,WCR,23.7758696073,80.48673398129999,False,0,614.0
Kotlakheri,KTKH,Madhya Pradesh,WR,22.078204,76.173654,True,4,614.0
KOTLI KALAN,KTKL,Punjab,NR,30.0411022365,75.297550556,True,2,297.0
Kumtha Khurd,KTKR,Maharashtra,SCR,18.4218389359,77.0092961456,False,1,754.0
Kantakosh Halt,KTKS,Bihar,,25.3336566848,87.673891665,False,0,711.0
KOTTEKAD,KTKU,Kerala,,10.815731,76.693457,False,0,183.0
KATKOLA JN,KTLA,Gujarat,WR,21.8521799207,69.8841357111,False,0,633.0
KHAT LABANA,KTLN,Rajasthan,,30.0390118497,73.8612473071,False,0,645.0
Katalpur Halt,KTLP,Bihar,,26.229288579,84.7728427332,False,0,711.0
KANTHALIYA ROAD,KTLR,West Bengal,ER,23.991771,88.179001,False,0,713.0
KUTRALAM,KTM,Tamil Nadu,SR,11.069825000000002,79.557389,True,4,557.0
KOTMA,KTMA,Madhya Pradesh,SECR,23.202833,81.979022,True,14,614.0
Kathana,KTNA,Gujarat,WR,22.235721,72.752631,False,0,633.0
Kapustalni,KTNI,Maharashtra,CR,21.0935679,77.3420829,False,0,754.0
Kirtyanand Nagar,KTNR,Bihar,ECR,25.821014,87.3965742,False,0,711.0
KATORA,KTO,Chhattisgarh,SECR,23.3115927105,82.7112187811,True,6,162.0
KOTANA,KTOA,Rajasthan,NWR,23.916929999999997,73.72634199999999,False,0,645.0
KATEPURNA,KTP,Maharashtra,,20.723777,77.25938099999999,False,0,754.0
KOTHA PAKKI,KTPK,Rajasthan,NR,30.143767,73.966186,False,0,645.0
Kotturpuram,KTPM,Tamil Nadu,SR,13.013835,80.24820899999999,False,0,557.0
KUDRA,KTQ,Bihar,,25.048552,83.79337100000001,True,18,711.0
KOTHAR,KTR,Rajasthan,NWR,24.980982,73.123647,True,3,645.0
KOTRA,KTRA,Madhya Pradesh,,25.811254,78.381661,False,0,614.0
Katosan Road,KTRD,Gujarat,WR,23.409181,72.246237,False,0,633.0
KATAREAH,KTRH,Bihar,,25.400488,87.19483600000001,True,4,711.0
Kathara Road,KTRR,Uttar Pradesh,NCR,26.310011,80.228735,True,3,1205.0
KOTA JN SOUTH C,KTSC,Rajasthan,,25.198051,75.88511100000001,False,0,645.0
KOTMI SONAN HLT,KTSH,Chhattisgarh,,22.024158,82.360215,True,4,162.0
KHUTBAV,KTT,Maharashtra,,18.4861041325,74.3154633105,True,6,754.0
KATTUR,KTTR,Tamil Nadu,,10.895834,78.855173,False,0,557.0
KTTY,KTTY,,,,,False,0,
KUTTIPPURAM,KTU,Kerala,SR,10.845724,76.03339700000001,True,34,183.0
KOTTAVALASA,KTV,Andhra Pradesh,,17.892374999999998,83.18509999999999,True,17,574.0
KOTDWARA,KTW,Uttarakhand,NR,29.742927896,78.52116372309999,True,6,46.0
Kathuwas,KTWS,Haryana,NWR,28.1331067668,76.3437941406,False,0,201.0
KATAKHAL JN,KTX,Assam,NFR,24.83436,92.627067,False,0,278.0
Kotturu,KTY,Tamil Nadu,SWR,14.826788325296278,76.21354088187218,False,0,557.0
KOTTAYAM,KTYM,Kerala,,9.594177,76.532168,True,68,183.0
Kottaiyur,KTYR,Tamil Nadu,SR,10.112077,78.786317,False,0,557.0
KHUTWANSA,KTZ,Madhya Pradesh,WCR,22.545189,77.602425,False,0,614.0
KULIKARAI,KU,Tamil Nadu,SR,10.766395,79.579324,False,0,557.0
KULHARIA,KUA,Bihar,,25.568173,84.757807,True,8,711.0
KASBA,KUB,Bihar,,25.860675,87.529476,False,0,711.0
KARUKKUTTY,KUC,Kerala,,10.225757,76.373077,False,0,183.0
Kuchai,KUCE,Jharkhand,,22.013657,86.695652,False,0,270.0
KUCHAVARAM HALT,KUCH,Telangana,,17.732096310200003,78.4572240295,False,0,150.0
KUDACHI,KUD,Karnataka,SWR,16.62608,74.85868699999999,True,18,416.0
KUNDAPURA,KUDA,Karnataka,KR,13.612909,74.728366,True,26,416.0
KUDAL,KUDL,Maharashtra,KR,16.017651,73.67813000000001,True,22,754.0
Kudni,KUDN,Punjab,NR,29.7777088167,75.8447011951,False,0,297.0
KURSELA,KUE,Bihar,,25.440774,87.253655,True,14,711.0
KAURHA,KUF,Uttar Pradesh,,27.462683,80.102675,True,2,1205.0
KUSUGALI,KUG,Karnataka,SWR,15.392095,75.233643,True,2,416.0
Kumarghat,KUGT,Tripura,NFR,24.1506303119,92.0348331158,False,0,17.0
KHACHROD,KUH,Madhya Pradesh,,23.442673,75.286337,True,31,614.0
Kuhi,KUHI,Maharashtra,SECR,21.007558,79.35072000000001,False,0,754.0
KULALI,KUI,Maharashtra,,17.357949,76.47059200000001,True,2,754.0
KORUKONDA,KUK,Andhra Pradesh,,18.054196,83.320296,True,4,574.0
Khui Khera,KUKA,Punjab,,30.3052058415,74.0778039648,False,0,297.0
KALLAYI,KUL,Kerala,SR,11.234607,75.788884,False,0,183.0
Kulha-Halt,KULH,Uttar Pradesh,,26.369411,80.656456,False,0,1205.0
KURAM,KUM,Maharashtra,,20.808396,77.58733000000001,False,0,754.0
KUMARBAGH,KUMB,Bihar,ECR,26.874522,84.51158,False,0,711.0
KUMBALAM,KUMM,Kerala,,9.906723,76.3116,False,0,183.0
KARNAL,KUN,Haryana,,29.694566,76.969821,True,48,201.0
Kund,KUND,Haryana,NWR,28.1451837628,76.39848079709999,False,0,201.0
KUP,KUP,Punjab,NR,30.6007316295,75.852845957,True,2,297.0
Khurdpur,KUPR,Punjab,NR,31.424854,75.72317,False,0,297.0
KURETHA,KUQ,Bihar,,25.4955599448,87.64432343200001,False,0,711.0
KHURDA ROAD JN,KUR,Odisha,,20.153076,85.70823399999999,True,190,235.0
KHAJURAHO,KURJ,Madhya Pradesh,NCR,24.7969839,79.8900217,True,6,614.0
KHUKRANA,KURN,Haryana,,29.400184,76.924226,False,0,201.0
Korari,KURO,Uttar Pradesh,NR,26.48788,80.529002,False,0,1205.0
KANAUTA,KUT,Rajasthan,,26.8422160076,75.955996106,True,2,645.0
Khumtai,KUTI,Assam,NFR,26.626403999999997,93.864273,True,2,278.0
Kuwanthal,KUTL,Rajasthan,NWR,25.498041,73.918994,True,2,645.0
Kulathur,KUTR,Tamil Nadu,SR,10.57217515,78.79207688,False,0,557.0
KUHURI,KUU,Odisha,,19.859987,85.3527,True,8,235.0
Kundara,KUV,Kerala,SR,8.960373,76.67854899999999,True,2,183.0
KANWAR,KUW,Uttar Pradesh,,25.7036520692,81.21464405030001,False,0,1205.0
Khirsadoh Junction,KUX,Madhya Pradesh,CR,22.14045,78.798394,True,3,614.0
TIRUPPUR KULIPALAYAM,KUY,Tamil Nadu,,11.1440279246,77.3893135876,False,0,557.0
Kayavarohan,KV,Gujarat,WR,22.0778966,73.2496764,False,0,633.0
KAVAS,KVA,Rajasthan,NWR,25.867466,71.538716,False,0,645.0
KAPARPURA,KVC,Bihar,ECR,26.179892,85.309233,False,0,711.0
KHURMABAD ROAD,KVD,Bihar,,25.021489000000003,83.848303,False,0,711.0
KADAVAKUDURU,KVDU,Andhra Pradesh,,15.722540512,80.2572977045,True,2,574.0
KAVALANDE,KVE,Karnataka,SWR,12.033304,76.799272,False,0,416.0
KUNEANGANJ,KVG,Uttar Pradesh,,26.395661,81.13642,True,4,1205.0
KOLVAGRAM,KVGM,Rajasthan,,26.9894838995,76.46876528439999,True,2,645.0
Khambhel,KVH,Gujarat,WR,23.610866,72.042973,False,0,633.0
KESHAVGANJ,KVJ,Rajasthan,NWR,24.856164,73.07132899999999,True,2,645.0
KAVATHE MAHANKL,KVK,Maharashtra,CR,17.007517,74.94491099999999,True,8,754.0
KIZHELUR,KVL,Tamil Nadu,SR,10.754288,79.743134,False,0,557.0
Karuvalli,KVLR,Tamil Nadu,SWR,11.831114,78.027912,False,0,557.0
Karakavalasa,KVLS,Andhra Pradesh,ECoR,18.292228,82.991426,True,2,574.0
Kavutaram,KVM,Andhra Pradesh,SCR,16.328919999999997,81.069608,True,6,574.0
KAVANUR,KVN,Tamil Nadu,,12.948577,78.96927299999999,False,0,557.0
Kapadvanj,KVNJ,Gujarat,WR,23.01905,73.078323,False,0,633.0
Kevdi Road,KVO,Gujarat,WR,,,False,0,633.0
KAVARAIPPETTAI,KVP,Tamil Nadu,,13.36347,80.146879,False,0,557.0
KOSIARA,KVQ,Jharkhand,,24.478657,83.908564,False,0,270.0
KOVVUR,KVR,Andhra Pradesh,,17.007084,81.726495,True,53,574.0
KALSUR,KVS,Karnataka,SWR,14.8880420655,75.40095653559999,True,2,416.0
KARUVATTA HALT,KVTA,Kerala,SR,9.316791,76.431242,False,0,183.0
KADAKAVUR,KVU,Kerala,,8.679078,76.766672,True,16,183.0
KUSUMBHI,KVX,Uttar Pradesh,,26.6398534471,80.6542605011,False,0,1205.0
KAVALI,KVZ,Andhra Pradesh,,14.915993,79.988271,True,38,574.0
KHERVADI,KW,Maharashtra,,20.046948,73.973978,False,0,754.0
KATWA,KWAE,West Bengal,ER,23.640315,88.124085,True,25,713.0
Kaniwara,KWB,Madhya Pradesh,SECR,22.218261,79.73291400000001,True,2,614.0
KATWAR BAZAAR,KWBR,Uttar Pradesh,,25.562644,82.448864,False,0,1205.0
KUNDWA CHAINPUR,KWC,Central Region,,26.771884,85.183119,False,0,7.0
KARWANDIA,KWD,Bihar,,24.953195,84.084599,False,0,711.0
Kakdwip,KWDP,West Bengal,ER,21.8796,88.19387900000001,False,0,713.0
KHURIAL,KWE,Bihar,,25.4911139274,87.82685530639999,True,4,711.0
Katwa,KWF,West Bengal,ER,23.639805,88.123575,False,0,713.0
Kawargaon,KWGN,Chhattisgarh,ECoR,18.896086,81.53352199999999,True,2,162.0
KACHHWA ROAD,KWH,Uttar Pradesh,NER,25.250465,82.706617,False,0,1205.0
KIVARLI,KWI,Rajasthan,NWR,24.5405071601,72.8424186963,True,2,645.0
KHOJEWALA,KWJ,Punjab,NR,31.359247,75.47495599999999,False,0,297.0
KHERWA KOCHA,KWKC,Jharkhand,,23.360567527599997,85.5948557446,False,0,270.0
KAMPUR,KWM,Assam,NFR,26.1606011328,92.6577872687,True,10,278.0
KUMBHAWAS MUNDA,KWMD,Haryana,NR,28.255391,76.660871,False,0,201.0
KACHEWANI,KWN,Maharashtra,,21.43031,79.981657,True,2,754.0
KARAUTA,KWO,Bihar,,25.468639,85.46824000000001,True,13,711.0
KHATIPURA,KWP,Rajasthan,,26.835709,75.89049800000001,True,2,645.0
KOELWAR,KWR,Bihar,,25.5687,84.792055,True,8,711.0
KURDUVADI,KWV,Maharashtra,,18.091348,75.41711799999999,True,63,754.0
Kuswa,KWW,Uttar Pradesh,NCR,27.473814,78.40369700000001,False,0,1205.0
Kuanriya,KXA,Rajasthan,NWR,25.130668,74.000153,True,2,645.0
KANJAI,KXB,Madhya Pradesh,,24.331047,78.169132,False,0,614.0
Kokalda,KXD,Maharashtra,CR,21.0354588,77.3354847,False,0,754.0
KALIAN CHAK,KXE,West Bengal,,25.03452,87.736758,False,0,713.0
KAMPIL ROAD,KXF,Uttar Pradesh,,27.567619,79.265007,False,0,1205.0
KHARIA KHANGARH,KXG,Rajasthan,,26.609843,73.686313,True,4,645.0
KAPURTHALA,KXH,Punjab,NR,31.366846,75.38272400000001,True,4,297.0
KURUMURTHI,KXI,Telangana,,16.494924,77.863463,False,1,150.0
Karimganj Junction,KXJ,Assam,NFR,24.860717,92.373769,False,0,278.0
Kharkhauda,KXK,Uttar Pradesh,NR,28.833445,77.73904300000001,False,0,1205.0
KAMARBANDHA ALI,KXL,Assam,NFR,26.529561,94.056352,True,2,278.0
KITHAM,KXM,Uttar Pradesh,,27.253709,77.817054,False,0,1205.0
KANSHBAHAL,KXN,Odisha,,22.215278,84.66628899999999,True,8,235.0
KUDIKADU,KXO,Tamil Nadu,SR,10.775636,79.241642,False,0,557.0
KANIYAPURAM,KXP,Kerala,,8.587612,76.854482,True,2,183.0
KURIA,KXR,Bihar,,26.468217,85.005407,False,0,711.0
Ketti,KXT,Tamil Nadu,SR,11.381409,76.736915,True,4,557.0
KATA ROAD,KXX,Maharashtra,SCR,20.187339,77.11088000000001,False,0,754.0
KESARIYA ROAD,KXZ,Gujarat,,22.908845999999997,71.814406,False,0,633.0
KARELI,KY,Madhya Pradesh,WCR,22.932344,79.066765,True,23,614.0
KAURIYA,KYA,Bihar,,25.5509123644,84.5212854932,False,0,711.0
Khairatiya Bandh Road,KYBR,Uttar Pradesh,NER,28.272292,81.081765,False,0,1205.0
KHURAI,KYE,Madhya Pradesh,,24.051525,78.33112799999999,True,24,614.0
KAJRAT NAWADIH,KYF,Bihar,,24.591041,84.05014,True,6,711.0
KIDIYANAGA,KYG,Gujarat,,23.47934,70.768891,False,0,633.0
Khairah,KYH,Bihar,NER,25.861013,84.760114,False,0,711.0
Kalyani,KYI,West Bengal,ER,22.969219,88.467499,True,4,713.0
KAYANKULAM JN,KYJ,Kerala,,9.182586,76.512933,True,94,183.0
KADIYAN,KYM,Andhra Pradesh,,16.914337999999997,81.832674,True,8,574.0
KALYAN JN,KYN,Maharashtra,,19.234716,73.12974,True,254,754.0
KALYANKOT,KYNT,Rajasthan,NWR,29.298805,73.637024,False,0,645.0
KHANDIKAR,KYO,Assam,,26.463321,91.642769,False,0,278.0
KOTTAPALLI,KYOP,Telangana,,18.5402681328,79.40385903139999,True,2,150.0
Kalyanpur,KYP,West Bengal,ER,22.343456,88.414597,False,0,713.0
KAMAKHYA,KYQ,Assam,,26.156154,91.689505,True,90,278.0
KARUPPATTI,KYR,Tamil Nadu,,10.044465,77.94839300000001,False,0,557.0
Kusumkasa,KYS,Chhattisgarh,SECR,20.637273,81.087812,False,0,162.0
KAIYAL SEDHAVI,KYSB,Gujarat,,23.426814,72.428531,False,0,633.0
KAIYAL SEDHAVI,KYSD,Gujarat,WR,23.427144,72.428861,False,0,633.0
KAILAHAT,KYT,Uttar Pradesh,,25.155223,82.947581,True,2,1205.0
KOYILVENNI,KYV,Tamil Nadu,SR,10.776294,79.368646,False,0,557.0
KARCHHUE,KYW,Bihar,,26.2311244405,84.20715351199999,False,0,711.0
KARHIYA BHADELI,KYX,Madhya Pradesh,,23.858464,79.50456299999999,True,3,614.0
Kariha,KYY,Punjab,NR,31.146278,76.068043,False,0,297.0
KHADA,KZA,Uttar Pradesh,NER,27.182926,83.868376,True,4,1205.0
Kurumbur,KZB,Tamil Nadu,SR,8.585754999999999,78.03964,True,2,557.0
Kulukkalur,KZC,Kerala,SR,10.868287,76.23944300000001,False,0,183.0
KANHANGAD,KZE,Kerala,SR,12.320268,75.08524799999999,True,40,183.0
KILA ZAFARGARH,KZH,Haryana,NR,29.0805810005,76.4289531995,False,0,201.0
KHANDRAWALI,KZI,Uttar Pradesh,NR,29.382584655,77.2938848779,False,0,1205.0
KAZIPET JN,KZJ,Telangana,,17.974211,79.511025,True,103,150.0
KAZIPET E CABIN,KZJE,Telangana,,17.975697,79.561183,False,0,150.0
KAZIPET F CABIN,KZJF,Telangana,,17.974824,79.57727100000001,False,0,150.0
KAZIPET TOWN,KZJT,Telangana,,17.983151,79.517705,False,0,150.0
KAZHAKUTTAM,KZK,Kerala,,8.555848000000001,76.872235,True,13,183.0
Kazipara Barasat,KZPB,West Bengal,ER,,,False,0,713.0
KAZIPARA HALT,KZPE,West Bengal,,23.909674000000003,88.188311,False,0,713.0
KAZIPARA,KZPR,West Bengal,ER,23.909854000000003,88.188491,False,0,713.0
KHIMEL,KZQ,Rajasthan,NWR,25.300189,73.279577,True,2,645.0
KUAKHERA HALT,KZS,Uttar Pradesh,NR,28.546470999999997,78.76651700000001,False,0,1205.0
KULITTHURAI,KZT,Tamil Nadu,SR,8.302348,77.218817,True,16,557.0
KULITTURAI WEST,KZTW,Tamil Nadu,SR,8.323734,77.209792,True,3,557.0
KUNKI,KZU,Jharkhand,,22.875933,86.067757,True,2,270.0
KATAR SINGHWALA,KZW,Punjab,NR,30.15413,75.01084399999999,False,0,297.0
KHUDDA KORALA,KZX,Punjab,NR,31.729693,75.647484,False,0,297.0
Kayalpattinam,KZY,Tamil Nadu,SR,8.566912,78.09973,True,2,557.0
LAKHPAT,LAA,Gujarat,,23.597666,71.028821,False,0,633.0
LACHHIPURA,LAC,Rajasthan,,26.3236717828,74.65329374689999,False,0,645.0
Lohardaga,LAD,Jharkhand,SER,23.445967,84.70733,False,0,270.0
LAKHOLI,LAE,Chhattisgarh,,21.201827,81.890652,True,2,162.0
LAKHO,LAK,Bihar,ECR,25.416359999999997,86.205004,False,0,711.0
LUSHALA,LAL,Gujarat,WR,21.3918244015,70.32629040219999,False,0,633.0
LOTANA,LAN,Gujarat,,22.523268,73.363557,False,0,633.0
Lohapur,LAP,West Bengal,ER,24.302357,87.963719,False,0,713.0
LALITPUR,LAR,Uttar Pradesh,,24.688222,78.395791,True,65,1205.0
Lathi,LAT,Gujarat,WR,21.73935,71.386531,False,0,633.0
LATIA CABIN,LATI,Chhattisgarh,,22.027897,82.402106,False,0,162.0
Ladnun,LAU,Rajasthan,NWR,27.64255,74.4056,True,8,645.0
LAUL,LAUL,Maharashtra,CR,18.0338728828,75.3950100488,True,2,754.0
LABHA,LAV,Bihar,,25.4396467554,87.74514032169999,True,10,711.0
Lain Bazar,LB,Bihar,,26.4291908793,84.2806012268,False,0,711.0
LAMBHUA,LBA,Uttar Pradesh,,26.133687,82.223283,True,12,1205.0
LIMBGAON,LBG,Maharashtra,SCR,19.176458098,77.2061342529,True,7,754.0
DILKUSHA CABIN,LBH,Uttar Pradesh,,26.83113,80.966867,False,0,1205.0
LABAN,LBN,Rajasthan,,25.574304,76.207965,True,2,645.0
Latabor,LBO,Chhattisgarh,SECR,20.789828,81.26577,False,0,162.0
LALGARH BIHAR HALT,LBT,Jharkhand,,24.161147,83.979632,False,0,270.0
Lebutala,LBTL,West Bengal,ER,22.666791,88.640107,False,0,713.0
Laiburwa Halt,LBW,Uttar Pradesh,NER,27.5260420401,82.4683445782,False,0,1205.0
LALBAG BH,LBZ,Jharkhand,,24.509662,85.446702,False,0,270.0
LUCKNOW CITY,LC,Uttar Pradesh,,26.859109,80.917866,True,16,1205.0
LCAB,LCAB,,,,,False,0,
LALBAGH COURT ROAD,LCAE,West Bengal,ER,24.173693,88.246307,True,2,713.0
Linch,LCH,Gujarat,WR,23.5267179305,72.3554837085,False,0,633.0
LAKHOCHAK HALT,LCK,Bihar,,25.1391849126,86.13641071170001,False,0,711.0
LALPUR CHANDRA,LCN,Uttar Pradesh,,27.659296,80.451791,False,0,1205.0
LUCKNOW CITY,LCNC,Uttar Pradesh,,26.859254,80.91798399999999,False,0,1205.0
LOKUR,LCR,Tamil Nadu,,11.927787,78.174049,False,0,557.0
LANGCHOLIET,LCT,Assam,NFR,25.759322935,93.3046356757,False,0,278.0
LONDA JN,LD,Karnataka,SWR,15.450273,74.496982,True,42,416.0
LIDHORA KHURD,LDA,Madhya Pradesh,,23.852972,78.87232300000001,True,3,614.0
LODI COLONY,LDCY,Delhi NCT,NR,28.579455000000003,77.216548,False,0,28.0
Ladkhed,LDD,Maharashtra,CR,20.3413615,77.9202165,False,0,754.0
Lokdhikhera,LDE,Madhya Pradesh,SECR,21.582533,78.855877,True,6,614.0
LUDHIANA JN,LDH,Punjab,,30.912367,75.84787299999999,True,175,297.0
Ladhuka,LDK,Punjab,NR,30.49849,74.119614,False,0,297.0
Ledarmer,LDM,Rajasthan,NWR,25.055439,72.34701899999999,False,0,645.0
LODIPUR BISHANPUR,LDP,Uttar Pradesh,,28.8723017205,78.7090987616,True,2,1205.0
LANDAURA,LDR,Uttar Pradesh,,29.814493,77.941557,False,0,1205.0
Lunidhar,LDU,Gujarat,WR,21.715431,71.085551,False,0,633.0
LADHOWAL,LDW,Punjab,,31.016957,75.78581100000001,False,1,297.0
LADDA,LDX,Andhra Pradesh,,19.102692,83.412196,True,2,574.0
LAKKITI,LDY,Kerala,,10.753217,76.434467,False,0,183.0
LEMUABAD,LEB,Bihar,,25.4822713297,85.7783575873,False,0,711.0
Ledo,LEDO,Assam,NFR,27.288435,95.725374,True,2,278.0
LAKHAKHERA,LEK,Madhya Pradesh,WCR,23.7639,80.574139,False,0,614.0
Lehra,LER,Uttar Pradesh,NER,27.161243,83.23414199999999,False,0,1205.0
Lower Haflong,LFG,Assam,NFR,25.1902422,93.0217617,False,0,278.0
LAGARGAWAN,LGCE,Madhya Pradesh,WCR,24.464248,80.81431,True,2,614.0
LALLAGUDA,LGD,Telangana,,17.441464,78.525617,False,0,150.0
LALAGUDA GATE,LGDH,Telangana,,17.440355,78.52440299999999,True,3,150.0
LALGARH JN,LGH,Rajasthan,NWR,28.043638,73.313909,True,20,645.0
Lalgola,LGL,West Bengal,ER,24.421152,88.257513,True,10,713.0
Lehgaon,LGN,Maharashtra,CR,20.982595,77.3294215,False,0,754.0
LalgopalGanj,LGO,Uttar Pradesh,NR,25.642195,81.630185,True,10,1205.0
LINGIRI,LGRE,Karnataka,,16.670289,77.188998,False,0,416.0
LANGTING,LGT,Assam,NFR,25.49759,93.110265,False,0,278.0
LINGARAJ TEMPLE ROAD,LGTR,Odisha,,20.234947,85.81587200000001,False,0,235.0
LAHING,LH,Assam,NFR,26.7412013647,94.4371491022,False,0,278.0
LEHRA GAGA,LHA,Punjab,NR,29.937832,75.810079,True,9,297.0
LAHABON,LHB,Jharkhand,,24.6403400956,86.6001380908,True,2,270.0
LOTHAL BHURKI,LHBK,Gujarat,WR,22.55299,72.222393,False,0,633.0
LOHOGAD,LHD,Maharashtra,SCR,20.467176,77.07850599999999,False,0,754.0
LAIHRA KHANA,LHK,Punjab,,30.2258549701,75.1389845972,False,0,297.0
LAHOAL,LHL,Assam,NFR,27.4525,94.999525,False,0,278.0
Lahli,LHLL,Haryana,NWR,28.854317,76.44533799999999,True,2,201.0
LEHRA MUHABBAT,LHM,Punjab,NR,30.236037,75.162817,False,0,297.0
LACHYAN,LHN,Maharashtra,SWR,17.2795737583,75.9717014606,True,6,754.0
Lohanda,LHNA,Bihar,,25.3541150645,85.27902379519999,False,0,711.0
Lakshmanpur Halt,LHNR,Uttar Pradesh,,27.5318304825,82.3397643762,False,0,1205.0
Loharu,LHU,Haryana,NWR,28.427051,75.801613,True,10,201.0
Loharwara,LHW,Rajasthan,NWR,27.19839,75.67687000000001,False,0,645.0
Linga,LIG,Madhya Pradesh,SECR,21.963575,78.936403,True,5,614.0
Lakshmiganj,LIJ,Uttar Pradesh,,26.927786,83.788161,False,0,1205.0
SONALIUM,LIM,Goa,,15.309987,74.292427,False,0,21.0
LINGAMGUNTLA,LIN,Andhra Pradesh,,16.439709,80.273943,True,2,574.0
Ling,LING,Maharashtra,CR,25.290391816004583,87.3615834955126,False,0,754.0
Lachmipur,LIR,Uttar Pradesh,NER,27.25415,83.379037,False,0,1205.0
LAJKURA CABIN,LJKR,Odisha,,21.809025,83.888267,False,0,235.0
LUCKNOW JN,LJN,Uttar Pradesh,,26.831967,80.91858699999999,True,79,1205.0
LANJIGARH ROAD,LJR,Odisha,,19.9434221772,83.4003416858,True,7,235.0
LANKA,LKA,Assam,NFR,25.914426,92.958001,True,24,278.0
LAKSHMIPUR BHORANG,LKB,Bihar,,25.288258000000003,87.36336,False,0,711.0
LAKHABAWAL,LKBL,Gujarat,WR,22.409215,69.99951399999999,True,4,633.0
LAKSHMI BAI NAGAR,LKBR,Madhya Pradesh,,22.741887,75.85816200000001,False,0,614.0
LAKODARA,LKD,Gujarat,,21.991872,73.09899399999999,True,2,633.0
Lankalakoderu,LKDU,Andhra Pradesh,SCR,16.534517,81.68124399999999,True,2,574.0
LAKHERI,LKE,Rajasthan,,25.639864,76.192147,True,20,645.0
LAKE GARDENS,LKF,West Bengal,,22.50794733,88.35237095000001,False,0,713.0
LAMSAKHANG,LKG,Assam,NFR,25.796536,93.046846,True,2,278.0
LINK JN. CABIN,LKJN,Uttar Pradesh,,25.356832,81.841869,False,0,1205.0
Lal Kuan,LKKA,Uttarakhand,NER,,,False,0,46.0
LAKKADKOT,LKKD,Gujarat,,21.163562,73.603025,True,4,633.0
Lokmanya Nagar,LKMN,Madhya Pradesh,WR,22.691279,75.847166,True,4,614.0
LAXMIPUR ROAD,LKMR,Andhra Pradesh,,19.003986,83.104298,True,6,574.0
LAKHMINIA,LKN,Bihar,ECR,25.426072,86.309269,True,12,711.0
LAKHNA,LKNA,Odisha,,20.729266,82.662489,True,2,235.0
LAKHPAT NAGAR,LKNR,Uttar Pradesh,,27.0276257858,82.2775887885,False,0,1205.0
LUCKNOW,LKO,Uttar Pradesh,,26.830675,80.925291,True,237,1205.0
LKOY,LKOY,,,,,False,0,
LAKDIKAPUL,LKPL,Andhra Pradesh,SCR,17.404048000000003,78.463527,False,0,574.0
Lakshmikantpur,LKPR,West Bengal,ER,22.110055,88.321958,False,0,713.0
Laukaha Bazar,LKQ,Bihar,ECR,26.543198,86.463013,False,0,711.0
LUCKEESARAI JN,LKR,Bihar,,25.1716617005,86.093210587,True,50,711.0
LUNKARANSAR,LKS,Rajasthan,NWR,28.493395,73.743155,True,16,645.0
LAKSHMINARAYANAPURAM,LKSH,Andhra Pradesh,SCR,16.600703,81.592567,False,0,574.0
HULKOTI,LKT,Karnataka,SWR,15.434667,75.531958,True,4,416.0
LAL KUAN,LKU,Uttarakhand,NER,29.071574,79.517641,True,22,46.0
Lakhewali,LKW,Punjab,NR,30.447834,74.341781,True,2,297.0
LAKSHMIPUR,LKX,West Bengal,ER,23.502512000000003,88.302374,False,0,713.0
LAKHMAPUR,LKY,Karnataka,SWR,15.870282,75.627712,True,2,416.0
LAKADIYA,LKZ,Gujarat,WR,23.339664,70.58674500000001,False,0,633.0
Lalabazar,LLBR,Assam,?,24.561850000000003,92.610161,False,0,278.0
Lalavadi,LLD,Madhya Pradesh,,21.930347,78.189646,False,1,614.0
LELIGUMA,LLGM,Andhra Pradesh,,19.304006,83.208299,True,2,574.0
LILUAH,LLH,West Bengal,,22.621521,88.339559,False,0,713.0
LLHW,LLHW,,,,,False,0,
LALGUDI,LLI,Tamil Nadu,,10.875733,78.813672,True,4,557.0
LalGanj,LLJ,Uttar Pradesh,NR,26.172392,80.973175,True,2,1205.0
LAL KALAN,LLKN,Punjab,,30.827549,76.101493,False,0,297.0
Lalitgram,LLP,Bihar,ECR,26.35666473117378,87.01226592063904,False,0,711.0
LALIT LAKSHMIPR,LLPR,Bihar,,26.436785,86.1562,False,0,711.0
LALPUR,LLR,Uttar Pradesh,,26.318818,79.948516,True,4,1205.0
LALRU,LLU,Punjab,NR,30.479756,76.7941,False,0,297.0
LIMBDI,LM,Gujarat,WR,22.566039999999997,71.789599,True,9,633.0
LAMBIYA,LMA,Rajasthan,NWR,25.578334,74.58561499999999,False,0,645.0
Limbara,LMB,Gujarat,WR,21.4395307,73.0385749,False,0,633.0
LAKHAMANCHI,LMC,Gujarat,WR,22.5718124104,71.14841382110001,True,2,633.0
LINGANENIDODDI,LMD,Andhra Pradesh,SCR,15.399929,77.703397,True,4,574.0
LUMDING JN,LMG,Assam,NFR,25.750036,93.1766,True,45,278.0
LUMDING JN,LMGF,Assam,,25.750176,93.17674,False,0,278.0
LUMDING SOUTH,LMGS,Assam,,25.757118,93.163576,False,0,278.0
LIMKHEDA,LMK,Gujarat,,22.833894,73.984515,True,4,633.0
LAILAKH MAMLKHA,LMM,Bihar,,25.21827008,87.1050667084,False,0,711.0
Lachhmanpur,LMN,Uttar Pradesh,NR,26.050472,81.25726300000001,True,10,1205.0
LAKSHMIBAI NAGAR,LMNR,Madhya Pradesh,WR,22.742296,75.858526,True,4,614.0
LILIYA MOTA,LMO,Gujarat,WR,21.540317,71.372863,True,2,633.0
LAKHIMPUR,LMP,Uttar Pradesh,NER,27.947414,80.777625,True,3,1205.0
ALMATTI,LMT,Karnataka,SWR,16.3459,75.90050000000001,True,12,416.0
Limarua,LMU,Madhya Pradesh,SECR,22.52425,80.349702,False,0,614.0
LAMANA,LNA,Rajasthan,NWR,26.244934,74.46563,True,2,645.0
Lachhmangarh Sikar,LNH,Rajasthan,NWR,27.832586,75.034114,False,0,645.0
LOHIAN KHAS JN,LNK,Punjab,NR,31.165462,75.196445,True,6,297.0
LINK C-CABIN,LNKC,Odisha,,22.267173000000003,84.974611,False,0,235.0
LONAVALA,LNL,Maharashtra,,18.748883,73.407657,True,108,754.0
LNMA,LNMA,,,,,False,0,
LONAND,LNN,Maharashtra,CR,18.040769,74.190477,True,7,754.0
Lohna Road,LNO,Bihar,ECR,26.220882,86.229057,False,0,711.0
LANGARPETH,LNP,Maharashtra,CR,17.084723,74.96712500000001,False,0,754.0
LAKHNAURIA,LNQ,Uttar Pradesh,,27.7827741311,80.1392638623,False,0,1205.0
LUNI RICHHA,LNR,Madhya Pradesh,,23.660393,75.51367,True,3,614.0
LUNSU HALT,LNS,Himachal Pradesh,NR,32.018944,76.1797,False,0,55.0
LINGTI,LNT,Maharashtra,?,19.86677,78.901334,True,2,754.0
LUCKNOW WEST (ALH),LNWT,Uttar Pradesh,,26.829443,80.909614,False,0,1205.0
LOLIYA,LO,Gujarat,WR,22.512244,72.166923,False,0,633.0
LORHA,LOA,Madhya Pradesh,,23.581228,80.75161299999999,True,3,614.0
Lekoda,LOD,Madhya Pradesh,WR,23.075768,75.69849099999999,True,2,614.0
LOHGARA,LOG,Uttar Pradesh,NCR,25.250449999999997,81.73019000000001,False,0,1205.0
LOTTEGOLLAHALLI,LOGH,Karnataka,,13.043169,77.562257,False,0,416.0
Loha,LOHA,Rajasthan,NWR,28.006921,74.619424,False,0,645.0
Loknath,LOK,West Bengal,ER,22.871718,88.03392099999999,False,0,713.0
LOLIEM,LOL,Karnataka,,14.939155,74.08778,True,2,416.0
LODHMA,LOM,Jharkhand,,23.2233502762,85.2001212549,False,0,270.0
LONI,LONI,Maharashtra,,18.491631,74.02051399999999,True,8,754.0
LOHRA,LOT,Uttar Pradesh,,25.3156017921,82.93066368230001,False,0,1205.0
Lovedale,LOV,Tamil Nadu,SR,11.382403,76.704285,True,4,557.0
LALAPET,LP,Tamil Nadu,SR,10.95132,78.339233,False,0,557.0
LODIPUR BISHANP,LPB,Uttar Pradesh,,28.869781,78.71802799999999,False,0,1205.0
LAPANGA,LPG,Odisha,,21.732794,84.03998,False,0,235.0
LOTAPAHAR,LPH,Jharkhand,,22.617663,85.565671,True,4,270.0
LINGAMPALLI,LPI,Telangana,,17.482874000000002,78.31677400000001,True,29,150.0
LALPUR JAM,LPJ,Gujarat,WR,22.1945375806,69.9524202618,True,6,633.0
LAOPANI,LPN,Assam,NFR,26.2003076494,92.595989173,True,2,278.0
LAJPAT NAGAR,LPNR,Delhi NCT,NR,28.57927,77.244136,True,3,28.0
LILAPUR ROAD,LPR,Gujarat,WR,22.954447,71.862567,True,2,633.0
LONGPATIA,LPTA,Assam,NFR,27.0797307213,95.0953363135,False,0,278.0
Lakhpuri,LPU,Maharashtra,CR,20.8408079,77.3562139,False,0,754.0
Loharpurwa,LPW,Uttar Pradesh,NER,27.082641,83.268484,False,0,1205.0
LADPURA,LR,Rajasthan,NWR,26.504385,74.728726,True,2,645.0
LARABAD,LRB,Jharkhand,,24.407020999999997,85.562123,False,0,270.0
LAR ROAD,LRD,Uttar Pradesh,NER,26.21389,83.91018299999999,True,13,1205.0
Lihuri Halt,LRI,Andhra Pradesh,ECoR,18.913242,83.849833,False,0,574.0
LAKSAR JN,LRJ,Uttarakhand,,29.754038,78.019628,True,67,46.0
LAKSAR NORTH CABIN,LRJC,Uttarakhand,,29.767009,78.00175999999999,False,0,46.0
LAKSAR NORTH CABIN,LRNC,Uttarakhand,,29.7715518226,78.0113177722,False,0,46.0
LALPUR UMRI,LRU,Rajasthan,WCR,26.429998,76.680536,True,2,645.0
LASALGAON,LS,Maharashtra,,20.154848,74.22597599999999,True,21,754.0
LUSADIYA,LSD,Gujarat,NWR,23.685409999999997,73.421111,False,0,633.0
Laseri,LSE,Rajasthan,,28.713124,75.47962399999999,False,1,645.0
Lawa Sardargarh,LSG,Rajasthan,NWR,25.272756,73.948453,True,2,645.0
Lavan Satyagraha Smarak P.H,LSGS,West Bengal,,22.096296,87.850571,False,0,713.0
LAHERIA SARAI,LSI,Bihar,,26.110633,85.903825,True,24,711.0
Lasina,LSN,Maharashtra,CR,20.4000078,78.0158139,False,0,754.0
LASUR,LSR,Maharashtra,SCR,19.926081,75.01148900000001,True,26,754.0
LOISINGHA,LSX,Odisha,,20.852667,83.514083,True,5,235.0
LAHAVIT,LT,Maharashtra,,19.852905,73.815119,False,0,754.0
Lamta,LTA,Madhya Pradesh,SECR,22.1390377316,80.1244293225,True,7,614.0
LATHIDAD,LTD,Gujarat,WR,22.090056,71.702802,True,4,633.0
LATEHAR,LTHR,Jharkhand,,23.725092,84.46812,True,21,270.0
LATTERI,LTI,Tamil Nadu,,12.966994,79.06525500000001,False,0,557.0
Lathikata,LTK,Orissa,SER,22.131808,84.89496100000001,False,0,65.0
LATEMDA,LTMD,Jharkhand,,23.098392,85.98911700000001,False,0,270.0
LAKHTAR,LTR,Gujarat,WR,22.873403,71.77672700000001,True,7,633.0
LATUR ROAD,LTRR,Maharashtra,SCR,18.506494,76.845289,True,30,754.0
LOKMANYA TILAK TERM,LTT,Maharashtra,,19.07032,72.89173899999999,True,127,754.0
LOTARVA,LTV,Gujarat,,21.153797,73.202399,True,4,633.0
Laluri Khera,LUA,Uttar Pradesh,,28.607969,79.74624299999999,False,0,1205.0
LUNI JN,LUNI,Rajasthan,NWR,26.001256,73.003175,True,48,645.0
LATUR,LUR,Maharashtra,CR,18.429166,76.55604899999999,True,20,754.0
LUSA,LUSA,Uttar Pradesh,NCR,24.876546,82.843318,True,7,1205.0
Lakkavarapukota,LVK,Andhra Pradesh,,18.018465,83.14744900000001,False,1,574.0
Lokvidyapith Nagar,LVR,Uttar Pradesh,NER,27.154414,83.306841,False,0,1205.0
LORWADA,LW,Gujarat,,24.217193,72.08968,False,0,633.0
ALNAVAR JN,LWR,Karnataka,SWR,15.424244,74.738116,True,22,416.0
LUKWASA,LWS,Madhya Pradesh,WCR,25.110195,77.590102,False,0,614.0
LAKSWA,LXA,Assam,NFR,27.0046370183,94.8439823962,True,2,278.0
LAKSHANNATH ROAD,LXD,Odisha,,21.842011,87.25095300000001,False,0,235.0
LUNSERIYA,LXR,Gujarat,WR,22.585491,71.036258,True,2,633.0
Layabad,LYD,Jharkhand,SER,23.773417,86.351907,False,0,270.0
MADHA,MA,Maharashtra,,18.029712,75.546507,True,9,754.0
MAVAL,MAA,Rajasthan,NWR,24.432277,72.70044,True,2,645.0
Malhar,MAAR,Rajasthan,?,27.2041163361,72.37553642820001,False,0,645.0
MANDI BAMORA,MABA,Madhya Pradesh,,24.054032,78.08243700000001,True,19,614.0
MABBI HALT,MABB,Bihar,,25.7492132968,86.0634696423,False,0,711.0
MAHBUBABAD,MABD,Andhra Pradesh,SCR,17.597561,79.999792,True,45,574.0
MATANA BUZURG,MABG,Madhya Pradesh,,23.1138506265,75.8671171741,False,0,614.0
MABAN,MABN,Madhya Pradesh,,24.641196,77.371542,False,0,614.0
MANGULI CHOWDWAR,MACR,Odisha,,20.529594,85.943313,False,0,235.0
MADDUR,MAD,Karnataka,SWR,12.604742,77.049522,True,19,416.0
Maonda,MADA,Rajasthan,NWR,27.809478,75.827673,False,0,645.0
Matradham Halt,MADM,Madhya Pradesh,,22.048253,79.45140099999999,False,0,614.0
MADHAPUR ROAD,MADP,Gujarat,,23.242661,69.716415,False,0,633.0
MADURE,MADR,Maharashtra,KR,15.812975,73.80896700000001,False,0,754.0
Matheran,MAE,Maharashtra,CR,18.989244,73.270911,False,0,754.0
MAEL,MAEL,Jharkhand,,23.574668000000003,85.626042,False,0,270.0
MANUR,MAF,Tamil Nadu,,13.096025,79.801508,False,0,557.0
MANGALAGIRI,MAG,Andhra Pradesh,,16.438256,80.564992,True,18,574.0
MANIKGARH,MAGH,Maharashtra,,19.787693,79.398527,True,4,754.0
Madhoganj,MAH,Uttar Pradesh,NR,27.117963000000003,80.135457,False,0,1205.0
Mohadi Praganel,MAHD,Maharashtra,,21.294083,79.726457,False,0,754.0
MAHE,MAHE,Puducherry,SR,11.699227,75.546967,True,26,3.0
MAHOLI,MAHO,Uttar Pradesh,,27.64872,80.47707299999999,True,2,1205.0
MEHSI,MAI,Bihar,ECR,26.354898,85.096319,True,8,711.0
MANGALORE JN,MAJN,Karnataka,SR,12.866193,74.88006,True,59,416.0
Mallikpur,MAK,West Bengal,ER,22.396985,88.43331500000001,False,0,713.0
MOKHAMPURA,MAKH,Rajasthan,NWR,26.030315,74.68323000000001,False,0,645.0
MARARIKULAM,MAKM,Kerala,,9.597994,76.31801800000001,True,8,183.0
MALKHERI,MAKR,Madhya Pradesh,,24.169924,78.223009,True,19,614.0
MALA,MALA,Uttar Pradesh,NER,28.592851,79.916972,False,0,1205.0
MALIYA MIYANA,MALB,Gujarat,,23.103166868099997,70.75488469119999,True,14,633.0
MALKAPUR ROAD,MALK,Madhya Pradesh,,21.904426,77.967468,True,2,614.0
MANTHRALAYAM RD,MALM,Andhra Pradesh,,15.949035,77.299196,True,47,574.0
MANGAL MAHUDI,MAM,Gujarat,,22.83578,74.058492,False,1,633.0
MANI NAGAR,MAN,Gujarat,,23.000142,72.610413,True,40,633.0
MANA,MANA,Maharashtra,,20.761491,77.469063,False,0,754.0
MANDURAI,MAND,Tamil Nadu,,10.873068,78.78619599999999,False,0,557.0
MANESWAR,MANE,Odisha,,21.411344,84.04398800000001,False,0,235.0
MAHANAGAR,MANG,West Bengal,,25.247077,88.251102,True,2,713.0
Mani Halt,MANI,Bihar,ECR,25.1739936806,84.23126776609999,False,0,711.0
MANKI,MANK,Karnataka,KR,14.1744388792,74.4932361584,True,2,416.0
Manu,MANU,Tripura,NFR,23.9881925448,91.9989317505,False,0,17.0
MANWA,MANW,Uttar Pradesh,NER,27.218852,80.849604,False,0,1205.0
MADGAON,MAO,Goa,KR,15.267911000000002,73.97072399999999,True,85,21.0
MORAPPUR,MAP,Tamil Nadu,,12.124073,78.393874,True,14,557.0
MANGALORE CNTL,MAQ,Karnataka,SR,12.862325,74.844068,True,42,416.0
MULANUR,MAR,Andhra Pradesh,,12.661485,78.40638899999999,True,2,574.0
Mavur Road,MARD,Tamil Nadu,SR,10.6901361,79.6288716,False,0,557.0
CHENNAI CENTRAL,MAS,Tamil Nadu,,13.0847613,80.27485630000001,True,176,557.0
MAISAR KHANA,MASK,Punjab,NR,30.099805,75.13917000000001,False,0,297.0
MAU JN,MAU,Uttar Pradesh,,25.93948,83.564347,True,49,1205.0
MAULA ALI,MAUL,Punjab,,31.17531,75.769544,False,0,297.0
MAUR,MAUR,Punjab,NR,30.062745999999997,75.22772,True,12,297.0
MARIAMMANKOVIL,MAV,Tamil Nadu,SR,10.773265,79.198201,False,0,557.0
Mangudi,MAX,Tamil Nadu,SR,,,False,0,557.0
MARIAHU,MAY,Uttar Pradesh,NR,25.597006,82.598166,True,7,1205.0
Mayar,MAYR,Haryana,,29.100107,75.86074699999999,False,0,201.0
MANGRA,MAZ,Jharkhand,,23.881768,84.111898,False,0,270.0
MORADABAD,MB,Uttar Pradesh,,28.831621,78.765801,True,191,1205.0
MAHOBA,MBA,Uttar Pradesh,NCR,25.306914,79.849079,True,17,1205.0
Murshidabad,MBB,West Bengal,ER,24.176964,88.281598,True,10,713.0
MAHANANDA BGE,MBC,West Bengal,,25.1883357022,88.0833990649,False,0,713.0
MUSTABADA,MBD,Andhra Pradesh,,16.546882,80.73176799999999,True,4,574.0
MIRZAPUR BANKIPUR,MBE,West Bengal,,22.78738,88.224626,False,0,713.0
Munabao,MBF,Rajasthan,NWR,25.742614,70.276543,True,2,645.0
MAIBANG,MBG,Assam,NFR,25.30497,93.135371,False,0,278.0
Marwar Bagra,MBGA,Rajasthan,NWR,25.208689,72.59376099999999,False,0,645.0
Mobha Road,MBH,Gujarat,WR,,,False,0,633.0
MADHUBANI,MBI,Bihar,,26.348165,86.076784,True,16,711.0
MANUBOLU,MBL,Andhra Pradesh,,14.226551,79.87707,False,1,574.0
MAMBALAM,MBM,Tamil Nadu,,13.038154,80.228164,True,20,557.0
Marwar Bhinmal,MBNL,Rajasthan,NWR,25.000632999999997,72.275398,True,8,645.0
MAHBUBNAGAR,MBNR,Telangana,,16.757768,77.999429,True,48,150.0
Mairabari,MBO,Assam,NFR,26.450839,92.421058,False,0,278.0
MOHIBULLAPUR,MBP,Uttar Pradesh,NER,26.909235,80.938923,False,0,1205.0
MUMBRA,MBQ,Maharashtra,,19.190223,73.02326,False,0,754.0
MADHOSINGH,MBS,Uttar Pradesh,NER,25.249931,82.552278,True,5,1205.0
Marwar Balia,MBSK,Rajasthan,NWR,27.357827,74.545106,False,0,645.0
MARWAR BIRTHI,MBT,Rajasthan,NWR,27.099589,72.290171,False,0,645.0
MELPATTAM BAKKAM,MBU,Tamil Nadu,SR,11.784898,79.622949,False,0,557.0
Mirzapur Bachhaud,MBV,Haryana,NWR,28.077937,76.198447,False,0,201.0
Malwara,MBW,Rajasthan,NWR,24.7994691685,72.26700809939999,False,0,645.0
MORADABAD WEST,MBWC,Uttar Pradesh,,28.83865785,78.7596338837,False,0,1205.0
MANDI DABWALI,MBY,Haryana,NWR,29.966227,74.700155,True,12,201.0
MANDAPAM CAMP,MC,Tamil Nadu,SR,9.281533,79.134997,False,0,557.0
MECHEDA,MCA,West Bengal,,22.414105,87.85883,True,23,713.0
Manik Chauree Halt,MCF,Chhattisgarh,SECR,21.004164000000003,81.783198,False,0,162.0
MANCHIRYAL,MCI,Telangana,,18.878745,79.448848,True,49,150.0
MANJATTIDAL,MCJ,Tamil Nadu,SR,10.792057,78.731401,False,0,557.0
MADIMANGALAM,MCL,Tamil Nadu,,12.598975,79.1862,False,0,557.0
Macherla,MCLA,Andhra Pradesh,SCR,16.4695102,79.4382772,False,0,574.0
MANCHILI,MCLE,Andhra Pradesh,SCR,16.662928,81.613684,False,0,574.0
MUKUNDARAYAPURM,MCN,Tamil Nadu,,12.977678,79.289067,True,4,557.0
MOTIHARI COURT,MCO,Bihar,,26.62564,84.90543100000001,False,0,711.0
MARWAR CHAPRI,MCPE,Rajasthan,,26.7834880329,73.9073942175,True,2,645.0
Chepauk,MCPK,Tamil Nadu,SR,13.061372,80.28015,False,0,557.0
Chintadripet,MCPT,Tamil Nadu,SR,13.07406,80.274188,False,0,557.0
MIRCHADHORI,MCQ,Madhya Pradesh,ECR,24.291847,82.793413,True,4,614.0
MECHERI ROAD,MCRD,Tamil Nadu,,11.804211,77.921857,True,2,557.0
MANCHESWAR,MCS,Odisha,,20.321861,85.84486600000001,True,16,235.0
Mulacalacheruvu,MCU,Andhra Pradesh,SCR,13.802188,78.26482899999999,True,6,574.0
MACHARYA,MCV,Uttar Pradesh,NR,28.772575,78.80370199999999,True,2,1205.0
MACHAVARAM,MCVM,Andhra Pradesh,,16.025343,80.54154100000001,True,2,574.0
Machriawan,MCY,Bihar,,25.4624795686,85.29441999630001,False,0,711.0
MAHABUANG,MCZ,Odisha,,22.7199286684,84.9352760571,False,0,235.0
MADAR,MD,Rajasthan,NWR,26.465014,74.68722700000001,False,1,645.0
MANDHANA JN,MDA,Uttar Pradesh,,26.557002,80.222507,False,0,1205.0
MANDOR,MDB,Rajasthan,NWR,26.350708,73.042126,True,3,645.0
Madhabpur,MDBP,West Bengal,ER,22.119207,88.347323,False,0,713.0
Masaudhi Court Halt,MDCR,Bihar,?,25.366289184800003,85.0439060474,False,0,711.0
MALAD,MDD,Maharashtra,WR,19.187089,72.84917,False,0,754.0
Malad Gaon,MDDG,Maharashtra,CR,18.36212,74.596581,False,0,754.0
MANDI DIP,MDDP,Madhya Pradesh,,23.093747,77.511077,True,8,614.0
Makhdumpur Gaya,MDE,Bihar,ECR,25.077131,84.979105,True,7,711.0
MURADI,MDF,West Bengal,SER,23.593092,86.80929,False,0,713.0
MANDAL GHAT,MDG,West Bengal,,26.430757,88.754758,False,0,713.0
Manendragarh,MDGR,Madhya Pradesh,SECR,23.219747,82.197734,True,9,614.0
MANDHAR,MDH,Chhattisgarh,,21.33807,81.704606,True,2,162.0
Madhada,MDHA,Gujarat,WR,21.6080009031,71.90539757810001,False,0,633.0
MUHAMMADGANJ,MDJ,Jharkhand,,24.42644,83.869978,True,10,270.0
Madar Jn,MDJN,Rajasthan,,26.464294,74.686507,True,4,645.0
MADHUKUNDA,MDKD,West Bengal,SER,23.62663,86.869091,False,0,713.0
MADUKARAI,MDKI,Tamil Nadu,,10.900858,76.94295000000001,False,0,557.0
MODUKURU,MDKU,Andhra Pradesh,,16.124988000000002,80.58380799999999,True,2,574.0
MANDAL,MDL,Rajasthan,NWR,25.439631738299997,74.59395891049999,True,2,645.0
MUNDLANA,MDLA,Haryana,NR,29.212025,76.757452,False,0,201.0
Mandar Hill,MDLE,Bihar,ER,24.8060780645,87.02615830570001,False,0,711.0
MUDDALINGAHALLI,MDLL,Karnataka,SWR,13.2391442032,77.3047403595,False,0,416.0
MUNDALARAM,MDLM,Madhya Pradesh,,23.687953,75.102087,False,1,614.0
MIDNAPORE,MDN,West Bengal,SER,22.42498,87.307379,True,36,713.0
Madanpur Halt,MDNP,Jharkhand,ER,,,False,0,270.0
MODINAGAR,MDNR,Uttar Pradesh,NR,28.827907,77.571716,True,19,1205.0
MADHUPUR JN,MDP,Jharkhand,,24.270633,86.642183,True,107,270.0
MANDPIYA,MDPA,Rajasthan,NWR,25.261369,74.63571300000001,False,0,645.0
MADHOPUR PUNJAB,MDPB,Punjab,NR,32.359168000000004,75.594728,True,4,297.0
MANDAPADU,MDPD,Andhra Pradesh,,16.388651999999997,80.320507,True,2,574.0
Madanapur Halt,MDPJ,Maharashtra,,19.549184,78.189939,False,0,754.0
MODPUR,MDPR,Gujarat,WR,22.2625878623,69.81170376339999,True,2,633.0
MADHIRA,MDR,Andhra Pradesh,SCR,16.921826,80.366849,True,31,574.0
MEDRA,MDRA,Gujarat,WR,23.13609,72.712778,False,0,633.0
MADHAVNAGAR ROA,MDRR,Madhya Pradesh,WCR,23.7866102083,80.3948243298,True,2,614.0
MANDASOR,MDS,Madhya Pradesh,WR,24.075937000000003,75.07634300000001,True,25,614.0
Modasa,MDSA,Gujarat,WR,23.451923,73.304944,False,0,633.0
MADHU SUDANPUR,MDSE,West Bengal,,22.845108,88.193499,False,0,713.0
MADARIHAT,MDT,West Bengal,NFR,26.694551388,89.274559021,False,0,713.0
MADURAI JN,MDU,Tamil Nadu,,9.919907,78.11031399999999,True,77,557.0
Madhura Nagar,MDUN,Andhra Pradesh,,16.5253522399,80.6476081836,False,0,574.0
Mandar Vidyapith Halt,MDVB,Bihar,ER,24.8344029798,87.0202584961,False,0,711.0
MAHENDRA VADI,MDVE,Tamil Nadu,,13.022631,79.51785100000001,False,0,557.0
MAHADEOKHEDI,MDVK,Madhya Pradesh,,24.217392,78.193689,False,1,614.0
MANDAVALLI,MDVL,Andhra Pradesh,SCR,16.518809308199998,81.1607440393,True,4,574.0
MADHAVNAGAR,MDVR,Maharashtra,CR,16.886605,74.575493,False,1,754.0
MARWAR MUNDWA,MDW,Rajasthan,,27.063606,73.815965,True,8,645.0
MUDARIA,MDXR,Madhya Pradesh,,23.3586036574,81.0950669171,False,0,614.0
MASAIPET,ME,Andhra Pradesh,SCR,17.8805365542,78.4669570667,True,2,574.0
MEDCHAL,MED,Andhra Pradesh,SCR,17.639335,78.474557,True,10,574.0
Methai,MEE,Bihar,ECR,25.907006000000003,86.72458900000001,False,0,711.0
MELENG,MEG,Assam,,26.794395,94.305982,False,0,278.0
MELALATHUR,MEH,Tamil Nadu,,12.917803,78.875384,False,0,557.0
VANCHIMANIYACHI,MEJ,Tamil Nadu,SR,8.882102999999999,77.890651,True,40,557.0
Melakkonnakkulam,MEKM,Tamil Nadu,SR,9.724593,78.46655700000001,False,0,557.0
MAU AIMMA,MEM,Uttar Pradesh,NR,25.698324,81.91377,True,4,1205.0
MEENAPUR,MENP,Bihar,,25.6140514163,87.8024827136,False,0,711.0
MAHIDPUR ROAD,MEP,Madhya Pradesh,,23.567509,75.500338,True,11,614.0
MALETHU KANAK,MEQ,Uttar Pradesh,NR,26.60377,82.124891,False,0,1205.0
METPANJRA,MER,Maharashtra,,21.26917,78.65915899999999,False,0,754.0
MADURAI EAST,MES,Tamil Nadu,SR,9.908505,78.134188,False,0,557.0
MALERKOTLA,MET,Punjab,NR,30.529403,75.87169200000001,True,19,297.0
Methi Tikur,METR,Uttar Pradesh,,26.698845,80.418467,False,0,1205.0
MENDU,MEU,Uttar Pradesh,,27.614247,78.09995699999999,False,0,1205.0
Marhaura,MEW,Bihar,NER,25.969081,84.850984,False,0,711.0
MUKERIAN,MEX,Punjab,NR,31.941873,75.61183799999999,True,25,297.0
MAKURIA,MFA,Bihar,,25.6292447936,87.88715343380001,False,0,711.0
MUSTAFABAD,MFB,Haryana,,30.181009,77.123303,False,0,201.0
MAHRAULI,MFH,Uttar Pradesh,,28.663865,77.468815,False,0,1205.0
Muftiganj,MFJ,Uttar Pradesh,NER,25.700913,82.827774,True,2,1205.0
MUSAFIR KHANA,MFKA,Uttar Pradesh,,26.379585,81.79981699999999,True,22,1205.0
MISRAULI,MFL,Uttar Pradesh,,26.1143704217,81.84839619259999,True,5,1205.0
MAHALAM,MFM,Punjab,NR,31.018428,74.706748,False,0,297.0
MUZAFFARPUR JN,MFP,Bihar,,26.122311,85.378006,True,100,711.0
MAHROI,MFQ,Madhya Pradesh,WCR,23.951414,80.919501,True,2,614.0
Mandla Fort,MFR,Madhya Pradesh,SECR,22.586017,80.355908,False,0,614.0
MADARAHA,MFX,Uttar Pradesh,NCR,25.273637,81.764284,False,0,1205.0
MALAHAR,MFZ,West Bengal,,25.303709,87.95782,False,0,713.0
Modelgram,MG,Punjab,NR,30.891527,75.83618299999999,False,0,297.0
Morgram,MGAE,West Bengal,ER,24.304919,88.018413,True,4,713.0
Mudigubba,MGB,Andhra Pradesh,SCR,14.349934,77.994996,True,2,574.0
MUGAT,MGC,Maharashtra,SCR,19.17485,77.427262,True,6,754.0
MUGAD,MGD,Karnataka,SWR,15.46241,74.915401,False,0,416.0
Magardharra Ph,MGDR,Madhya Pradesh,,21.9661929569,80.12555929080001,False,0,614.0
MIGRENDISA,MGE,Assam,NFR,25.171242,93.061557,False,0,278.0
Mandagere,MGF,Karnataka,SWR,12.730158,76.378905,True,4,416.0
MANGLIYA GAON,MGG,Madhya Pradesh,WR,22.815074,75.91805099999999,True,6,614.0
Manigachi,MGI,Bihar,ECR,26.213719,86.146605,False,0,711.0
MULANGUNNATHUKAVU,MGK,Kerala,,10.596939,76.207809,False,0,183.0
Mungiakami,MGKM,Tripura,NFR,23.8838302513,91.7101089758,False,0,17.0
MANGELA,MGL,Karnataka,?,16.223191,75.74938300000001,True,2,416.0
MANIGRAM,MGLE,West Bengal,ER,24.3428549076,88.107881626,True,2,713.0
Mangli,MGLI,Maharashtra,,20.643535999999997,79.666123,False,0,754.0
MANGOLPURI,MGLP,Delhi NCT,NR,28.6832457826,77.0905744531,False,1,28.0
Muragacha,MGM,West Bengal,ER,23.529636,88.421243,True,4,713.0
MCCLUSKIEGANJ,MGME,Jharkhand,,23.651781,84.940855,True,4,270.0
MUGHAL SARAI MARSHALING YARD,MGMY,Uttar Pradesh,,25.287126389900003,83.1361698425,False,0,1205.0
MEGHNAGAR,MGN,Madhya Pradesh,,22.907459,74.539834,True,41,614.0
MAHISGAON,MGO,Maharashtra,CR,18.111324,75.501817,False,0,754.0
MUNDA GOPAL ASHRAM,MGPA,Uttar Pradesh,,27.255493,81.139283,False,0,1205.0
MANGARPATTI HALT,MGPI,Bihar,,26.371005066,86.1100315369,False,0,711.0
Munger,MGR,Bihar,ER,25.3771111,86.4813897,False,0,711.0
MAGARDOH,MGRD,Madhya Pradesh,,22.248104,77.894738,False,0,614.0
MANGROLLA,MGRL,Gujarat,,21.156258,73.182172,True,4,633.0
MEGH RAJ PURA,MGRP,Himachal Pradesh,NR,32.079397,76.07141899999999,False,0,55.0
MAGARPUR,MGRR,Uttar Pradesh,NCR,25.322705000000003,78.858785,False,0,1205.0
MUGHAL SARAI JN,MGS,Uttar Pradesh,,25.278149,83.11925000000001,True,233,1205.0
MAGNESITE JN,MGSJ,Tamil Nadu,,11.696253,78.096286,False,0,557.0
MGSO,MGSO,,,,,False,0,
Magra Hat,MGT,West Bengal,ER,22.242111,88.37271299999999,False,0,713.0
MEGHPUR TITODI,MGTD,Gujarat,,22.138132,69.451972,True,2,633.0
MOLAGAVALLI,MGV,Andhra Pradesh,,15.357784,77.371821,False,0,574.0
Malegaon Vyenku,MGVK,Maharashtra,SECR,21.37586,78.956134,True,2,754.0
MAGARWARA,MGW,Uttar Pradesh,,26.523705,80.428892,False,0,1205.0
Mahngarwal Doaba,MGWD,Punjab,NR,31.325405,76.088969,False,0,297.0
MAHGAWAN HALT,MGWN,Uttar Pradesh,NR,25.817255999999997,82.69625099999999,False,0,1205.0
Mailongdisa,MGX,Assam,NFR,,,False,0,278.0
Marahra,MH,Bihar,CR,25.100178,85.446664,False,0,711.0
MARAHRA,MHA,Uttar Pradesh,,27.746474000000003,78.55504400000001,False,0,1205.0
Mohadi Pragane Laling,MHAD,Maharashtra,CR,20.863002,74.77978399999999,True,2,754.0
Mahadev Buzurg,MHBG,Uttar Pradesh,NER,27.451001,82.87452,False,0,1205.0
MAHBUBNAGAR TOWN HALT,MHBT,Telangana,,16.742879000000002,77.982649,True,2,150.0
Mahtha Bazar,MHBZ,Uttar Pradesh,NER,27.391561,82.957379,False,0,1205.0
Masrakh,MHC,Bihar,NER,26.1022287466,84.8085433154,False,0,711.0
MAHEMDAVAD KHEDA RD,MHD,Gujarat,,22.819556,72.752481,True,26,633.0
MAHDEIYA,MHDA,Madhya Pradesh,ECR,24.210039,82.588309,False,0,614.0
MAHADIA PH,MHDB,Odisha,,20.750947,85.475883,False,0,235.0
Mahadevpara,MHDP,Gujarat,WR,23.677025,72.949202,False,0,633.0
Mohari Junction,MHF,Rajasthan,NCR,26.70055271,77.55378492,False,0,645.0
MAGHAR,MHH,Uttar Pradesh,,26.750013,83.133741,True,8,1205.0
MAHESRA,MHHR,Uttar Pradesh,,28.856392,78.330321,False,0,1205.0
Manihari,MHI,Bihar,NFR,25.343215469,87.6197250085,False,0,711.0
MAHAJAN,MHJ,Rajasthan,NWR,28.793007,73.85366599999999,True,14,645.0
MOHKHUTI,MHKT,Assam,,27.106537,94.80821,False,0,278.0
MAHWAL,MHL,Bihar,ECR,26.301858406599997,85.12631435489999,False,0,711.0
MONKEY HILL,MHLC,Maharashtra,,18.769161,73.36374599999999,False,0,754.0
MAHESH LETA HALT,MHLT,Bihar,,25.1511094241,86.1301575793,False,0,711.0
MAHIMBA,MHMB,Maharashtra,SCR,19.419884999999997,78.076322,False,0,754.0
Mahanadi,MHN,West Bengal,NFR,26.882301,88.318628,True,2,713.0
MAHPUR,MHO,Uttar Pradesh,NER,25.605166,83.246984,True,2,1205.0
Mhow,MHOW,Madhya Pradesh,WR,22.55518,75.771097,True,4,614.0
MUHAMMADPUR,MHP,Bihar,,26.236878,85.852798,False,0,711.0
Mhope,MHPE,Maharashtra,,18.943255,73.19412,True,2,754.0
Mahiyarpur,MHPR,Bihar,,25.4114530414,87.613385199,False,0,711.0
Mahuda,MHQ,Jharkhand,SER,23.747481,86.27078300000001,True,4,270.0
Mahendragarh,MHRG,Haryana,NWR,28.281433000000003,76.14863000000001,True,12,201.0
Mahrail,MHRL,Bihar,ECR,26.294081,86.284783,False,0,711.0
MAHENDRANATH,MHRN,Bihar,,26.000739,84.509909,False,0,711.0
MANJHI,MHT,Bihar,,25.828485,84.58475899999999,True,2,711.0
MALIHATI TALIBPUR ROAD,MHTR,West Bengal,ER,23.79372,88.126194,False,0,713.0
Manheru,MHU,Haryana,NWR,28.701227,76.203117,True,2,201.0
Mahudha,MHUA,Gujarat,WR,22.817129,72.946947,False,0,633.0
Mehuwala Halt,MHUL,Haryana,,29.411154,75.31496800000001,False,0,201.0
Mohanpur,MHUR,Jharkhand,ER,24.488460999999997,86.78564800000001,False,0,270.0
MAHUVA JN,MHV,Gujarat,WR,21.09412,71.756011,True,2,633.0
MACHROWAR,MHWL,Punjab,,31.516333,75.636644,False,0,297.0
MANIA,MIA,Rajasthan,,26.805806,77.91964999999999,False,0,645.0
Milaoli,MIAL,Madhya Pradesh,NCR,26.296423,78.120963,False,0,614.0
MIANGRAM,MIAN,West Bengal,ER,23.853212000000003,88.17146,False,0,713.0
NAGPUR MOTI BAGH,MIB,Maharashtra,,21.146062,79.088986,False,0,754.0
MADHI,MID,Gujarat,,21.145672,73.24268000000001,True,9,633.0
MIDGHAT,MIG,Madhya Pradesh,,22.828141,77.647526,False,0,614.0
MIHRAWAN,MIH,Uttar Pradesh,NR,25.871178,82.694333,True,2,1205.0
Majhdia,MIJ,West Bengal,ER,23.414561999999997,88.719031,False,0,713.0
MANIKUL,MIK,Jharkhand,,22.919528,86.066359,True,2,270.0
MILAK,MIL,Uttar Pradesh,,28.612475,79.16411699999999,True,9,1205.0
MILAKPUR HALT,MILA,Uttar Pradesh,,27.988261374,79.71796182739999,False,0,1205.0
MILE-FIVEB,MILE,West Bengal,,22.509943999999997,88.343231,False,0,713.0
Maniram,MIM,Uttar Pradesh,NER,26.838267,83.342407,False,0,1205.0
Mihinpurwa,MIN,Uttar Pradesh,NER,28.0273441203,81.38446715209999,True,2,1205.0
MIYANA,MINA,Madhya Pradesh,WCR,24.85653,77.472164,True,4,614.0
MAIKALGANJ,MINJ,Uttar Pradesh,,27.7175372166,80.3378219061,True,3,1205.0
Molisar,MIO,Rajasthan,NWR,28.13104,74.739025,False,0,645.0
MARRIPALEM,MIPM,Andhra Pradesh,,17.7363,83.252629,True,10,574.0
MIRHAKUR,MIQ,Uttar Pradesh,NCR,27.151203539700003,77.8660122473,True,2,1205.0
MAIJAPUR,MIR,Uttar Pradesh,,27.141734,81.773788,False,0,1205.0
MIRA ROAD,MIRA,Maharashtra,WR,19.280299,72.856072,False,0,754.0
MITHA,MITA,Gujarat,,24.082494,71.672422,False,0,633.0
MARIPAT,MIU,Uttar Pradesh,,28.586886,77.495428,False,0,1205.0
Mighauna,MIW,Uttar Pradesh,NER,28.24322,79.826515,False,0,1205.0
Manipuram Cabin,MIX,Andhra Pradesh,,16.29953,80.45759,False,0,574.0
MANIYAN,MIYN,Bihar,,25.5232741031,87.6069420667,False,0,711.0
MARWAR JN,MJ,Rajasthan,NWR,25.720478999999997,73.609301,True,86,645.0
MEJA ROAD,MJA,Uttar Pradesh,,25.221545,82.089337,True,13,1205.0
MANJARI BUDRUK,MJBK,Maharashtra,,18.512039,73.971424,True,8,754.0
MAJBAT,MJBT,Assam,,26.784587,92.287814,True,2,278.0
MUJNAL,MJE,West Bengal,NFR,26.693328,89.191957,False,0,713.0
MALKAJGIRI,MJF,Telangana,,17.448392000000002,78.529606,True,24,150.0
MAJHAGAWAN,MJG,Madhya Pradesh,WCR,24.913389,80.811656,True,9,614.0
MAJHGAWAN PHATA,MJGP,Madhya Pradesh,,23.8831332893,80.3474740967,False,0,614.0
MAJADA HALT,MJHL,Uttar Pradesh,NR,28.461762,78.74320900000001,False,0,1205.0
MAJHIARI,MJHR,Uttar Pradesh,NCR,25.1789843066,81.5188330261,False,0,1205.0
MAJRI KHADAN,MJKN,Maharashtra,,20.109731,79.01907800000001,False,0,754.0
MAJHOWLIA,MJL,Bihar,ECR,26.802772,84.619139,True,2,711.0
MANJHAULIGRAM H,MJM,Bihar,,25.478252,85.422051,False,0,711.0
Makum Junction,MJN,Assam,NFR,27.485742,95.440958,True,2,278.0
MAJRI NANGAL,MJNL,Rajasthan,NWR,28.011996999999997,76.554869,False,0,645.0
MAJORDA,MJO,Goa,KR,15.314045,73.922408,False,0,21.0
MOHARAJPUR,MJP,Jharkhand,,25.219587,87.74030800000001,False,0,270.0
Manjhra Purab,MJPB,Uttar Pradesh,NER,28.300646,81.160402,False,0,1205.0
MINJUR,MJR,Tamil Nadu,,13.281979,80.26019199999999,False,0,557.0
MAJRI JN,MJRI,Maharashtra,,20.139283,79.043522,True,15,754.0
MANJESHWAR,MJS,Kerala,SR,12.724197,74.887582,True,7,183.0
MAJERHAT,MJT,West Bengal,,22.518978,88.322256,False,0,713.0
Manjhagarh,MJV,Bihar,NER,26.417226,84.504257,False,0,711.0
MARAMJHIRI,MJY,Madhya Pradesh,,21.946123,77.883002,True,2,614.0
Majhola Pakarya,MJZ,Uttarakhand,NER,28.831681000000003,79.899341,True,2,46.0
MIRANPUR KATRA,MK,Uttar Pradesh,,28.03708,79.674809,True,4,1205.0
MOKAMEH JN,MKA,Bihar,,25.391885,85.91304899999999,True,106,711.0
MANKATHA,MKB,Bihar,,25.207216,86.056352,True,11,711.0
Manwala Kot Bakhtu,MKBH,Punjab,,30.040498999999997,74.95205,False,0,297.0
MAKSI,MKC,Madhya Pradesh,,23.251625,76.159116,True,59,614.0
MARKUNDI,MKD,Madhya Pradesh,WCR,25.017393,80.947114,False,0,614.0
MUKUNDWADI HALT,MKDD,Maharashtra,SCR,19.859544,75.367553,True,8,754.0
MAKUDI,MKDI,Telangana,,19.592555,79.44826,True,2,150.0
Morkadhana,MKDN,Madhya Pradesh,CR,22.11073,78.501566,True,2,614.0
MANAK NAGAR,MKG,Uttar Pradesh,,26.810176,80.890615,False,0,1205.0
MALAKHERA,MKH,Rajasthan,NWR,27.390236,76.618982,True,7,645.0
Makhi,MKHI,Uttar Pradesh,NR,26.661427,80.46113700000001,False,0,1205.0
MARWAR KHARA,MKHR,Rajasthan,NWR,27.0605694408,72.1300715057,False,0,645.0
BAPUDHAM MOTIHARI,MKI,Bihar,ECR,26.655520000000003,84.90525,False,0,711.0
MAKKAJIPALLI,MKJ,Andhra Pradesh,,14.19611832,77.62844748,False,0,574.0
KODAMBAKAM,MKK,Tamil Nadu,,13.052566,80.231305,False,0,557.0
MAKLIDRUG,MKL,Karnataka,,13.4095451686,77.50903739809999,True,2,416.0
MAKRAULI,MKLI,Haryana,NR,28.946971,76.62755,False,0,201.0
Marikuppam,MKM,Karnataka,SWR,12.918968,78.263789,False,0,416.0
MAKRANA JN,MKN,Rajasthan,,27.037532,74.72314899999999,True,44,645.0
MARKONA,MKO,Odisha,,21.195555,86.596117,True,4,235.0
MANIKPUR JN,MKP,Uttar Pradesh,NCR,25.063492,81.09365700000001,True,81,1205.0
MUKTAPUR,MKPR,Bihar,,25.884676,85.79556,False,1,711.0
MALIKPETH,MKPT,Maharashtra,,17.899981999999998,75.608752,True,2,754.0
MADDIKERA,MKR,Andhra Pradesh,SCR,15.256635,77.411496,True,8,574.0
MAKRERA,MKRA,Rajasthan,NWR,26.3109253108,74.5333715979,True,2,645.0
Machhakunda,MKRD,Orissa,ECoR,18.566875,82.666955,True,2,65.0
MALLICKPUR HAT,MKRH,West Bengal,,25.325703,88.676426,True,2,713.0
Moti Koral,MKRL,Gujarat,WR,21.8352421,73.2044654,False,0,633.0
MAKRONIA,MKRN,Madhya Pradesh,,23.867050000000003,78.80807700000001,True,9,614.0
Muktsar,MKS,Punjab,NR,30.47821,74.514271,True,2,297.0
MUKHASA PARUR,MKSP,Tamil Nadu,,11.566638,79.240919,False,0,557.0
Mokalsar,MKSR,Rajasthan,NWR,25.625350216,72.5180445245,True,8,645.0
Mukhtiar Balwar,MKT,Madhya Pradesh,WR,22.398362,75.973751,True,4,614.0
MUKETASHWAR,MKTP,Odisha,,19.919138,85.437914,False,0,235.0
MALKAPUR,MKU,Maharashtra,,20.891974,76.202946,True,56,754.0
MORAK,MKX,Rajasthan,,24.730953,75.97333900000001,True,7,645.0
MEKKUDI,MKY,Tamil Nadu,SR,10.87109,78.628737,False,0,557.0
Mahkepar Road,MKZ,Madhya Pradesh,,21.632916,79.67892,False,0,614.0
MALHOUR,ML,Uttar Pradesh,,26.8534491635,81.0404752448,False,1,1205.0
MALANPUR,MLAR,Madhya Pradesh,NCR,26.413117999999997,78.27281099999999,True,3,614.0
MODNIMB,MLB,Maharashtra,CR,17.9165477096,75.4055439008,True,8,754.0
MALKISAR,MLC,Rajasthan,NWR,28.654232,73.862645,True,4,645.0
MALIHABAD,MLD,Uttar Pradesh,,26.930598,80.71503200000001,True,8,1205.0
MADLAUDA,MLDE,Haryana,NR,29.399824,76.809711,False,0,201.0
MALDA TOWN,MLDT,West Bengal,,25.015659,88.130338,True,108,713.0
MALHARGARH,MLG,Madhya Pradesh,WR,24.265618,74.972666,True,5,614.0
Mandalgarh,MLGH,Rajasthan,WCR,25.194176,75.08094,True,8,645.0
MALLAPPA GATE,MLGT,Andhra Pradesh,SCR,15.225027,77.387152,True,4,574.0
MANAKLAO,MLH,Rajasthan,NWR,26.485986,73.003204,False,0,645.0
MALIYA HATINA,MLHA,Gujarat,WR,21.15957,70.29970100000001,True,10,633.0
Light House,MLHS,Tamil Nadu,SR,13.044645999999998,80.276539,False,0,557.0
MANGALIYAWAS,MLI,Rajasthan,NWR,26.278197,74.492705,True,2,645.0
MAULI HALT,MLIH,Punjab,,31.175,75.769234,False,0,297.0
MOHANLALGANJ,MLJ,Uttar Pradesh,,26.687033,80.984093,True,4,1205.0
MALKAPURAM,MLK,Andhra Pradesh,,15.368944,77.96755599999999,True,6,574.0
Maluka,MLKA,Jharkhand,SER,22.202912,85.672936,False,0,270.0
Mulewal Khaihra,MLKH,Punjab,NR,31.102966,75.29969399999999,False,0,297.0
MALIKPUR,MLKP,Uttar Pradesh,,27.161781,79.690181,False,0,1205.0
MALTHAN,MLM,Maharashtra,,18.3689511683,74.7243673877,True,2,754.0
MALLEMADUGU,MLMG,Andhra Pradesh,SCR,17.3251381906,80.1605882117,False,0,574.0
MELMARUVATTUR,MLMR,Tamil Nadu,,12.429554,79.83380100000001,True,62,557.0
MAILANI,MLN,Uttar Pradesh,NER,28.284349,80.347318,True,5,1205.0
MULUND,MLND,Maharashtra,,19.172355,72.956933,False,0,754.0
MALANCHA,MLNH,West Bengal,,25.368716000000003,88.586067,True,2,713.0
MALUR,MLO,Karnataka,,12.992108,77.940033,True,10,416.0
MALLAPUR,MLP,Karnataka,SWR,15.672447,75.610219,True,4,416.0
MELPAKKAM,MLPM,Tamil Nadu,,13.080671,79.659245,False,0,557.0
MALIPUR,MLPR,Uttar Pradesh,,26.281482,82.63130000000001,True,19,1205.0
Malkera Junction,MLQ,Jharkhand,SER,23.779733,86.29694900000001,False,0,270.0
MALKHED,MLR,Maharashtra,,20.821793,77.862831,False,0,754.0
MALASA,MLS,Uttar Pradesh,,26.28889,79.907312,False,0,1205.0
MALLASANDRA,MLSA,Karnataka,SWR,13.335173,77.015018,False,0,416.0
Malsar,MLSR,Gujarat,WR,21.88940753391553,73.31641039811075,False,0,633.0
MALSAILU,MLSU,Maharashtra,SCR,19.8680489165,77.1232376385,False,0,754.0
MALATIPATPUR,MLT,Odisha,,19.865258,85.83177,False,0,235.0
Melattur,MLTR,Kerala,SR,11.06543,76.272805,True,2,183.0
MALUGUR,MLU,Andhra Pradesh,,13.866614,77.531591,False,1,574.0
MALLARPUR,MLV,West Bengal,,24.080029,87.726275,True,10,713.0
Mallanwan,MLW,Uttar Pradesh,NR,27.0362379616,80.1583349207,False,0,1205.0
Mullanpur,MLX,Punjab,NR,30.83811,75.66501600000001,False,0,297.0
MAULA ALI,MLY,Telangana,,17.44041,78.55054100000001,True,18,150.0
Maliya,MLYA,West Bengal,ER,22.831668,88.136281,False,0,713.0
MAULA ALI,MLYC,Telangana,,17.447219,78.548135,False,0,150.0
MLYG,MLYG,Telangana,,17.455347,78.53416999999999,False,0,150.0
MELNARIYAPANUR,MLYR,Tamil Nadu,,11.615911,78.814791,False,0,557.0
MALARNA,MLZ,Rajasthan,WCR,26.231078,76.534634,True,8,645.0
MUMBAI MAHIM JN,MM,Maharashtra,WR,19.040547,72.84687600000001,False,0,754.0
MUHAMMADABAD,MMA,Uttar Pradesh,,26.026235,83.376007,True,18,1205.0
MAHMUDABAD AVADH,MMB,Uttar Pradesh,,27.288295,81.114404,True,2,1205.0
MAHAMANDIR,MMC,Rajasthan,NWR,26.3087448868,73.037935174,False,0,645.0
MOOR MARKET,MMCC,Tamil Nadu,,13.084876,80.275222,False,0,557.0
Maheshmunda,MMD,Jharkhand,ER,24.232416,86.38903300000001,True,4,270.0
MUTHALAMADA,MMDA,Kerala,,10.626386,76.77172300000001,False,0,183.0
MOHINI MANDAL(H,MMDL,Bihar,,26.678676999999997,85.389062,False,0,711.0
Mohamadpur,MMDP,Bihar,,24.877386,85.41562499999999,False,0,711.0
Mul Marora,MME,Maharashtra,SECR,20.053466,79.65827900000001,True,2,754.0
Madhyamgram,MMG,West Bengal,ER,22.693938,88.45225400000001,False,0,713.0
MAHADANAPURAM,MMH,Tamil Nadu,SR,10.953711,78.299178,False,1,557.0
MADURANTAKAM,MMK,Tamil Nadu,,12.50442,79.89308700000001,True,7,557.0
MEMRAKHABAD,MMKB,Bihar,,25.472508,85.82685199999999,False,1,711.0
MADAN MAHAL,MML,Madhya Pradesh,WCR,23.159475,79.920425,True,29,614.0
MAHUAMILAN,MMLN,Jharkhand,,23.662241,84.854527,False,0,270.0
MANDAPAM,MMM,Tamil Nadu,SR,9.280516,79.157354,True,10,557.0
MARAIMALAM NAGAR,MMNK,Tamil Nadu,,12.79662,80.019875,False,0,557.0
MAMBALAPPATTU JN,MMP,Tamil Nadu,SR,11.95223333,79.37390499,False,0,557.0
MANTAPAMPALLE,MMPL,Andhra Pradesh,,14.321639,79.078603,True,2,574.0
MAMDAPUR,MMPR,Telangana,,17.3825749479,78.97793132449999,True,2,150.0
MANMAD JN,MMR,Maharashtra,,20.249887,74.438305,True,185,754.0
MANMAD B CABIN,MMRB,Maharashtra,,20.2314735706,74.44955586180001,False,0,754.0
MANDASA ROAD,MMS,Andhra Pradesh,,18.840628,84.494113,True,4,574.0
MUGMA,MMU,Jharkhand,,23.751414,86.747614,False,0,270.0
MAHALI MARUP,MMV,Jharkhand,,22.757135,85.879316,True,6,270.0
Murga Mahadev Road,MMVR,Odisha,,22.06048608,85.46586180999999,True,2,235.0
MARWAR MATHANYA,MMY,Rajasthan,NWR,26.532173,72.978778,True,6,645.0
MANDAMARI,MMZ,Telangana,,18.971272,79.47014800000001,True,2,150.0
MINAMBAKKAM,MN,Tamil Nadu,,12.98432,80.174625,False,0,557.0
MANKAR,MNAE,West Bengal,,23.420373,87.555822,True,7,713.0
MADANKATA,MNC,Jharkhand,,24.140881,86.70195,True,2,270.0
Monacherra,MNCR,Assam,?,24.611951,92.550058,False,0,278.0
MUNDERWA,MND,Uttar Pradesh,,26.776435,82.903373,True,2,1205.0
MANDURA,MNDA,Maharashtra,,20.78015,77.52258400000001,False,0,754.0
MANDIR HASAUD,MNDH,Chhattisgarh,,21.226192,81.772807,True,3,162.0
MANDI DHANAURA,MNDR,Uttar Pradesh,NR,28.953119,78.26149799999999,True,7,1205.0
MANDAWARIYA,MNDV,Rajasthan,,26.621072,74.890472,False,0,645.0
Mandaveli,MNDY,Tamil Nadu,SR,13.027861,80.260507,False,0,557.0
MANSI JN,MNE,Bihar,,25.509398,86.554446,True,31,711.0
MANDA ROAD,MNF,Uttar Pradesh,,25.162718,82.236678,True,8,1205.0
MUNIGUDA,MNGD,Odisha,,19.62753,83.488343,True,40,235.0
Mohan Nagar,MNGR,Rajasthan,,29.45876,73.523178,False,0,645.0
MYSORE NEW GOOD,MNGT,Karnataka,SWR,12.338553999999998,76.642542,False,0,416.0
Mota Miya Mangrol,MNGV,Gujarat,WR,21.4615072,73.1537192,False,0,633.0
Mindha,MNHA,Rajasthan,NWR,27.112061,75.33241,False,0,645.0
MAJHAIRAN HIMACHAL,MNHL,Himachal Pradesh,NR,32.046378,76.60279299999999,False,0,55.0
MANGAON,MNI,Maharashtra,KR,18.247286000000003,73.275679,True,15,754.0
MANOHARGANJ,MNJ,Uttar Pradesh,,25.524992,81.55907499999999,True,4,1205.0
Manjhlepur,MNJR,Uttar Pradesh,NR,25.994578,81.178625,False,0,1205.0
MIYONKA BARA,MNKB,Rajasthan,NWR,25.872727,72.728511,False,0,645.0
MANIKALAN HALT,MNKN,Uttar Pradesh,NR,25.917549,82.691157,False,0,1205.0
MINCHNAL,MNL,Karnataka,SWR,16.971395,75.822432,True,6,416.0
Manali Halt,MNLI,Tamil Nadu,SR,,,False,0,557.0
MANAMADURAI JN,MNM,Tamil Nadu,SR,9.681539,78.45351,True,20,557.0
Manamadurai East,MNME,Tamil Nadu,SR,9.697777,78.45434999999999,False,0,557.0
MANI MAU,MNMU,Uttar Pradesh,,26.98913852,79.9651825488,False,0,1205.0
MEHNAR ROAD,MNO,Bihar,ECR,25.654307800700003,85.504477691,True,5,711.0
MANANPUR,MNP,Bihar,,25.1049319287,86.15540512449999,True,21,711.0
MINAPUR,MNPR,Punjab,,30.911265,76.567332,False,0,297.0
MUNGILIPATTU,MNPT,Andhra Pradesh,,13.5565460528,79.2410982153,False,0,574.0
MAINPURI,MNQ,Uttar Pradesh,NCR,27.216507,79.034774,True,4,1205.0
MAKKHANPUR,MNR,Uttar Pradesh,,27.119485,78.4715,False,0,1205.0
Manshahi,MNS,Bihar,NFR,25.4756828749,87.5881226697,False,0,711.0
MANAKSAR,MNSR,Rajasthan,NWR,29.680074,74.383621,True,8,645.0
MULANTURUTTI,MNTT,Kerala,,9.901576,76.389673,True,2,183.0
MUNDIKOTA,MNU,Maharashtra,,21.372513,79.834833,True,2,754.0
MANNANUR,MNUR,Kerala,,10.749322,76.323555,False,0,183.0
MUNGAOLI,MNV,Madhya Pradesh,,24.402175,78.11099,True,20,614.0
MNVL,MNVL,Kashmir,,32.7689671,75.132188,False,0,4.0
MANWAL,MNWL,Jammu and Kashmir,NR,32.769105,75.13222499999999,False,0,16.0
Manganallur,MNX,Tamil Nadu,,11.0242096,79.6498049,False,0,557.0
MANKARAI,MNY,Kerala,,10.771526,76.500232,False,0,183.0
MANANI,MNZ,Uttar Pradesh,NR,29.884915,77.498609,False,0,1205.0
MOHOL,MO,Maharashtra,,17.805205,75.675995,True,10,754.0
MANOPAD,MOA,Telangana,,15.994114,77.941968,False,1,150.0
Manipur Bagan,MOAR,Assam,?,24.400845,92.54072,False,0,278.0
MANOHARABAD,MOB,Andhra Pradesh,SCR,17.75573,78.45439599999999,True,2,574.0
Moabund,MOBD,Assam,NFR,26.66857,94.071748,False,0,278.0
MORAMPUDI,MOD,Andhra Pradesh,,16.3531150213,80.620208194,False,0,574.0
MONDH,MOF,Uttar Pradesh,,25.427572,82.48463699999999,True,7,1205.0
MOHIUDDINNAGAR,MOG,Bihar,ECR,25.606296391399997,85.70332322690001,True,7,711.0
Moga,MOGA,Punjab,NR,30.817296,75.16846699999999,True,4,297.0
MORI BERA,MOI,Rajasthan,NWR,25.035575,73.136306,True,4,645.0
MOHANA,MOJ,Madhya Pradesh,WCR,25.980208,77.83395499999999,False,0,614.0
MULI ROAD,MOL,Gujarat,WR,22.676562,71.43486,True,6,633.0
MOLAKARAMPATTI,MOLK,Tamil Nadu,,12.466956,78.541815,False,0,557.0
Maman,MOM,Uttar Pradesh,NR,28.330372,77.86108700000001,False,1,1205.0
Molakalmuru,MOMU,Karnataka,SWR,14.709669,76.74572699999999,True,4,416.0
Modran,MON,Rajasthan,NWR,25.187428,72.447631,True,8,645.0
MONGLAJHORA,MONJ,Assam,NFR,26.259236,89.963309,False,0,278.0
MUDDANURU,MOO,Andhra Pradesh,,14.688415,78.395393,True,14,574.0
MOHITNAGAR,MOP,West Bengal,,26.53055,88.669651,True,2,713.0
MOHANPURA,MOPR,Rajasthan,NR,29.992445,73.845031,False,0,645.0
MOR,MOR,Bihar,,25.43034549,85.8567601593,True,14,711.0
MORAIYA,MORA,Gujarat,WR,22.946834,72.454814,False,0,633.0
MALOUT,MOT,Punjab,NR,30.184671,74.49550799999999,True,15,297.0
MOTA,MOTA,Uttar Pradesh,NCR,27.2889777447,79.2537294641,False,0,1205.0
MOTICHUR,MOTC,Uttarakhand,NR,29.981150000000003,78.177678,True,3,46.0
MOTIGANJ,MOTG,Uttar Pradesh,,27.101387,82.103635,False,0,1205.0
MOTH,MOTH,Uttar Pradesh,,25.74157,78.948673,True,10,1205.0
MANOHARPUR,MOU,Jharkhand,,22.373359,85.196894,True,16,270.0
MANANWALA,MOW,Punjab,,31.612827000000003,74.96656200000001,False,1,297.0
MORAN,MOX,Assam,,27.14711,94.888404,False,0,278.0
MOHRI,MOY,Haryana,,30.255264,76.850054,False,0,201.0
MUZAFFARNAGAR,MOZ,Uttar Pradesh,NR,29.468689,77.707807,True,44,1205.0
MELAPPALAIYAM,MP,Tamil Nadu,SR,8.7067184087,77.7018564789,False,0,557.0
MANAPARAI,MPA,Tamil Nadu,,10.6075620105,78.4177652356,True,6,557.0
Muttampatti,MPC,Tamil Nadu,SWR,11.984107,78.152895,False,0,557.0
MADPUR,MPD,West Bengal,,22.369694000000003,87.44326799999999,False,0,713.0
Malatipur,MPE,West Bengal,ER,22.651892,88.76282300000001,False,0,713.0
MUIRPUR ROAD,MPF,Uttar Pradesh,,24.206087,83.094386,False,0,1205.0
Manpur Nagaria,MPG,Uttar Pradesh,NER,27.908304,78.818201,False,0,1205.0
MUNDHA PANDE,MPH,Uttar Pradesh,,28.800367,78.939038,True,4,1205.0
MELPATTI,MPI,Tamil Nadu,,12.859507,78.797049,False,0,557.0
Madanpur,MPJ,West Bengal,ER,23.005927999999997,88.489717,False,1,713.0
CHENNAI PARK,MPK,Tamil Nadu,,13.080627,80.27285,False,0,557.0
CHENNAI PARK TOWN,MPKT,Tamil Nadu,SR,13.07995,80.27598499999999,False,0,557.0
Madanapalle Road,MPL,Andhra Pradesh,SCR,13.644442,78.55442400000001,True,10,574.0
MAHIPAL,MPLE,West Bengal,ER,24.30631,88.162107,False,0,713.0
MINNAMPALLI,MPLI,Tamil Nadu,,11.671079675900002,78.2849851605,False,0,557.0
MARTHIPALAYAM,MPLM,Tamil Nadu,SR,11.021579,78.023359,True,2,557.0
MAHIPAL ROAD,MPLR,West Bengal,ER,24.2875453877,88.1911711557,True,2,713.0
MEPPULIYUR,MPLY,Tamil Nadu,,11.676385,79.30663799999999,False,0,557.0
Mohapani Mal,MPML,Madhya Pradesh,SECR,21.812143,78.910005,True,4,614.0
Madhyampur,MPN,West Bengal,ER,22.619981,88.896007,False,0,713.0
MAJNUPUR NAWADA,MPNH,Bihar,,25.5321961227,85.9312678741,False,0,711.0
MANPUR JN,MPO,Bihar,,24.807111000000003,85.044738,False,0,711.0
MAKARPURA,MPR,Gujarat,,22.232706,73.175422,True,2,633.0
Mathurapur Road,MPRD,West Bengal,ER,22.140587,88.390923,False,0,713.0
Mangalampeta,MPT,Andhra Pradesh,SCR,13.568344,79.074022,False,0,574.0
MEDAPADU,MPU,Andhra Pradesh,,17.005091,82.096133,True,5,574.0
MAINPURI KACHRI,MPUE,Uttar Pradesh,NCR,27.227142,79.06563200000001,False,0,1205.0
New Madanpur,MPUR,Jharkhand,?,24.312218,87.226329,False,0,270.0
MURARPUR,MPY,Bihar,,25.232759,86.886908,True,4,711.0
Mannargudi,MQ,Tamil Nadu,SR,10.674541,79.455639,True,8,557.0
Matoda,MQA,Gujarat,,24.11526,73.00914999999999,False,0,633.0
MUNDKA,MQC,Delhi NCT,NR,28.6884911989,77.0285688654,False,0,28.0
MOHAMMADKHERA,MQE,Madhya Pradesh,,23.384268,76.665757,True,3,614.0
MILANGARH,MQG,Bihar,,25.368746039300003,87.8962231482,False,0,711.0
MARADAM HALT,MQJ,Andhra Pradesh,,18.400797,83.346343,False,0,574.0
MIRKHAL,MQL,Maharashtra,SCR,19.2036411097,76.9150573724,True,7,754.0
MANYAMKONDA,MQN,Telangana,,16.683425,77.904883,False,1,150.0
MUNROTURUTTU,MQO,Kerala,,8.9949977685,76.6119083966,True,4,183.0
Makrandpur,MQP,Uttar Pradesh,NER,28.213407,79.290097,False,0,1205.0
Markahandi U Halt,MQQ,Madhya Pradesh,SECR,22.049857000000003,79.191328,True,2,614.0
MALKHAID ROAD,MQR,Karnataka,,17.147112,77.17396099999999,True,14,416.0
Malsian Shahkot,MQS,Punjab,NR,31.110293,75.354756,True,2,297.0
MURUKKAMPUZHA,MQU,Kerala,,8.613629999999999,76.830245,True,4,183.0
Mallannagar,MQW,Uttar Pradesh,NER,,,False,0,1205.0
MERALGRAM,MQX,Jharkhand,ECR,24.19691,83.70963400000001,True,4,270.0
MOTA JADRA,MQZ,Gujarat,WR,21.082538000000003,71.704462,False,0,633.0
MARTUR,MR,Karnataka,,17.199686,76.902717,True,2,416.0
MORENA,MRA,Madhya Pradesh,,26.500504,78.003442,True,55,614.0
MUNIRABAD,MRB,Karnataka,SWR,15.308524,76.335537,True,9,416.0
MURIBAHAL,MRBL,Odisha,,20.385885,83.016704,True,4,235.0
MARICHETHAL,MRC,Karnataka,,16.111362,77.30931799999999,False,0,416.0
Manund,MRD,Gujarat,WR,23.7315935,72.2382727,False,0,633.0
Maroda,MRDA,Maharashtra,,20.095174,79.660732,False,0,754.0
Mordar,MRDD,Madhya Pradesh,SCR,21.74264,76.44924400000001,True,4,614.0
Maradanga,MRDG,West Bengal,,26.301078,89.55668499999999,False,0,713.0
MERAMANDOLIL,MRDL,Odisha,,20.802387,85.30494300000001,True,4,235.0
MURDESHWAR,MRDW,Karnataka,KR,14.100277,74.50524700000001,True,14,416.0
MANAURI,MRE,Uttar Pradesh,,25.470171,81.662491,True,3,1205.0
Marpalli,MRF,Andhra Pradesh,SCR,17.54542,77.771485,True,2,574.0
Margherita,MRG,Assam,NFR,27.289315,95.6726,True,2,278.0
MIRYALAGUDA,MRGA,Telangana,,16.860392,79.533503,True,30,150.0
MAURIGRAM,MRGM,West Bengal,,22.5801540304,88.25607790219999,False,0,713.0
Murahara,MRHA,Bihar,?,24.9133804384,86.9345261145,False,0,711.0
MORANHAT,MRHT,Assam,NFR,27.1829782,94.9193076,True,8,278.0
Murliganj,MRIJ,Bihar,ECR,25.888506,87.000446,True,2,711.0
MIRAJ JN,MRJ,Maharashtra,CR,16.819946,74.638839,True,62,754.0
Marajdwa,MRJD,Bihar,ECR,27.043053,84.60191599999999,False,0,711.0
MARKAPUR ROAD,MRK,Andhra Pradesh,,15.714678,79.301115,True,20,574.0
MAROLI,MRL,Gujarat,WR,21.019949,72.88999799999999,True,13,633.0
MARIYAL GANGAVA,MRLA,,,,,False,0,
Murli Halt,MRLI,Jharkhand,ER,25.017163,87.77319899999999,False,0,270.0
MARUDALAM,MRLM,Tamil Nadu,,12.99726,79.399298,False,0,557.0
MAMANDURU,MRM,Andhra Pradesh,,13.745895,79.458115,True,2,574.0
MORWANI,MRN,Madhya Pradesh,,23.2764855209,74.9779687335,True,3,614.0
MORINDA,MRND,Punjab,,30.791519,76.502461,True,5,297.0
Mora,MROA,Uttar Pradesh,,27.516762,77.612747,False,0,1205.0
MARAMPALLI,MRPL,Andhra Pradesh,,16.843925,81.63387399999999,True,2,574.0
MATHURAPUR MOR HALT,MRPM,Uttar Pradesh,,29.6609552552,78.4222417542,False,0,1205.0
MAU RANIPUR,MRPR,Uttar Pradesh,NCR,25.261270999999997,79.136793,True,15,1205.0
MATARI,MRQ,Jharkhand,,23.840519,86.239035,False,0,270.0
MURARAI,MRR,West Bengal,,24.440886,87.85865299999999,True,15,713.0
Morshi,MRSH,Maharashtra,,21.326057,77.995446,False,0,754.0
MATHURA CANT,MRT,Uttar Pradesh,,27.491013,77.685113,True,6,1205.0
MURAITHA,MRTA,Bihar,,26.369764999999997,85.786612,False,0,711.0
MIRTHAL,MRTL,Punjab,NR,32.112895,75.608482,True,2,297.0
MURTI,MRTY,Maharashtra,SCR,18.681887,76.59157300000001,True,4,754.0
MUMBAI MATUNGA ROAD,MRU,Maharashtra,WR,19.028606,72.847143,False,0,754.0
MARSUL,MRV,Maharashtra,SCR,19.233398,77.09815599999999,False,0,754.0
Marwar Ranawas,MRWS,Rajasthan,NWR,25.669354,73.739883,True,2,645.0
MURUD,MRX,Maharashtra,CR,18.380482,76.251585,True,2,754.0
MERIYANA,MRYA,Gujarat,,21.201567,71.415981,False,0,633.0
MIRZA,MRZA,Assam,NFR,26.0727512878,91.517401149,False,0,278.0
CHENNAI EGMORE,MS,Tamil Nadu,,13.077678,80.260193,True,87,557.0
MASAGRAM,MSAE,West Bengal,,23.134791,88.042182,False,0,713.0
CHENNAI BEACH,MSB,Tamil Nadu,,13.09034,80.291601,True,34,557.0
MUSAHIBPUR,MSBR,Punjab,,31.9834478985,75.60945677000001,False,0,297.0
CHENNAI CHETPAT,MSC,Tamil Nadu,,13.074663,80.24337,False,0,557.0
BOMBAY MASJID,MSD,Maharashtra,CR,18.952385,72.838561,False,0,754.0
MASOBA DONGARGAON,MSDG,Maharashtra,,17.265553999999998,75.136269,False,0,754.0
MASNADIH,MSDH,Bihar,ECR,26.958112,84.832613,False,0,711.0
Mahisadal,MSDL,West Bengal,SER,22.176298999999997,88.010799,False,0,713.0
MASUDAN,MSDN,Bihar,,25.2352713892,86.3578830731,True,4,711.0
MURSHADPUR,MSDR,Uttar Pradesh,,29.57239523,78.3756456903,False,0,1205.0
CHENNAI FORT,MSF,Tamil Nadu,,13.08354,80.28293599999999,False,0,557.0
MAHESANA JN,MSH,Gujarat,WR,23.602623,72.388708,True,89,633.0
Mahesana,MSHF,Gujarat,,23.603326,72.38937,False,0,633.0
MAHESANA,MSHM,Gujarat,,23.6061467178,72.38875601560001,False,0,633.0
MUSHARWA HALT,MSHW,Bihar,,27.0516270621,84.48696237120001,False,0,711.0
MAHES KHUNT,MSK,Bihar,,25.46082,86.641818,True,12,711.0
MAHASAMUND,MSMD,Chhattisgarh,,21.113138000000003,82.10389,True,28,162.0
MISAMARI,MSMI,Assam,,26.811265,92.595773,False,0,278.0
MURSAN,MSN,Uttar Pradesh,,27.574211,77.9363,False,0,1205.0
MISROD,MSO,Madhya Pradesh,,23.168701,77.45804600000001,True,2,614.0
MASODHA,MSOD,Uttar Pradesh,NR,26.709217,82.12533900000001,False,0,1205.0
MANSURPUR,MSP,Uttar Pradesh,NR,29.355377,77.719182,False,0,1205.0
Marwar Ratanpur,MSQ,Gujarat,NWR,24.67822,72.142853,False,0,633.0
MASUR,MSR,Maharashtra,CR,17.404241,74.14420899999999,True,5,754.0
MURHESI RAMPUR,MSRP,Uttar Pradesh,WCR,27.412426,77.62741799999999,False,0,1205.0
Masarahalli,MSS,Karnataka,SWR,13.804192,75.735905,False,0,416.0
Maheshari Sandhuan,MSSD,Punjab,NR,30.848579,74.992929,False,0,297.0
MASIT,MST,Uttar Pradesh,,27.269929,80.257914,True,2,1205.0
Misrikh Tirath,MSTH,Uttar Pradesh,NR,27.422483999999997,80.530303,False,0,1205.0
MOSUR,MSU,Tamil Nadu,,13.0857348949,79.7188409808,False,0,557.0
MUSTARA,MSV,Uttar Pradesh,,25.496702,78.63498,False,0,1205.0
MASKANWA,MSW,Uttar Pradesh,,27.0013792301,82.3597396039,True,14,1205.0
Masaniwala,MSWA,Rajasthan,,29.399942999999997,73.59038699999999,False,0,645.0
MANSA,MSZ,Punjab,NR,29.989695,75.402584,True,14,297.0
Matera,MT,Uttar Pradesh,NER,27.784934,81.55344699999999,False,0,1205.0
MATHELA,MTA,Madhya Pradesh,WCR,21.8802561555,76.38997105099999,False,0,614.0
Matania Anantpur,MTAP,West Bengal,ER,,,False,0,713.0
MATLABPUR,MTB,Uttar Pradesh,,28.989821,78.656727,False,0,1205.0
Matia Barghat Halt,MTBG,Uttar Pradesh,,26.941536,83.75710400000001,False,0,1205.0
MEERUT CITY,MTC,Uttar Pradesh,NR,28.97761,77.675106,True,54,1205.0
Triplicane,MTCN,Tamil Nadu,SR,13.054862,80.28020599999999,False,0,557.0
MERTA ROAD JN,MTD,Rajasthan,,26.728077000000003,73.917896,True,68,645.0
MALTEKDI,MTDI,Maharashtra,,19.1674,77.33435399999999,False,0,754.0
METUR DAM,MTDM,Tamil Nadu,,11.807081,77.83200799999999,True,2,557.0
MERTALA PHALEYA,MTFA,West Bengal,ER,23.479666,88.319686,False,0,713.0
MUTHANI,MTGE,Bihar,,25.173236999999997,83.61914300000001,False,0,711.0
MATAUNDH,MTH,Uttar Pradesh,NCR,25.418978,80.148507,False,0,1205.0
MITHAPUR,MTHP,Gujarat,WR,22.411601,69.00869499999999,True,8,633.0
MITAWAL,MTI,Uttar Pradesh,,27.292311,78.19892399999999,False,0,1205.0
MATHURA JN,MTJ,Uttar Pradesh,,27.480145,77.67311699999999,True,171,1205.0
Motijheel,MTJL,Madhya Pradesh,NCR,26.249743,78.142209,False,0,614.0
MOTERJHAR,MTJR,Assam,NFR,26.133968,89.864509,False,0,278.0
MAILAM,MTL,Tamil Nadu,,12.160501,79.60220000000001,False,0,557.0
Machilipatnam,MTM,Andhra Pradesh,SCR,16.171258,81.137763,True,9,574.0
MOTIMARI,MTMI,Andhra Pradesh,SCR,16.956602,80.320896,False,0,574.0
Thirumayilai,MTMY,Tamil Nadu,SR,13.03497,80.267038,False,0,557.0
MUMBAI MATUNGA,MTN,Maharashtra,,19.027347,72.84984200000001,False,0,754.0
Mattagajpur,MTND,Orissa,ECoR,20.441552,85.946128,False,0,65.0
MUTTARASANALLUR,MTNL,Tamil Nadu,SR,10.86586,78.648401,False,0,557.0
MAITHA,MTO,Uttar Pradesh,,26.476492,80.025181,False,0,1205.0
Mettupalayam,MTP,Tamil Nadu,SR,11.299729,76.934533,True,4,557.0
MOTIPURA CHAUKI,MTPC,Rajasthan,WCR,24.6093382288,77.04829951629999,False,0,645.0
Raimehatpur,MTPR,Himachal Pradesh,NR,31.405747,76.32431100000001,True,2,55.0
MOTIPUR,MTR,Bihar,ECR,26.257038720999997,85.1681972229,True,10,711.0
Matigara,MTRA,West Bengal,,26.716817,88.384065,False,0,713.0
MOTA SURKA,MTSK,Gujarat,,21.724542,71.924583,False,0,633.0
Mutupet,MTT,Tamil Nadu,SR,10.4026999,79.4988536,False,0,557.0
MATMARI,MTU,Karnataka,,16.046723,77.302973,True,4,416.0
MTUJ,MTUJ,,,,,False,0,
MATHUR,MTUR,Tamil Nadu,,11.318107,79.20580299999999,False,0,557.0
Matalkunta,MTV,Andhra Pradesh,SCR,17.768291,77.56294000000001,False,0,574.0
Mitewani,MTWN,Maharashtra,,21.424028,79.712797,False,0,754.0
MULTAI,MTY,Madhya Pradesh,,21.783543,78.26283000000001,True,23,614.0
MAKANSAR,MU,Gujarat,,22.7603546992,70.90609338009999,False,0,633.0
MUSRA,MUA,Chhattisgarh,,21.152966,80.879372,True,2,162.0
MULLURKARA,MUC,Kerala,,10.705843,76.271415,False,0,183.0
MURADNAGAR,MUD,Uttar Pradesh,NR,28.759017,77.506774,True,8,1205.0
Mududi,MUDI,Karnataka,,13.151294369,76.2332042139,False,0,416.0
MUDKHED,MUE,Maharashtra,SCR,19.148087,77.509661,True,42,754.0
MAGRA,MUG,West Bengal,,22.983125,88.36829,False,1,713.0
MAHUGARHA,MUGA,Madhya Pradesh,,24.627745093,77.24174229549999,True,4,614.0
MAHUTGAON,MUGN,Assam,NFR,26.962757,94.792882,False,0,278.0
Manuguru,MUGR,Andhra Pradesh,SCR,17.925272,80.799034,True,4,574.0
Murthiha,MUH,Uttar Pradesh,NER,28.030462,81.37814700000001,False,0,1205.0
Murhari Halt,MUHI,Bihar,,25.341408340100003,85.5330143262,False,0,711.0
MUNUMAKA,MUK,Andhra Pradesh,,16.190922,79.981319,True,4,574.0
MUKKALI,MUKE,Kerala,SR,11.68423,75.55036199999999,False,0,183.0
MULKI,MULK,Karnataka,KR,13.068517,74.804962,True,10,416.0
MANGAPATNAM,MUM,Andhra Pradesh,,14.7366964885,78.2607534143,True,2,574.0
MASANGAON,MUO,Madhya Pradesh,WCR,22.272733,77.005257,False,0,614.0
MURHIPAR,MUP,Chhattisgarh,,21.183141,81.14815399999999,False,1,162.0
MUPA,MUPA,Assam,NFR,25.368686,93.122747,False,0,278.0
MARUDUR,MUQ,Tamil Nadu,SR,10.914737,78.45029299999999,False,0,557.0
MANKAPUR JN,MUR,Uttar Pradesh,,27.039058,82.227648,True,53,1205.0
MANDAWAR MAHUA RD,MURD,Rajasthan,,27.1560976594,76.8508226947,True,10,645.0
MURI,MURI,West Bengal,,23.376284371,85.8669906885,True,65,713.0
MEERUT CANT,MUT,Uttar Pradesh,NR,29.015997,77.686937,True,17,1205.0
MANKUNDU,MUU,West Bengal,,22.846462,88.346368,False,0,713.0
MAHUAWA KHURD,MUUA,Uttar Pradesh,NER,26.854361,83.59392199999999,False,0,1205.0
MANDUADIH,MUV,Uttar Pradesh,NER,25.300001,82.972079,True,25,1205.0
MATHURAPUR,MUW,Jharkhand,,24.386518,86.631692,True,6,270.0
MUGAIYUR,MUY,Tamil Nadu,,11.976522,79.30532600000001,False,0,557.0
MOHIUDDINPUR,MUZ,Uttar Pradesh,NR,28.885405,77.621531,False,0,1205.0
MAYILADUTURAI JN,MV,Tamil Nadu,SR,11.095237,79.62868,True,34,557.0
Malaka Vemala,MVA,Andhra Pradesh,,14.268888,78.053936,False,0,574.0
Mavinkere,MVC,Karnataka,SWR,12.816193,76.201872,False,0,416.0
MULVAD,MVD,Karnataka,SWR,16.620372,75.746926,True,2,416.0
MUNDHEWADI,MVE,Maharashtra,,17.7417646618,75.7065479559,True,2,754.0
MANABAR,MVF,Orissa,ECoR,18.839732,82.695903,True,2,65.0
MALIGURA,MVG,Orissa,ECoR,18.953175,82.638614,True,2,65.0
MANTATTI,MVH,Telangana,,17.2276934669,77.5094807208,True,2,150.0
MORBI,MVI,Gujarat,WR,22.825342,70.829277,True,4,633.0
MAVLI JN,MVJ,Rajasthan,NWR,24.794585,73.973721,True,29,645.0
Mahawan Khor Halt,MVKR,Uttar Pradesh,,26.975829172700003,83.2768154944,False,0,1205.0
MALAVLI,MVL,Maharashtra,,18.743833,73.48064000000001,False,0,754.0
MAVELIKARA,MVLK,Kerala,,9.239487,76.545692,True,38,183.0
MILAVITTAN,MVN,Tamil Nadu,SR,8.811577000000002,78.087335,True,8,557.0
MANWATH ROAD,MVO,Maharashtra,SCR,19.358161,76.534516,True,26,754.0
MOKHASA KALVPDI,MVP,Andhra Pradesh,SCR,16.495533000000002,81.13029,False,0,574.0
MAVELIPALAIYAM,MVPM,Tamil Nadu,,11.4809140096,77.89921204650001,False,0,557.0
MALLAVARAM,MVRM,Andhra Pradesh,,17.1810250515,82.3152851379,False,0,574.0
MANAVASI,MVS,Tamil Nadu,SR,10.934013,78.220496,False,0,557.0
MAHESHI,MVV,Bihar,,25.236912,86.799239,False,0,711.0
Mallividu,MVW,Andhra Pradesh,ECoR,17.971931,83.17285799999999,True,2,574.0
MAIRWA,MW,Bihar,,26.240309,84.151979,True,17,711.0
MANDWA,MWA,Madhya Pradesh,CR,21.517291,76.389861,False,0,614.0
Mowad,MWAD,Maharashtra,,21.455554,78.451335,False,0,754.0
MANDAWALI CHANDER VIHAR,MWC,NCT,,28.613384,77.253315,False,0,18.0
MHASAVAD,MWD,Maharashtra,,20.870401921,75.4584622504,False,0,754.0
MEWA NAWADA,MWE,Uttar Pradesh,,29.118385,78.613167,False,0,1205.0
MAGARDAHA,MWF,Uttar Pradesh,ECR,24.388753,82.905844,False,0,1205.0
Mindala,MWG,Maharashtra,,20.515625999999997,79.71680900000001,False,0,754.0
MALWAN,MWH,Uttar Pradesh,,26.017246,80.685594,False,1,1205.0
MARWASGRAM,MWJ,Madhya Pradesh,WCR,24.098212,81.836685,True,4,614.0
Mordad Tanda,MWK,Maharashtra,CR,20.68819,74.904782,True,2,754.0
MALLESWARAM,MWM,Karnataka,SWR,13.001289,77.56320699999999,True,10,416.0
MAHRANI PACHHIM,MWP,Uttar Pradesh,,26.087672,82.288578,False,0,1205.0
MOTARI HALT,MWQ,Odisha,,20.090583,85.72919200000001,False,0,235.0
Mahansar,MWR,Rajasthan,NWR,28.199841000000003,75.031292,False,0,645.0
Madwarani,MWRN,Chhattisgarh,SECR,22.165407,82.711553,False,1,162.0
MARWAR LOHWAT,MWT,Rajasthan,NWR,26.981256,72.58927,True,4,645.0
MAHRAWAL,MWUE,Uttar Pradesh,,27.937875,78.04247000000001,False,0,1205.0
MAHWA,MWW,Rajasthan,NWR,27.48372,76.60887100000001,True,2,645.0
MALLANWALA KHAS,MWX,Punjab,NR,31.0470049078,74.8134271344,True,5,297.0
MAILARAM,MWY,Telangana,,17.280412,77.809709,True,2,150.0
MAHISHADAHARI,MWZ,West Bengal,,23.916311,87.649654,False,0,713.0
Mumbai Mahalakshmi,MX,Maharashtra,WR,18.982103,72.823908,False,0,754.0
MARAUDA,MXA,Chhattisgarh,SECR,21.15958,81.35973,True,2,162.0
MAKHU,MXH,Punjab,NR,31.105935,74.983505,True,6,297.0
MANGURJAN,MXJ,Bihar,,26.412488,88.256909,False,0,711.0
MANDRAK,MXK,Uttar Pradesh,,27.7686349988,78.1102865904,True,2,1205.0
MOKHOLI,MXL,Rajasthan,WCR,26.160967,76.460845,True,2,645.0
MINATCHIPURAM,MXM,Tamil Nadu,,10.629748,76.87534699999999,False,0,557.0
MARIANI JN,MXN,Assam,NFR,26.652434999999997,94.308203,True,39,278.0
MORTHALA,MXO,Rajasthan,NWR,24.5026049619,72.8034186484,True,2,645.0
Malupota,MXP,Punjab,NR,31.184014,75.965393,False,0,297.0
MAHUR,MXR,Assam,NFR,25.187996,93.126299,False,0,278.0
MOHASA,MXS,Uttar Pradesh,,24.378687,78.2889,False,0,1205.0
MALAKPET KACHEGUDA,MXT,Telangana,,17.375398,78.494244,True,4,150.0
MAHADEV SAL,MXW,Jharkhand,,22.510448,85.328849,False,0,270.0
MAHUARIYA,MXY,Uttar Pradesh,ECR,24.227740021099997,83.3105186481,False,0,1205.0
Mohdara Halt,MXZ,Maharashtra,,20.960497,79.34702300000001,False,0,754.0
MALLIYAM,MY,Tamil Nadu,SR,11.079116,79.595866,False,0,557.0
MANDYA,MYA,Karnataka,SWR,12.529176,76.897256,True,38,416.0
MANDERDISA,MYD,Assam,NFR,25.707319,93.123109,False,0,278.0
Mandhali,MYE,Punjab,NR,31.204703,75.831855,False,0,297.0
MIYAGAM KARJAN,MYG,Gujarat,,22.050722,73.120353,True,20,633.0
MIYAGAM KARJAN JUNCTION NG,MYGL,Gujarat,,22.050132,73.119763,False,0,633.0
Mayurhat,MYHT,West Bengal,ER,23.363017,88.661013,False,0,713.0
MAHEJI,MYJ,Maharashtra,,20.7689244313,75.424619975,False,0,754.0
MAYAKONDA,MYK,Karnataka,SWR,14.284214,76.08138100000001,True,4,416.0
MATYAKHERI HALT,MYKR,Madhya Pradesh,,24.309449,74.951915,False,0,614.0
MALLIYALA,MYL,Andhra Pradesh,SCR,15.397805,77.77675500000001,True,4,574.0
MEMARI,MYM,West Bengal,,23.172935,88.095637,False,1,713.0
MUNDILYAMPAKKAM,MYP,Tamil Nadu,,11.995680489400002,79.5116865137,False,0,557.0
MAIHAR,MYR,Madhya Pradesh,WCR,24.255485,80.763148,True,79,614.0
MYSORE JN,MYS,Karnataka,SWR,12.318946,76.646013,True,52,416.0
MAYANOOR,MYU,Tamil Nadu,SR,10.954704,78.23651100000001,False,0,557.0
METYAL SOHAR,MYX,West Bengal,SER,23.482582,86.748784,True,4,713.0
MAYYANAD,MYY,Kerala,,8.837759,76.64733100000001,True,8,183.0
MEZENGA S,MZA,Assam,NFR,26.884475,94.679344,False,0,278.0
Mahuli Halt,MZB,Maharashtra,,21.033308,79.315031,False,0,754.0
MIRZA CHEUKI,MZC,Bihar,,25.2587767836,87.4979796002,True,8,711.0
MANZURGARHI,MZGI,Uttar Pradesh,NCR,27.96429,78.10663,False,0,1205.0
MAUHARI,MZH,Madhya Pradesh,SECR,23.118661000000003,81.769465,True,12,614.0
MAJHAOLI,MZHL,Madhya Pradesh,WCR,24.136642,82.37057999999999,False,0,614.0
MIRZAPALI,MZL,Andhra Pradesh,SCR,18.017963,78.41529899999999,True,8,574.0
MUZZAMPUR NARAIN,MZM,Uttar Pradesh,,29.58301,78.222356,True,9,1205.0
MAHMUDPUR SARAIYAN,MZN,Uttar Pradesh,,27.754198,80.20962499999999,False,0,1205.0
MIRZAPUR,MZP,Uttar Pradesh,,25.13435,82.56986900000001,True,144,1205.0
MAJGAON ASSAM,MZQ,Assam,NFR,26.430697,90.574137,False,0,278.0
MURTAJAPUR,MZR,Maharashtra,,20.736468,77.35482499999999,True,31,754.0
Murtajapur Town,MZRT,Maharashtra,CR,20.7270957,77.3668909,False,0,754.0
Marandahalli,MZU,Tamil Nadu,SWR,12.388944,78.01732899999999,False,0,557.0
MARALAHALLI,MZV,Karnataka,,12.988346,78.108853,False,0,416.0
MANJHWE,MZW,Bihar,ECR,24.814294,85.306631,False,0,711.0
MATATILA,MZX,Madhya Pradesh,,25.0851,78.40284000000001,False,0,614.0
MACHAPUR,MZY,Odisha,,20.569003,85.768912,False,0,235.0
MANJURI ROAD,MZZ,Odisha,,21.012136,86.319698,False,0,235.0
Nagbhir Junction,NAB,Maharashtra,SECR,20.579811999999997,79.700138,True,4,754.0
Nagbhir Jn (Ng),NABN,Maharashtra,,20.580232,79.700558,False,0,754.0
NAWA CITY,NAC,Rajasthan,,27.029479,74.99883200000001,True,17,645.0
NEW ALIPUR (CALCUTTA),NACC,West Bengal,,22.510862,88.33492,False,0,713.0
NAGDA JN,NAD,Madhya Pradesh,,23.45592,75.41249099999999,True,107,614.0
Nada,NADA,Gujarat,WR,8.8059896,78.1552055,False,0,633.0
NAGARGALI,NAG,Karnataka,SWR,15.4245543747,74.6213530695,False,0,416.0
NAGARGALI,NAGC,Maharashtra,,18.815609,73.36014800000001,False,0,754.0
Nangi,NAI,West Bengal,ER,22.500255999999997,88.223984,False,0,713.0
Naksalbari,NAK,West Bengal,,26.682578,88.20223499999999,True,2,713.0
NAIK DIH,NAKD,Uttar Pradesh,,25.847026,83.466008,False,0,1205.0
Nal Halt,NAL,Rajasthan,?,28.0385900551,73.21761215939999,False,0,645.0
NALPUR,NALR,West Bengal,,22.529208,88.185699,False,0,713.0
NAMRUP,NAM,Assam,NFR,27.19627,95.313642,True,8,278.0
NANDGAON ROAD,NAN,Maharashtra,KR,16.387453999999998,73.73056000000001,True,4,754.0
NANA,NANA,Rajasthan,NWR,24.925895,73.110095,True,4,645.0
NANDIKUR,NAND,Karnataka,,13.133125,74.806474,True,2,416.0
Naranpur,NANR,Orissa,ECoR,21.617209,85.63786800000001,True,2,65.0
NARA HALT,NARA,Haryana,,29.390441641,76.759969657,False,0,201.0
Naika Road,NARD,Bihar,,25.4485799037,85.2923767371,False,0,711.0
Nasrala,NAS,Punjab,NR,31.497981000000003,75.84640800000001,False,0,297.0
NARASINGAPALLI,NASP,Andhra Pradesh,,17.606751,82.891038,True,4,574.0
NATHNAGAR,NAT,Bihar,,25.237052,86.935373,True,8,711.0
NADAPURAM ROAD,NAU,Kerala,SR,11.639509,75.575581,False,0,183.0
Navi Amravati,NAVI,Maharashtra,,20.902137,77.732428,True,5,754.0
NAWANDGI,NAW,Karnataka,,17.2170998262,77.427908244,True,6,416.0
NAWAN,NAWN,Rajasthan,NWR,29.653072,74.353285,True,2,645.0
NAZIRGANJ,NAZJ,Bihar,,25.724315,85.80632700000001,True,4,711.0
NIMBHORA,NB,Maharashtra,CR,21.160781,75.975186,True,2,754.0
Nabha,NBA,Punjab,NR,30.363819,76.14639600000001,True,15,297.0
NABAGRAM,NBAE,West Bengal,,23.09918,88.06690900000001,False,0,713.0
NAJIBABAD JN,NBD,Uttar Pradesh,,29.60354,78.335733,True,40,1205.0
New Barrackpore,NBE,West Bengal,ER,22.687235,88.444755,False,0,713.0
NABENAGAR ROAD,NBG,Bihar,,24.653944,84.094044,True,12,711.0
Nowbagh,NBGH,Maharashtra,CR,21.2524283,77.4934693,False,0,754.0
NIMBAHERA,NBH,Rajasthan,WR,24.623252,74.694312,True,12,645.0
NADBAI,NBI,Rajasthan,,27.2136743084,77.2080875122,True,12,645.0
NUNGAMBAKKAM,NBK,Tamil Nadu,,13.065363,80.232742,False,0,557.0
NABA GRAM KANKU,NBKH,West Bengal,ER,23.661572,88.10026,False,0,713.0
NIMBAL,NBL,Karnataka,SWR,17.118384,75.859907,True,11,416.0
NAVABPALEM,NBM,Andhra Pradesh,,16.831606,81.606702,True,4,574.0
NIBHAPUR,NBP,Uttar Pradesh,,25.600347,82.24969700000001,False,1,1205.0
New Balarampur Halt,NBPH,West Bengal,ER,24.051233,88.24737400000001,False,1,713.0
NEW BONGAIGAON,NBQ,Assam,,26.4758354405,90.5368434644,True,94,278.0
NEW BONGAIGAON YARD,NBQY,Assam,,26.4721133248,90.5214860092,False,0,278.0
NAMBURU,NBR,Andhra Pradesh,,16.358721,80.49582500000001,True,8,574.0
NEW BANESWAR,NBS,West Bengal,,26.3950219126,89.5104217529,False,0,713.0
NAYABAGIRTHIPUR,NBT,Odisha,,20.781585,85.382445,False,0,235.0
NARASAMBUDHI,NBU,Karnataka,SWR,12.104692,76.70180500000001,False,0,416.0
NIBKARORI,NBUE,Uttar Pradesh,NCR,27.3287489158,79.40995965580001,False,0,1205.0
NEW COOCH BEHAR,NCB,West Bengal,,26.353159,89.469766,True,74,713.0
Nalacheruvu East,NCE,Andhra Pradesh,,13.988212499,78.1854899005,False,0,574.0
NAKACHARI,NCH,Assam,NFR,26.7081333353,94.3939129431,True,4,278.0
NATURE CURE HOSPITAL,NCHS,Telangana,,17.44586316,78.45289083,False,0,150.0
NAGERCOIL JN,NCJ,Tamil Nadu,SR,8.17385,77.44347,True,47,557.0
Nachinda Ph,NCN,West Bengal,,21.881341,87.75496600000001,False,0,713.0
Nishchindapur,NCP,West Bengal,ER,21.973426,88.214325,False,0,713.0
Nishchindapur Market Halt,NCPM,West Bengal,ER,21.987443000000003,88.21710499999999,False,0,713.0
Nagore,NCR,Tamil Nadu,SR,10.81843,79.846188,True,6,557.0
Nallacheruvu,NCU,Andhra Pradesh,SCR,14.020565,78.17773399999999,True,2,574.0
NADIAD JN,ND,Gujarat,,22.694106,72.855718,True,143,633.0
NABADWIP DHAM,NDAE,West Bengal,ER,23.396593,88.356472,True,25,713.0
NAYA AZADPUR,NDAZ,NCT,,28.714564,77.166876,False,0,18.0
NANDURBAR,NDB,Maharashtra,,21.374812,74.246482,True,62,754.0
NANDPUR BHATAULI,NDBT,Himachal Pradesh,NR,32.013177,76.115499,False,0,55.0
NIDADAVOLU JN,NDD,Andhra Pradesh,,16.898297,81.67550399999999,True,57,574.0
NANDRE,NDE,Maharashtra,CR,16.964028561899998,74.5590299896,False,1,754.0
NANDAHGANJA,NDGJ,West Bengal,,22.404098,87.832458,False,0,713.0
Nindhar Benar,NDH,Rajasthan,NWR,27.0038817098,75.7290964111,False,0,645.0
NANDAIGRAM HALT,NDIM,West Bengal,,23.311548007099997,88.31706186039999,False,0,713.0
NANDGANJ,NDJ,Uttar Pradesh,NER,25.54457,83.396867,False,1,1205.0
NANKHAS,NDK,Uttar Pradesh,,25.660949,78.872336,False,0,1205.0
NADIKODE,NDKD,Andhra Pradesh,,16.590634,79.72356500000001,True,26,574.0
Nandakumar P.H.,NDKR,West Bengal,?,22.1909239649,87.927872196,False,0,713.0
NANDYAL,NDL,Andhra Pradesh,,15.468024,78.472545,True,20,574.0
Nandlalee Halt,NDLH,,?,,,False,0,
NEW DELHI,NDLS,NCT,,28.642314,77.22000399999999,True,239,18.0
NIDAMANURU,NDM,Andhra Pradesh,SCR,16.507237,80.730551,False,0,574.0
NARDANA,NDN,Maharashtra,,21.178209,74.82874699999999,True,8,754.0
Nidhani,NDNI,Madhya Pradesh,SECR,22.576568,80.008415,True,3,614.0
NIDUBROLU,NDO,Andhra Pradesh,,16.067904,80.557243,True,25,574.0
NDPL,NDPL,Andhra Pradesh,,15.456312,78.520612,False,0,574.0
NANDAPUR,NDPR,Maharashtra,SCR,19.5948820434,77.2376282849,False,0,754.0
NUDURUPADU,NDPU,Andhra Pradesh,,16.273407,80.193376,True,5,574.0
NANDESARI,NDR,Gujarat,,22.418331637,73.0952734283,True,3,633.0
Nangal Degrota,NDRT,Haryana,,28.367897,76.067464,False,0,201.0
Nathdwara,NDT,Rajasthan,NWR,24.92025,73.909396,True,6,645.0
Nadauj,NDU,Bihar,ECR,25.296538788200003,85.0173352112,True,2,711.0
NIDVANDA,NDV,Karnataka,SWR,13.245141951,77.2731255127,False,0,416.0
Nadwan,NDW,Bihar,ECR,25.3966869286,85.0656737195,True,2,711.0
Nandi Halt,NDY,Karnataka,SWR,13.384142,77.71248600000001,False,0,416.0
NIDIGALLU,NDZ,Andhra Pradesh,,13.988306,79.660594,True,2,574.0
NEYKKARAPATTI,NEA,Tamil Nadu,,11.612765,78.09669699999999,False,0,557.0
NEMILICHERRY HALT,NEC,Tamil Nadu,,13.121643,80.045378,False,0,557.0
HUZUR SAHIB NANDED,NED,Maharashtra,SCR,19.160522,77.31047799999999,True,72,754.0
Nethranahalli H,NEHL,Andhra Pradesh,,14.674986,76.71037,False,0,574.0
NEOLI,NEI,Maharashtra,CR,18.387703,76.303949,False,0,754.0
NEMEM,NEM,Kerala,SR,8.455233,77.009693,False,0,183.0
Nema Halt,NEMA,Bihar,?,25.4095922854,85.0722485132,False,0,711.0
NEORA,NEO,Bihar,,25.57459,84.986523,True,8,711.0
NENPUR,NEP,Gujarat,,22.847183,72.725207,True,4,633.0
Ner Halt,NERH,Bihar,?,25.017219,84.97536099999999,False,0,711.0
NERI,NERI,Uttar Pradesh,,27.688832,80.393681,False,0,1205.0
Natesar,NES,Bihar,,24.9638845764,85.2718057104,False,0,711.0
NIVARI,NEW,Uttar Pradesh,NCR,25.328061,78.82007,True,8,1205.0
NEW WEST CABIN,NEWC,Uttar Pradesh,,25.27379,83.10921,False,0,1205.0
Ntpc Exchange Yard Talcher,NEYT,Odisha,,20.919626,85.20809999999999,False,0,235.0
NEW FARAKKA JN,NFK,West Bengal,,24.794558,87.915236,True,69,713.0
NEW FARAKKA-B-CABIN,NFKB,West Bengal,,24.782115,87.91579300000001,False,0,713.0
NFKN,NFKN,,,,,False,0,
NFKS,NFKS,,,,,False,0,
NAGARI,NG,Andhra Pradesh,,13.307882,79.579647,True,2,574.0
NINGALA JN,NGA,Gujarat,WR,22.0252,71.70935200000001,True,6,633.0
Nagaon,NGAN,Assam,NFR,26.35621199,92.67253075,True,2,278.0
NAWABGANJ GONDA,NGB,Uttar Pradesh,,27.153816,81.977064,True,2,1205.0
NEW GUWAHATI,NGC,Assam,,26.181703,91.792236,False,0,278.0
NAGARDEVLA,NGD,Maharashtra,,20.6030016547,75.1981061108,False,0,754.0
NAGAR,NGE,Chhattisgarh,SECR,23.315091,82.459164,True,4,162.0
NAGARNABI,NGF,West Bengal,,24.590321491500003,87.8680748517,False,0,713.0
NAGINA,NGG,Uttar Pradesh,,29.437919,78.424119,True,15,1205.0
Nageshwadi Halt,NGHW,Maharashtra,,18.4615191344,76.91610235659999,False,1,754.0
NAGARI,NGI,Maharashtra,,20.406983,78.889984,True,2,754.0
NANGAL,NGL,Uttar Pradesh,NR,29.832554,77.62227,False,0,1205.0
NAGLATULA,NGLT,Rajasthan,NCR,26.92382,77.421273,True,2,645.0
NAGASAMUDRAM,NGM,Andhra Pradesh,,14.32166253,77.64246703,False,0,574.0
NEW GARH MADHOPUR,NGMP,Odisha,,20.798857,86.07210599999999,False,0,235.0
NANDGAON,NGN,Maharashtra,,20.307616,74.659526,True,21,754.0
NEW GUNTUR,NGNT,Andhra Pradesh,SCR,16.3100404,80.4582228,True,13,574.0
NAGAUR,NGO,Rajasthan,,27.199991,73.72357199999999,True,40,645.0
NAUGAON,NGON,Madhya Pradesh,,26.130622,78.12035800000001,False,0,614.0
NAGPUR,NGP,Maharashtra,,21.153567,79.089004,True,242,754.0
Nagpur (Se),NGPB,Maharashtra,,21.145332,79.088256,False,0,754.0
ANNIGERI,NGR,Karnataka,SWR,15.432164,75.43085099999999,True,17,416.0
NILGIRI ROAD,NGRD,Odisha,,21.426415,86.855469,False,0,235.0
New Garia,NGRI,West Bengal,,22.4727,88.397713,False,0,713.0
NAGROTA SURIYAM,NGRS,Himachal Pradesh,NR,32.051899,76.09101,False,0,55.0
NAGROTA,NGRT,Himachal Pradesh,NR,32.108728,76.38879399999999,False,0,55.0
NAGANSUR,NGS,Maharashtra,,17.429086,76.182913,True,2,754.0
NAGAPPATTINAM,NGT,Tamil Nadu,SR,10.759221,79.845998,True,10,557.0
New Gitaldaha,NGTG,West Bengal,NFR,26.0707762,89.5868746,False,0,713.0
NAGOTHANE,NGTN,Maharashtra,CR,18.539932,73.14076899999999,True,4,754.0
NAGLAVI,NGV,Karnataka,,15.454853,74.908742,False,0,416.0
Nauganwan,NGW,Madhya Pradesh,WR,23.414388,75.1892654,False,0,614.0
NOGANWAN,NGWN,Punjab,,30.738403,76.44328700000001,False,0,297.0
Nigan,NGX,West Bengal,ER,23.5051556,87.992506,False,0,713.0
NATH GANJ,NGY,Jharkhand,,24.545616,85.385094,False,0,270.0
S K NAGJIHARI,NGZ,Maharashtra,,20.761640999999997,76.755353,False,0,754.0
NAIHATI JN,NH,West Bengal,,22.888555,88.4185,True,47,713.0
NOH BACHHAMDI,NHB,Rajasthan,,27.223369,77.546395,False,0,645.0
Nihasta Halt,NHF,Uttar Pradesh,NR,26.212313,80.92503500000001,False,0,1205.0
NHGJ,NHGJ,Assam,,25.1126333,92.868281,False,0,278.0
NIHALGARH,NHH,Uttar Pradesh,,26.460131,81.632581,True,36,1205.0
NAHARKATIYA,NHK,Assam,NFR,27.289403,95.329775,True,10,278.0
NHLG,NHLG,Assam,,25.1480102,93.0320565,False,0,278.0
NANDOL DEHEGAM,NHM,Gujarat,WR,23.17417,72.815845,False,0,633.0
NIGOHAN,NHN,Uttar Pradesh,,26.567225,81.045358,True,11,1205.0
Nohar,NHR,Rajasthan,NWR,29.192562738768984,74.77362781763077,False,0,645.0
NALHATI JN,NHT,West Bengal,,24.295706,87.83867000000001,True,17,713.0
NAHUR,NHU,Maharashtra,,19.154646,72.946683,False,0,754.0
NARTHAR,NHX,Uttar Pradesh,,27.6329307124,79.02313742000001,False,0,1205.0
NAGANAHALLI,NHY,Karnataka,SWR,12.380243,76.651081,True,4,416.0
NAYDONGRI,NI,Maharashtra,,20.3484309504,74.8366330817,False,0,754.0
NAILA,NIA,Chhattisgarh,,22.022964,82.56458900000001,True,19,162.0
NIDUR,NID,Tamil Nadu,SR,11.127231,79.645074,False,0,557.0
NIDI,NIDI,Maharashtra,CR,18.472247,73.106567,True,2,754.0
NAIGAON,NIG,Maharashtra,WR,19.350875,72.845954,False,0,754.0
NILAJE,NIIJ,Maharashtra,CR,19.155061999999997,73.079908,True,4,754.0
Nilambur Road,NIL,Kerala,SR,11.278805,76.254779,True,2,183.0
NIMTITA,NILE,West Bengal,ER,24.625338,88.00764,True,11,713.0
NIMDIH,NIM,Jharkhand,,22.993643,86.142118,True,2,270.0
NIMA GOPALPUR,NIMG,Uttar Pradesh,,25.992862,82.364038,False,0,1205.0
Nimkana,NIN,Odisha,,20.295401,86.376438,False,0,235.0
Nizampur,NIP,Rajasthan,NWR,27.9667684942,76.0107869,False,0,645.0
NIGAURA,NIQ,Chhattisgarh,,22.961546,81.874215,True,8,162.0
Nainpur Junction,NIR,Madhya Pradesh,SECR,22.425676,80.108853,True,9,614.0
NIRA,NIRA,Maharashtra,CR,18.1049649229,74.20908244200001,True,7,754.0
Naikot,NIT,Uttar Pradesh,,27.361006,83.396612,False,0,1205.0
NABIPUR,NIU,Gujarat,,21.807541,73.030592,True,10,633.0
NIVASAR,NIV,Maharashtra,KR,16.946588000000002,73.454552,True,2,754.0
Nagjua,NJA,Jharkhand,SER,23.3782939954,84.9668384277,False,0,270.0
NIJBARI,NJB,West Bengal,,26.587597,88.337505,False,0,713.0
NAOJAN,NJN,Assam,NFR,26.13131,93.846465,False,0,278.0
NEW JALPAIGURI,NJP,West Bengal,,26.683025,88.443391,True,125,713.0
New Jalpaiguri,NJPS,West Bengal,,26.682355,88.442721,False,0,713.0
NAGERCOIL TOWN,NJT,Tamil Nadu,SR,8.199571810899998,77.4194318207,True,4,557.0
NASIK ROAD,NK,Maharashtra,,19.947627,73.841897,True,133,754.0
NAGRAKOTA,NKB,West Bengal,NFR,26.885533,88.917581,False,0,713.0
Narkatia Bazar,NKBR,Bihar,,26.488339,84.38246,False,0,711.0
NEKONDA,NKD,Andhra Pradesh,SCR,17.794877999999997,79.80459300000001,True,13,574.0
NAKKANADODDI,NKDO,Andhra Pradesh,,15.165309,77.47667899999999,True,4,574.0
NARKATIAGANJ JN,NKE,Bihar,ECR,27.105035,84.464045,True,18,711.0
NARKALDENGA COACHING YARD,NKG,West Bengal,,22.5719746424,88.37910995610001,False,0,713.0
NATHUKHERI,NKH,Madhya Pradesh,,24.0200433795,75.64345572270001,False,0,614.0
NAIKHERI,NKI,Madhya Pradesh,,23.196778,75.689198,True,3,614.0
NEW KATNI JN,NKJ,Madhya Pradesh,,23.8136370394,80.4204539438,True,4,614.0
Narikkudi,NKK,Tamil Nadu,,9.607658,78.33712799999999,False,0,557.0
Nalikul,NKL,West Bengal,ER,22.829713,88.16622600000001,False,0,713.0
NAMKON,NKM,Jharkhand,,23.351755,85.37667200000001,True,8,270.0
Nyoli Kalan,NKN,Haryana,,29.189764,75.633124,False,0,201.0
NIRAKARPUR,NKP,Odisha,,19.991741,85.53046400000001,True,10,235.0
NARKETPALLI,NKPL,Telangana,,17.199276,79.179267,False,0,150.0
Nekpur,NKPU,Bihar,,24.995699,85.338857,False,0,711.0
Nimar Kheri,NKR,Madhya Pradesh,WR,22.11119,76.150998,True,4,614.0
Nokhra,NKRA,Rajasthan,?,27.6079949928,72.6654016473,False,0,645.0
NAKARDEI,NKU,Bihar,,26.948686,84.89166900000001,False,0,711.0
NAKARDEI,NKV,Bihar,,26.948956,84.89193900000001,False,0,711.0
Nilakantheswar,NKW,Orissa,ECoR,21.426066,85.798221,True,2,65.0
NAKTISEMRA,NKX,Chhattisgarh,ECoR,19.062273,82.07392999999999,True,2,162.0
NANCHERLA,NLA,Andhra Pradesh,,15.256053,77.36883300000001,False,0,574.0
Nilambazar,NLBR,Assam,NFR,24.743292,92.365126,False,0,278.0
Nalanda,NLD,Bihar,ECR,25.122359,85.46277400000001,True,7,711.0
NALGONDA,NLDA,Telangana,,17.06118,79.283436,True,32,150.0
NANGAL DAM,NLDM,Punjab,,31.370543,76.37261500000001,True,12,297.0
NILESHWAR,NLE,Kerala,SR,12.255885,75.13575,True,18,183.0
NAULTHA,NLH,Haryana,NR,29.318788,76.889707,False,0,201.0
NAMLI,NLI,Madhya Pradesh,WR,23.455521,75.067161,True,4,614.0
NILOKHERI,NLKR,Haryana,,29.831492,76.925491,True,4,201.0
Nalkata,NLKT,Tripura,,24.0683888436,91.999618396,False,0,17.0
NALLI,NLL,Tamil Nadu,,9.269174,77.92223899999999,False,0,557.0
NAILALUNG,NLN,Assam,NFR,25.7743785055,93.3888097504,False,0,278.0
NULEMURU HALT,NLNR,Karnataka,,14.0075373618,76.12580920779999,False,0,416.0
NALLAPADU,NLPD,Andhra Pradesh,,16.308263,80.397756,True,8,574.0
Nangal Pathani Halt,NLQ,Haryana,NWR,28.364489,76.496786,False,0,201.0
NELLORE,NLR,Andhra Pradesh,,14.460592,79.989383,True,151,574.0
NECKLACE ROAD,NLRD,Andhra Pradesh,SCR,17.423337999999998,78.46287099999999,False,0,574.0
NELLORE SOUTH,NLS,Andhra Pradesh,,14.444475,79.983464,True,2,574.0
NIYALISH PARA,NLSF,West Bengal,ER,24.156525,88.246367,False,0,713.0
NALBARI,NLV,Assam,,26.450629,91.440291,True,6,278.0
Naimisharanya,NM,Uttar Pradesh,NR,27.355137,80.484435,False,0,1205.0
Nirmali,NMA,Bihar,ECR,26.305325,86.57461500000001,False,0,711.0
N MAYURBHANJ ROAD,NMBR,Odisha,,21.666901,87.038724,False,0,235.0
NIMCHA,NMC,West Bengal,,23.626716,87.090288,False,0,713.0
NOMODA,NMD,Rajasthan,WCR,26.280074,76.57945000000001,True,2,645.0
NEW MORINDA,NMDA,Punjab,,30.776469,76.518125,True,4,297.0
Nimdanri,NMDR,West Bengal,ER,22.608628,88.905624,False,0,713.0
NIMO,NMF,West Bengal,,23.180297999999997,88.069346,False,0,713.0
NIMIAGHAT,NMG,Jharkhand,,23.932092,86.07621300000001,False,0,270.0
NIMSHIRGAON TAMDALGE,NMGT,Maharashtra,CR,16.769023999999998,74.486113,False,1,754.0
Numaligarh,NMGY,Assam,NFR,26.601184,93.865713,True,2,278.0
NIMACH,NMH,Madhya Pradesh,WR,24.459873,74.853025,True,25,614.0
NIDAMANGALAM,NMJ,Tamil Nadu,SR,10.773564,79.412736,True,8,557.0
Nim Ka Thana,NMK,Rajasthan,NWR,27.741573,75.779691,True,10,645.0
Namkhana,NMKA,West Bengal,ER,21.772235,88.239558,False,0,713.0
NELLIMARIA,NML,Andhra Pradesh,,18.183131,83.456046,False,0,574.0
NEMAKALLU,NMLU,Andhra Pradesh,,15.297622,77.37277900000001,False,0,574.0
NEW MISAMARI,NMM,Assam,,26.810166,92.575454,True,2,278.0
Namanasamudram,NMN,Tamil Nadu,SR,10.327487,78.777507,False,0,557.0
NEDI MOLLYANUR,NMO,Tamil Nadu,,12.128075,79.56707,False,0,557.0
NIMPURA,NMP,West Bengal,,22.332403,87.26468600000001,True,21,713.0
NAMTIALI,NMT,Assam,NFR,26.851588,94.619336,True,6,278.0
Numaishgarh Halt,NMUE,Uttar Pradesh,,28.4077396169,77.8423063,False,0,1205.0
NEW MAYNAGURI,NMX,West Bengal,,26.578607,88.822868,True,6,713.0
NOONMATI,NMY,Assam,,26.180382,91.806851,False,0,278.0
NEW MAL JN,NMZ,West Bengal,NFR,26.87368,88.724837,True,16,713.0
NANDURA,NN,Maharashtra,,20.838889,76.46015799999999,True,23,754.0
NAUGACHIA,NNA,Bihar,,25.385261,87.09387,True,50,711.0
NIMBLAK,NNB,Maharashtra,,19.1183528756,74.68854097469999,False,0,754.0
NAGNATH CABIN,NNCN,Maharashtra,,18.8540793326,73.35913113400001,False,0,754.0
NONERA,NNE,Madhya Pradesh,NCR,26.437569,78.333363,True,2,614.0
NARANGI,NNGE,Assam,NFR,26.182961,91.835776,True,4,278.0
Naya Nangal,NNGL,Punjab,NR,31.378961,76.35421099999999,True,2,297.0
Nanaksar,NNKR,Punjab,NR,30.803353,75.419984,False,0,297.0
Narnaul,NNL,Haryana,NWR,28.044396,76.123133,True,10,201.0
Nannilam,NNM,Tamil Nadu,,10.8837044,79.6509052,False,0,557.0
NANGUNERI,NNN,Tamil Nadu,SR,8.4891,77.66259199999999,True,10,557.0
NANDANI LAGUNIA,NNNL,Bihar,ECR,25.6254080511,85.6313754486,False,0,711.0
NANGLOI,NNO,Delhi NCT,NR,28.686261,77.05696599999999,True,14,28.0
Nanpara Junction,NNP,Uttar Pradesh,NER,27.859887,81.512594,True,2,1205.0
NONAPAR,NNPR,Uttar Pradesh,,26.353209,83.969786,False,0,1205.0
NARAYANPUR,NNR,Bihar,,25.398348,86.85938800000001,True,12,711.0
Nangal Mundi,NNU,Haryana,NWR,28.250468,76.499193,False,0,201.0
NARAYANPUR TATWAR,NNW,Rajasthan,WCR,26.344258999999997,76.635578,True,11,645.0
NANAUTA,NNX,Uttar Pradesh,NR,29.712202,77.442397,False,0,1205.0
Nigohi,NOH,Uttar Pradesh,NER,28.0989194076,79.8785035535,False,0,1205.0
NARIAOLI,NOI,Madhya Pradesh,,23.89567,78.604147,True,5,614.0
NOKHA,NOK,Rajasthan,,27.556203,73.47484800000001,True,38,645.0
NIYOL,NOL,Gujarat,,21.160311,72.902305,True,5,633.0
NOLI,NOLI,Uttar Pradesh,NR,28.746571,77.31077099999999,False,0,1205.0
Noamundi,NOMD,Jharkhand,SER,22.15311,85.513684,True,4,270.0
Nonar Halt,NON,Bihar,,25.2864711772,84.3707734497,False,0,711.0
NEW ALIPURDAUR,NOQ,West Bengal,,26.48572,89.541398,True,62,713.0
NOYAL,NOY,Tamil Nadu,,11.060239,77.93176899999999,False,0,557.0
Nagapattinam Beach,NPB,Tamil Nadu,SR,10.764487,79.848443,False,0,557.0
NAWAPARA ROAD,NPD,Chhattisgarh,,20.809717,82.562564,True,10,162.0
Nurpura,NPH,Rajasthan,,26.709463000000003,77.852085,False,0,645.0
NIPANIA,NPI,Chhattisgarh,,21.826434,82.044275,True,2,162.0
NICHITPUR,NPJE,Jharkhand,,23.825908,86.28776500000001,False,0,270.0
NORTH PANAKUDI,NPK,Tamil Nadu,SR,8.315971,77.582174,True,2,557.0
NANDIYAMPAKKAM,NPKM,Tamil Nadu,,13.268081,80.2758,False,0,557.0
NAGALAPALLE,NPL,Telangana,,17.460567,78.229966,True,4,150.0
NELLAIKUPPAM,NPM,Tamil Nadu,SR,11.775944,79.66476800000001,False,0,557.0
NARAYAN PAKURIA,NPMR,West Bengal,,22.399692,87.773985,False,0,713.0
NEPANAGAR,NPNR,Madhya Pradesh,CR,21.463933,76.397032,True,17,614.0
Nepalganj Road,NPR,Uttar Pradesh,NER,28.010872,81.60073,False,0,1205.0
NAGPUR ROAD,NPRD,Chhattisgarh,SECR,23.279379,82.349049,True,4,162.0
Napasar,NPS,Rajasthan,NWR,27.980942,73.56399,True,8,645.0
NARASINGAMPET,NPT,Tamil Nadu,SR,11.034797,79.511398,False,0,557.0
NIMPURA THROUGH YARD,NPTY,West Bengal,,22.325255,87.26505300000001,False,0,713.0
Nadiapur,NPU,Tripura,NFR,24.385641000000003,92.204092,False,0,17.0
Narpatganj,NPV,Bihar,ECR,26.3439888,87.1097565,False,0,711.0
NIPANI VADGAON,NPW,Maharashtra,,19.587951,74.70471599999999,True,6,754.0
NARINDARPURA,NPX,Punjab,NR,29.951767,75.476271,False,0,297.0
NAWAPATRA,NPZ,Jharkhand,,24.318387,86.64786699999999,False,0,270.0
NEW DOMOHANI,NQH,West Bengal,,26.569680979,88.786571557,False,0,713.0
NARAJ MARTHAPUR,NQR,Odisha,,20.459324,85.779525,False,0,235.0
NIPHAD,NR,Maharashtra,,20.096584,74.079481,True,11,754.0
NUNKHAR,NRA,Uttar Pradesh,,26.425483,83.880179,True,2,1205.0
NARODA,NRD,Gujarat,WR,23.085662,72.658017,False,0,633.0
NAGIREDDIPALLI,NRDP,Telangana,,17.422255,78.939987,True,4,150.0
NANDALUR,NRE,Andhra Pradesh,,14.264922,79.105722,True,18,574.0
Neralakatte Halt,NRF,Karnataka,,12.81674,75.125978,False,0,416.0
NERGUNDI,NRG,Odisha,,20.538381,85.959078,True,15,235.0
NARGANJO HALT,NRGO,Bihar,,24.7439751193,86.4578033173,False,0,711.0
NARANJIPUR,NRGR,Madhya Pradesh,WR,23.0471420904,76.00915947140001,True,6,614.0
NAHARGARH,NRH,Madhya Pradesh,,22.873881,74.500786,False,0,614.0
NARAINA,NRI,Rajasthan,NWR,26.796463999999997,75.193029,True,19,645.0
Narimogaru,NRJ,Karnataka,SWR,12.7463856826,75.29242739200001,False,0,416.0
NARAIKKINAR,NRK,Tamil Nadu,SR,8.862518999999999,77.841953,False,1,557.0
Nari Khetri,NRKE,Rajasthan,NWR,28.1861699,75.6018316,False,0,645.0
NARKATIAGANJ JN,NRKG,Bihar,,27.105025,84.46403500000001,False,0,711.0
Narkopi,NRKP,Jharkhand,SER,23.3756204426,85.0156235815,False,0,270.0
NARKHER,NRKR,Maharashtra,,21.468725,78.52481399999999,True,29,754.0
NERAL,NRL,Maharashtra,,19.027113,73.318955,True,3,754.0
NORLA ROAD,NRLR,Odisha,,20.041394,83.373301,True,18,235.0
Nurmahal,NRM,Punjab,NR,31.081588999999997,75.601431,True,2,297.0
NARHAN,NRN,Bihar,,25.746997,85.975081,False,0,711.0
Nurnagar,NRNR,Uttar Pradesh,NR,28.915414,77.71298900000001,False,0,1205.0
Nakodar Junction,NRO,Punjab,NR,31.111697,75.47560800000001,True,2,297.0
NARI ROAD,NROD,Gujarat,WR,21.758482,72.08143399999999,False,0,633.0
NARSIPATNAM RD,NRP,Andhra Pradesh,,17.452852,82.724605,True,16,574.0
NARAYANPUR ANANT,NRPA,Bihar,,26.089052,85.409122,True,2,711.0
Narayanpet Road,NRPD,Karnataka,SCR,,,True,2,416.0
Narayanpur Murli Halt,NRPM,Bihar,ECR,,,False,0,711.0
Narendrapur Halt,NRPR,West Bengal,ER,22.45342,88.41769,False,0,713.0
NAGARUR,NRR,Andhra Pradesh,,15.542335,77.31318399999999,True,4,574.0
NAGARIA SADAT,NRS,Uttar Pradesh,,28.550179,79.205555,True,6,1205.0
New Runnisaidpur Halt,NRSD,Bihar,,26.385382,85.515932,False,0,711.0
NARASIMHAPURA,NRSP,Odisha,,19.3632939389,84.9387492847,False,0,235.0
NARASARAOPET,NRT,Andhra Pradesh,,16.231527,80.041607,True,20,574.0
Nareshwar Road,NRUR,Gujarat,WR,,,False,0,633.0
NARIYAR,NRV,Bihar,ECR,26.240376,85.217642,False,0,711.0
NARAINA VIHAR,NRVR,Delhi NCT,NR,28.6376790996,77.1415966599,False,0,28.0
NARWANA JN,NRW,Haryana,NR,29.588632,76.109286,True,29,201.0
Narwasi,NRWI,Rajasthan,NWR,28.7647907,75.4097689,False,0,645.0
NOADAR DHAL,NRX,West Bengal,,23.433926999999997,87.745014,True,2,713.0
Nyoriya Husenpur,NRY,Uttar Pradesh,NER,28.734528,79.88966099999999,False,0,1205.0
NARAYANAPURAM,NRYP,Andhra Pradesh,,14.128972,77.696047,True,2,574.0
NOWROZABAD,NRZB,Madhya Pradesh,,23.394425,80.980363,True,13,614.0
Narasapur,NS,Andhra Pradesh,SCR,16.445891,81.699909,True,10,574.0
Nishangara,NSA,Uttar Pradesh,NER,28.112457,81.311271,False,0,1205.0
NASIRABAD,NSD,Rajasthan,NWR,26.294459999999997,74.71699100000001,True,19,645.0
Nasibpur,NSF,West Bengal,ER,22.804834999999997,88.262036,False,0,713.0
NIKURSINI,NSI,Odisha,,22.004654,87.30618600000001,False,0,235.0
NASKHAL,NSKL,Telangana,,17.898101,79.426237,False,0,150.0
NAGARSOL,NSL,Maharashtra,SCR,20.102455,74.541646,True,28,754.0
NASIRPUR HALT,NSN,NCT,,28.604529,77.109242,False,0,18.0
Nashipur Road,NSO,West Bengal,,24.21105,88.274766,False,0,713.0
NALLA SOPARA,NSP,Maharashtra,WR,19.418238,72.819464,False,0,754.0
NIZ-SARIHA HALT,NSRH,Assam,,26.4860621389,91.2211261203,False,0,278.0
Nawanshahr Doaba Junction,NSS,Punjab,NR,31.1213,76.108571,False,0,297.0
NISUI,NSU,Uttar Pradesh,NR,28.290931,79.236446,True,3,1205.0
NPA SHIVARAMPALLI HALT,NSVP,Telangana,,17.3237142919,78.4372038177,False,1,150.0
NARSIPURAM HALT,NSX,Andhra Pradesh,,18.737615,83.406282,True,4,574.0
BHOPAL NISHATPURA,NSZ,Madhya Pradesh,,23.278225,77.41876900000001,False,0,614.0
Netra,NTA,West Bengal,ER,22.208105,88.25409499999999,False,0,713.0
NITYANAND DHAM,NTDM,Madhya Pradesh,,23.414967,75.057507,False,0,614.0
NURSRATABAD KHARKHAR,NTG,Uttar Pradesh,NR,28.775277,77.307785,False,0,1205.0
Narthamalai,NTM,Tamil Nadu,SR,10.506577,78.78913999999999,False,0,557.0
NITTUR,NTR,Karnataka,SWR,13.3016546778,76.8558716895,False,0,416.0
Nattrasankottai,NTS,Tamil Nadu,SR,9.880423,78.54142999999999,False,0,557.0
NEW TINSUKIA JN,NTSK,Assam,NFR,27.479748,95.334128,True,29,278.0
NATHAPETTAI,NTT,Tamil Nadu,SR,12.824069,79.75614999999999,False,0,557.0
NIGATPUR,NTU,Uttar Pradesh,NER,25.251216000000003,82.758511,False,0,1205.0
Nautanwa,NTV,Uttar Pradesh,NER,27.42688,83.42129700000001,True,4,1205.0
NETHRAVATHI,NTVT,Karnataka,,12.844375,74.856475,False,0,416.0
NANJANGUD TOWN,NTW,Karnataka,SWR,12.12211,76.68442999999999,True,2,416.0
Netawal,NTWL,Rajasthan,,24.861017,74.45849,False,0,645.0
NATHWANA,NTZ,Rajasthan,NWR,28.563319,73.813703,True,4,645.0
NARSINGHPUR,NU,Madhya Pradesh,WCR,22.943112,79.214385,True,66,614.0
Nua,NUA,Rajasthan,NWR,28.05812583236852,75.28570594266057,False,0,645.0
NURABAD,NUB,Madhya Pradesh,,26.406044,78.078092,False,0,614.0
NAVAGADH,NUD,Gujarat,WR,21.764344,70.61672100000001,True,8,633.0
Naugarh,NUH,Uttar Pradesh,NER,27.275029999999997,83.08829899999999,False,0,1205.0
Neuri Halt,NUIH,Bihar,ECR,,,False,0,711.0
Nujella,NUJ,Andhra Pradesh,SCR,16.386599,81.022402,True,2,574.0
NURPUR ROAD,NUPR,Punjab,NR,32.281043,75.852903,False,0,297.0
NAGAR UNTARI,NUQ,Jharkhand,ECR,24.285735,83.51416499999999,True,12,270.0
NARELA,NUR,NCT,,28.846886,77.085727,True,12,18.0
NAGALWANCHA,NVC,Andhra Pradesh,SCR,17.07433,80.228517,False,0,574.0
NAVALGUND RD,NVD,Karnataka,,15.434894,75.354461,False,0,416.0
NAGAVANGALA,NVF,Karnataka,SWR,13.661093,75.98716300000001,False,0,416.0
Nawagaon,NVG,Madhya Pradesh,CR,22.088704,78.436386,True,5,614.0
Neyveli,NVL,Tamil Nadu,SR,11.538814,79.47622299999999,False,0,557.0
NAWALGOHAN,NVLN,Maharashtra,SCR,19.7986346861,77.1232722153,False,0,754.0
Navalpura,NVP,Gujarat,,23.289155,73.19955399999999,False,0,633.0
NAVADE ROAD,NVRD,Maharashtra,CR,19.052389,73.102716,True,4,754.0
NAVSARI,NVS,Gujarat,WR,20.946851,72.914294,True,65,633.0
NAVIPET,NVT,Andhra Pradesh,SCR,18.770457,78.013194,True,6,574.0
NAVALUR,NVU,Karnataka,SWR,15.415518,75.055491,True,2,416.0
NALWAR,NW,Karnataka,,16.936043,77.019937,True,15,416.0
Nagarwara,NWA,Madhya Pradesh,SECR,22.2107198433,80.12340101560001,True,7,614.0
NIWAS ROAD,NWB,Madhya Pradesh,WCR,24.053618,82.013256,True,2,614.0
NWBV,NWBV,Andhra Pradesh,,16.529876,80.62039399999999,False,0,574.0
NAYA NAGAR,NWC,Bihar,,25.749917999999997,86.111011,False,0,711.0
NAWADIH,NWD,Bihar,ECR,24.886758,85.54864500000001,True,4,711.0
Nawalgarh,NWH,Rajasthan,NWR,27.844017432134876,75.24608317762613,False,0,645.0
NOAPARA MAHISHA,NWMS,West Bengal,ER,24.323279,88.13727399999999,False,0,713.0
Nanwan,NWN,Haryana,,28.371336999999997,76.014318,False,0,201.0
NAUPADA JN,NWP,Andhra Pradesh,,18.5794097271,84.2829220099,True,18,574.0
NIWAR,NWR,Madhya Pradesh,WCR,23.7204627184,80.3695901074,True,4,614.0
NAVAPUR,NWU,Gujarat,,21.166844,73.771183,True,13,633.0
NIDAGHATTA,NXH,Karnataka,,12.6253503,77.0880662097,False,0,416.0
NUAGAON,NXN,Odisha,,22.386583,84.94203300000001,True,6,235.0
Nagsar,NXR,Uttar Pradesh,ECR,25.4999548,83.6451878,False,0,1205.0
NARAYANGARH,NYA,West Bengal,,22.174233,87.380456,False,0,713.0
Nayagarh,NYG,Orissa,?,21.839609,85.433342,True,4,65.0
NAYANDAHALLI,NYH,Karnataka,SWR,12.941162,77.520696,True,2,416.0
NELLAYI,NYI,Kerala,,10.392415000000002,76.275994,False,0,183.0
NAYA KHARADIA,NYK,Rajasthan,,27.0383856624,74.93509671199999,True,2,645.0
Neyamatpur,NYM,Bihar,ECR,24.937206,84.988344,False,0,711.0
NAINI,NYN,Uttar Pradesh,,25.393138,81.86004199999999,True,28,1205.0
NAYAGAON,NYO,Bihar,,25.763263,85.099366,True,6,711.0
NAYADUPETA,NYP,Andhra Pradesh,,13.908321,79.900898,True,20,574.0
NAYATOLA,NYT,Bihar,,25.5613904376,87.6025963629,False,0,711.0
NEYYATTINKARA,NYY,Kerala,SR,8.41041,77.08111000000001,True,14,183.0
NIZAMABAD,NZB,Andhra Pradesh,SCR,18.679165,78.103238,True,40,574.0
NUZVID,NZD,Andhra Pradesh,,16.649931,80.96152799999999,True,10,574.0
NAZARBAG,NZG,Gujarat,,22.814612,70.855228,False,0,633.0
Nidaghatta,NZH,Karnataka,?,12.62576,77.0894614,False,0,416.0
DELHI H NIZAMUDDIN,NZM,NCT,,28.58733,77.254249,True,178,18.0
Niyazipur Halt,NZP,Bihar,?,25.143791455699997,84.98843942260001,False,0,711.0
NAZIRA,NZR,Assam,NFR,26.905961,94.72848,False,0,278.0
Nazareth,NZT,Tamil Nadu,SR,8.563997,77.976271,True,2,557.0
OBRA-A-CABIN,OBAC,Uttar Pradesh,,24.446331,82.988313,False,0,1205.0
Obalapuram,OBM,Andhra Pradesh,SWR,15.009799,76.836422,False,0,574.0
OBRA DAM,OBR,Uttar Pradesh,ECR,24.438661,82.975949,True,13,1205.0
OBULAVARIPALLI,OBVP,Andhra Pradesh,,14.04083,79.268221,True,8,574.0
ODHANIYA CHACHA,OCH,Rajasthan,NWR,26.972848,71.718687,False,0,645.0
OCHIRA,OCR,Kerala,,9.132022999999998,76.525576,False,0,183.0
Od,OD,Gujarat,WR,22.65471,73.07946299999999,False,0,633.0
OODLABARI,ODB,West Bengal,NFR,26.866793,88.624639,False,0,713.0
Oddam Hatram,ODC,Tamil Nadu,,10.4855987634,77.7465317596,True,2,557.0
OBAIDULLA GANJ,ODG,Madhya Pradesh,,22.994912,77.587299,True,12,614.0
ODHA,ODHA,Maharashtra,,20.01601,73.910456,False,0,754.0
ONDAGRAM,ODM,West Bengal,SER,23.147974,87.202275,True,8,713.0
ODUR,ODUR,Andhra Pradesh,,14.072185,79.855368,False,0,574.0
ODELA,OEA,Telangana,,18.456554241099997,79.4497442804,True,4,150.0
OEL,OEL,Uttar Pradesh,NER,27.819798,80.74816,False,0,1205.0
ONGOLE,OGL,Andhra Pradesh,,15.498064,80.057404,True,152,574.0
Oorgaum,OGM,Karnataka,SWR,12.95409,78.259747,False,0,416.0
OHANCABIN,OHAN,Uttar Pradesh,,25.102455000000003,81.017247,False,0,1205.0
OKHLA,OKA,Uttar Pradesh,,28.559332,77.264825,True,9,1205.0
OKAC,OKAC,,,,,False,0,
OKHA MADHI,OKD,Gujarat,WR,22.0956416097,69.1038005835,True,2,633.0
OKHA,OKHA,Gujarat,WR,22.47096,69.073775,True,30,633.0
OLAKUR,OLA,Tamil Nadu,,12.306463,79.72191900000001,False,0,557.0
OLAPUR,OLP,Bihar,,25.517459,86.37012200000001,False,0,711.0
THRISSUR OLLUR HALT,OLR,Kerala,,10.473342,76.237184,False,0,183.0
Omkareshwar Road,OM,Madhya Pradesh,WR,22.215082,76.04654,True,4,614.0
OOMBERMALI,OMB,Maharashtra,,19.628026,73.422651,False,0,754.0
OMALUR,OML,Tamil Nadu,,11.7385543,78.04678001590001,True,6,557.0
OLD MALDA,OMLF,West Bengal,,25.053174,88.143718,True,2,713.0
UNNAO JN,ON,Uttar Pradesh,,26.548354,80.486199,True,65,1205.0
Aunlajori Junction,OND,Orissa,SER,22.440956,86.16420749999999,False,0,65.0
Coonoor,ONR,Tamil Nadu,SR,11.343714,76.791337,True,4,557.0
UPPAL,OPL,Telangana,,18.183408,79.48098,True,2,150.0
ONNUPURAM HALT,OPN,Tamil Nadu,,12.7115636696,79.17972008790001,False,0,557.0
ORAI,ORAI,Uttar Pradesh,,25.9825370076,79.459533963,True,53,1205.0
ORCHHA,ORC,Uttar Pradesh,NCR,25.401119,78.644228,False,0,1205.0
ORDI,ORDI,Rajasthan,WR,24.835766629899997,74.6304202759,False,0,645.0
Ore Halt,OREH,Bihar,?,24.915065,84.991898,False,0,711.0
ORGA,ORGA,Odisha,,22.448548,84.91578,True,4,235.0
ODDARAHALLI,ORH,Karnataka,,13.345829,77.541461,True,2,416.0
ORKI,ORKI,Rajasthan,NR,30.091597,73.891318,False,0,645.0
ORR,ORR,Madhya Pradesh,,24.530939,77.799315,True,2,614.0
ORWARA,ORW,Uttar Pradesh,,26.802389,82.83031100000001,False,0,1205.0
AUSA ROAD,OSA,Maharashtra,CR,18.3772296262,76.4079921729,True,2,754.0
OSHI,OSHI,,,,,False,0,
OSIYAN,OSN,Rajasthan,NWR,26.729223,72.899779,True,11,645.0
Osra,OSRA,Madhya Pradesh,WR,23.1782623,75.77929449999999,False,0,614.0
Ootwar,OTD,Rajasthan,NCR,27.626063,76.73256,False,0,645.0
OTTAKOVIL,OTK,Tamil Nadu,,11.222726000000002,79.109674,False,0,557.0
OATING,OTN,Assam,NFR,26.429808896500003,93.9872737866,False,0,278.0
OTTAPPALAM,OTP,Kerala,,10.770046,76.377993,True,40,183.0
MOTURU,OTR,Andhra Pradesh,SCR,16.439968999999998,81.051142,False,1,574.0
OTIVAKKAM,OV,Tamil Nadu,,12.623128,79.97565300000001,False,0,557.0
WARIA,OYR,West Bengal,,23.537562,87.246177,True,9,713.0
,P,Maharashtra,?,16.3876268,73.7308816,False,0,754.0
PATAS,PAA,Maharashtra,,18.4732663908,74.4696527191,True,8,754.0
Pala,PAAL,Maharashtra,,21.3760800242,78.0183333807,False,0,754.0
PATTABIRAM,PAB,Tamil Nadu,,13.11926,80.06542400000001,False,0,557.0
PARDI,PAD,Gujarat,WR,20.513153,72.92431099999999,True,9,633.0
Padil,PADL,Karnataka,,12.874231,74.894329,False,0,416.0
PALANA,PAE,Rajasthan,,27.845286,73.273605,True,2,645.0
Pennada Agraharam,PAGM,Andhra Pradesh,SCR,16.541296,81.577652,True,2,574.0
PABAI,PAI,Madhya Pradesh,,23.767491,77.931259,True,2,614.0
PAIL,PAIL,,,,,False,1,
PARAJ,PAJ,West Bengal,,23.387863,87.62750500000001,False,0,713.0
PAKALA JN,PAK,Andhra Pradesh,,13.451133,79.11408,True,33,574.0
PALASNER,PAL,Madhya Pradesh,WCR,22.304246,77.050174,False,0,614.0
Pali,PALI,Rajasthan,NWR,28.177004,76.450856,False,0,645.0
PALAIYAM,PALM,Tamil Nadu,SR,10.718615000000002,78.129081,False,0,557.0
PALUR,PALR,Tamil Nadu,SR,12.766651,79.90699699999999,False,0,557.0
PANAPAKAM,PAM,Andhra Pradesh,,13.513241,79.210821,True,4,574.0
PANAGARH,PAN,West Bengal,,23.443034,87.439587,True,25,713.0
PANDAVAPURA,PANP,Karnataka,SWR,12.463018,76.681387,True,16,416.0
PANOLI,PAO,Gujarat,,21.535197,72.978371,True,10,633.0
PITHAPURAM,PAP,Andhra Pradesh,,17.11087,82.257512,True,21,574.0
PALAT POTARAM,PAPM,Andhra Pradesh,SCR,17.7900915824,78.4544374475,False,0,574.0
PADIYA NAQLA,PAQ,Uttarakhand,NER,29.085837,78.90761,False,0,46.0
PANDHURNA,PAR,Madhya Pradesh,,21.589996,78.525394,True,63,614.0
PATHRAD,PARD,Maharashtra,SCR,19.18427,77.39203,True,5,754.0
PARAKHEDA,PARH,Madhya Pradesh,WCR,25.705583,77.642772,False,0,614.0
PASUR,PAS,Tamil Nadu,SR,11.236641,77.85708699999999,False,0,557.0
PARASHSHALA,PASA,Kerala,SR,8.3398400051,77.16548966,True,10,183.0
Panisagar,PASG,Tripura,NFR,24.27276,92.149035,False,0,17.0
PATA,PATA,Uttar Pradesh,,26.6666191003,79.4794183441,False,0,1205.0
PARSA TEWARI,PATI,Uttar Pradesh,,26.95565,82.45215499999999,False,0,1205.0
PATEL HALT,PATL,Bihar,,25.5647952991,84.89852553829999,False,0,711.0
PATAM HALT,PATM,Bihar,,25.3232551986,86.5327701855,False,0,711.0
Paramjeevar Tarajeevar,PATR,Bihar,,26.256947,85.448635,False,0,711.0
PURNA JN,PAU,Maharashtra,SCR,19.180527,77.024985,True,71,754.0
Pedana,PAV,Andhra Pradesh,SCR,16.252107000000002,81.143792,True,7,574.0
Pavi,PAVI,Gujarat,WR,22.342282,73.840166,False,0,633.0
PEDDA AVUTAPALE,PAVP,Andhra Pradesh,,16.562545,80.839432,True,4,574.0
PANDABESWAR,PAW,West Bengal,ER,23.711965,87.277416,True,4,713.0
PAYYANUR,PAY,Kerala,SR,12.092248,75.195107,True,44,183.0
PAYANGADI,PAZ,Kerala,SR,12.021508,75.2596,True,14,183.0
PUNTAMBA,PB,Maharashtra,,19.7620255268,74.621959715,True,26,754.0
PIARDOBA,PBA,West Bengal,SER,22.956881,87.322164,True,4,713.0
PARBATONIA,PBB,Odisha,,22.497617,84.949201,False,0,235.0
PEDABRAMADVAM,PBD,Andhra Pradesh,,16.990821,82.078986,True,2,574.0
PILIBHIT JN,PBE,Uttar Pradesh,NER,28.614977999999997,79.813946,True,5,1205.0
PARTAPGARH JN,PBH,Uttar Pradesh,,25.913308,82.00177799999999,True,50,1205.0
Pabnawa Jasmahinder Halt,PBJM,Haryana,NR,29.8956957066,76.6527179736,False,0,201.0
PAMBA KOVIL SHANDY,PBKS,Tamil Nadu,,9.130538,77.431001,True,2,557.0
PATHSALA,PBL,Assam,,26.497475,91.176255,True,2,278.0
PAMBAN JN,PBM,Tamil Nadu,SR,9.279729,79.213482,True,2,557.0
PARBHANI JN,PBN,Maharashtra,SCR,19.25746,76.774119,True,65,754.0
PEMBARTI,PBP,Telangana,,17.692296000000002,79.11616,True,4,150.0
Pathardih Bazar,PBQ,Jharkhand,,23.682542,86.431257,False,0,270.0
PORBANDAR,PBR,Gujarat,WR,21.643597999999997,69.615506,True,14,633.0
Purab Sarai,PBS,Bihar,ER,,,False,0,711.0
Paliba,PBV,Orissa,ECoR,18.659915,82.695712,True,2,65.0
PANTNAGAR,PBW,Uttarakhand,NER,29.017708,79.51778,True,2,46.0
PORABAZAR,PBZ,West Bengal,,22.916427,88.15914000000001,False,0,713.0
PACHORA JN,PC,Maharashtra,,20.668385,75.34831,True,25,754.0
PCAB,PCAB,Odisha,,22.237662,84.912165,False,0,235.0
Prachi Road Junction,PCC,Gujarat,WR,20.988298,70.68701800000001,False,0,633.0
PENCHI,PCF,Rajasthan,,24.138711,77.005837,False,0,645.0
PACHHAPUR,PCH,Karnataka,SWR,16.093145,74.672174,True,2,416.0
PACHRUKHI,PCK,Bihar,,26.162628,84.415667,False,0,711.0
PACHACHAKUPAM,PCKM,Tamil Nadu,,12.822656,78.757365,False,0,557.0
Pulicherla,PCL,Andhra Pradesh,SCR,13.598983,79.040396,True,2,574.0
Palachauri,PCLI,Madhya Pradesh,CR,22.201012,78.659087,True,2,614.0
PANCHALAM,PCLM,Tamil Nadu,,12.275612,79.691931,False,0,557.0
PCLS,PCLS,,,,,False,0,
Pacharmalikpura,PCMK,Rajasthan,NWR,27.201471,75.389317,False,0,645.0
PANCH PIPILA,PCN,Madhya Pradesh,,23.06329,74.737549,True,4,614.0
Palayankottai,PCO,Tamil Nadu,SR,8.709862,77.738083,False,0,557.0
PALSAP,PCP,Maharashtra,CR,18.357557,76.191169,False,0,754.0
PICHKURIRDHAL,PCQ,West Bengal,,23.54342,87.720914,True,2,713.0
PANCHRA,PCR,West Bengal,ER,23.77199,87.330151,False,0,713.0
PANCHTALAVDA ROAD,PCT,Gujarat,WR,21.662813,71.474264,False,0,633.0
PUTLACHERUVU,PCU,Andhra Pradesh,SCR,16.484823,81.112395,True,2,574.0
Palakkodu,PCV,Tamil Nadu,SWR,12.297418,78.072073,True,2,557.0
PERAMBUR CARRIAGE WORKS,PCW,Tamil Nadu,,13.10724,80.23865900000001,False,0,557.0
Pagla Chandi,PCX,West Bengal,ER,23.743195,88.303969,True,4,713.0
Pocharam,PCZ,Andhra Pradesh,SCR,17.486717000000002,80.234583,True,4,574.0
PHARADAHAN,PD,Uttar Pradesh,NER,27.993457,80.631949,False,0,1205.0
PUNDOOAH,PDA,West Bengal,,23.070862,88.270115,False,1,713.0
PADUBIDRI,PDD,Karnataka,KR,13.197027,74.76816500000001,True,4,416.0
Pindrai,PDE,Madhya Pradesh,SECR,22.5117997936,80.0462042108,True,9,614.0
PADAMPUR,PDF,Gujarat,,23.519468000000003,70.836786,False,0,633.0
PARADGAON,PDG,Maharashtra,SCR,19.629143,76.14738700000001,True,6,754.0
PONDUGULA,PDGL,Telangana,,16.6762442519,79.65905031369999,True,2,150.0
PUDUNAGARAM,PDGM,Kerala,,10.683752,76.684608,False,0,183.0
PADHEGAON,PDGN,Maharashtra,,19.536709,74.69233,True,6,754.0
PADADHARI,PDH,Gujarat,WR,22.429596,70.60534299999999,True,12,633.0
PALASDARI,PDI,Maharashtra,,18.88409,73.32055,False,0,754.0
PHIDING,PDJ,Assam,,25.221835,93.14983,False,0,278.0
PEDANAYAKANPALAYAM,PDKM,Tamil Nadu,,11.647063,78.5053,False,0,557.0
PEDAKAKANI HALT,PDKN,Andhra Pradesh,,16.34323912,80.48615482999999,True,8,574.0
Pudukkottai,PDKT,Tamil Nadu,SR,10.372457,78.801946,True,16,557.0
PENDEKALLU,PDL,Andhra Pradesh,SCR,15.374513,77.647361,True,6,574.0
PEDDADINNE,PDNA,Telangana,,16.100078,77.83502,False,1,150.0
PADNUR,PDNR,Karnataka,SWR,17.3223703821,75.9846818945,True,2,416.0
PUDURU,PDO,Telangana,,16.153896999999997,77.820931,False,1,150.0
PADSE,PDP,Maharashtra,,21.132043,74.924335,True,4,754.0
Padapahar Junction,PDPH,Jharkhand,SER,22.156554999999997,85.545961,False,0,270.0
PADMAPUKAR,PDPK,West Bengal,SER,22.5683088157,88.3062197015,False,0,713.0
PEDDAPALLI,PDPL,Telangana,,18.613795999999997,79.39208,True,17,150.0
Purandarpur,PDPR,Uttar Pradesh,NER,27.209982,83.34747200000001,False,0,1205.0
PADLA,PDQ,Rajasthan,NWR,24.306135,73.778291,False,0,645.0
Payagpur,PDR,Uttar Pradesh,NER,27.407067,81.776186,True,2,1205.0
Padra,PDRA,Gujarat,WR,22.237238915003488,73.09017872437835,False,0,633.0
PINDRA ROAD,PDRD,Uttar Pradesh,,25.497052,82.851162,True,2,1205.0
Pindarsi,PDS,Haryana,NR,29.9189828048,76.70440469360001,False,0,201.0
Peddasana,PDSN,Andhra Pradesh,ECoR,18.593147,84.18448500000001,False,0,574.0
PENDURTI,PDT,Andhra Pradesh,,17.813498,83.195211,True,6,574.0
PONDURU,PDU,Andhra Pradesh,,18.362876,83.776548,True,6,574.0
PANDARAVADAI,PDV,Tamil Nadu,SR,10.913696,79.242126,False,0,557.0
PANDAUL,PDW,Bihar,,26.2804866136,86.0866355896,True,6,711.0
Payradanga,PDX,West Bengal,ER,23.128660999999997,88.545481,False,1,713.0
Puducherry,PDY,Puducherry,SR,11.925446,79.828127,True,18,3.0
PILIODA,PDZ,Rajasthan,WCR,26.606366,76.86438199999999,True,2,645.0
Pencharthal,PEC,Tripura,NFR,24.196225,92.10823,False,0,17.0
Pipardahi,PED,Madhya Pradesh,SECR,22.052145,79.41266,True,2,614.0
Paterhi,PEE,Bihar,NER,25.923565,84.80548800000001,False,0,711.0
Pathardih Junction,PEH,Jharkhand,ECR,23.675524600000003,86.4345602,True,2,270.0
PERANI,PEI,Tamil Nadu,,12.104212,79.552577,False,0,557.0
POLIREDDIPALEM,PEL,Andhra Pradesh,,13.7594908008,79.9800264775,False,0,574.0
Peralam Jn,PEM,Tamil Nadu,,10.959358,79.656384,True,6,557.0
PEN,PEN,Maharashtra,CR,18.735604455900003,73.0867978516,True,4,754.0
PHEPHNA JN,PEP,Bihar,,25.770309,84.05132499999999,True,5,711.0
PERAMBUR,PER,Tamil Nadu,,13.10702,80.24453299999999,True,42,557.0
PERNEM,PERN,Goa,KR,15.707894,73.81653700000001,True,10,21.0
PHESAR,PES,Bihar,,24.845489,84.41808499999999,True,2,711.0
Pandetola,PETA,Jharkhand,,24.7415365882,87.0603205811,False,0,270.0
PERSSANNUR,PEU,Kerala,SR,10.840824,76.065488,False,0,183.0
PERAMBUR LOCOMOTIVE WORKS,PEW,Tamil Nadu,,13.107826,80.225105,False,0,557.0
PIPRALA,PFL,Gujarat,WR,23.652484,71.097619,False,0,633.0
PHAPHAMAU JN,PFM,Uttar Pradesh,NR,25.524256,81.866406,True,23,1205.0
PFMA,PFMA,,,,,False,0,
PACHOR ROAD,PFR,Madhya Pradesh,,23.729095,76.741609,True,10,614.0
Pothahi,PFT,Bihar,ECR,25.486605,85.098643,False,0,711.0
Padua,PFU,Orissa,ECoR,18.396744,82.687882,True,2,65.0
PERGAON,PG,Maharashtra,SCR,19.294984,76.67346400000001,True,6,754.0
PAGARA,PGA,Madhya Pradesh,,24.65577,77.44077,True,2,614.0
Panchgachia,PGC,Bihar,ECR,25.969294,86.59822100000001,False,0,711.0
Pagidirai Halt,PGDI,Andhra Pradesh,,15.283,77.60155400000001,False,0,574.0
PAGIDIPALLI,PGDP,Telangana,,17.484713000000003,78.820893,False,0,150.0
PENGANGA,PGG,Maharashtra,SCR,19.9603213601,77.1230451306,False,0,754.0
PARPANANGADI,PGI,Kerala,SR,11.04591,75.861006,True,32,183.0
PILI BANGAN,PGK,Rajasthan,NWR,29.483825,74.079282,True,16,645.0
PAGDHAL,PGL,Madhya Pradesh,WCR,22.42054,77.351451,False,0,614.0
PRAGATI MAIDAN,PGMD,NCT,,28.615267999999997,77.247277,False,0,18.0
PERUGAMANI,PGN,Tamil Nadu,SR,10.889271,78.54751,False,0,557.0
Panduranga Pura,PGP,Andhra Pradesh,SCR,17.718238,80.76459,True,2,574.0
PUGALUR,PGR,Tamil Nadu,SR,11.051702,77.99070900000001,True,12,557.0
PIDUGURALLA,PGRL,Andhra Pradesh,,16.477787000000003,79.876294,True,26,574.0
PALAKKAD,PGT,Kerala,,10.802091,76.641926,True,105,183.0
PALGHAT TOWN,PGTN,Kerala,SR,10.7753892,76.65216699999999,True,2,183.0
PADUGUPADU,PGU,Andhra Pradesh,,14.496976,79.989954,True,2,574.0
PHAGWARA JN,PGW,Punjab,,31.2175557498,75.7655019775,True,76,297.0
PERUNGUZHI,PGZ,Kerala,,8.631561,76.808211,True,2,183.0
Panoh,PH,Himachal Pradesh,,31.551328,76.19991700000001,False,0,55.0
PATHARIA,PHA,Madhya Pradesh,,23.905726,79.192899,True,21,614.0
PANCHOT,PHC,Gujarat,WR,23.635162,72.339879,False,0,633.0
PHAPHUND,PHD,Uttar Pradesh,,26.6321183177,79.5542552124,True,24,1205.0
PAHALEJA HALT,PHE,Bihar,,24.932644,84.144817,False,0,711.0
PANIKHAITI,PHI,Assam,NFR,26.2119648863,91.8757005432,True,2,278.0
PUNARAKH,PHK,Bihar,,25.481495,85.803757,True,20,711.0
PHLG,PHLG,,,,,False,0,
Patapatnam,PHM,Andhra Pradesh,ECoR,18.7407526287,84.081469892,False,0,574.0
POKHRAYAN,PHN,Uttar Pradesh,,26.222964,79.84088799999999,True,25,1205.0
PARDHANDE,PHQ,Maharashtra,,20.7292951895,75.3769414349,False,0,754.0
PHILLAUR JN,PHR,Punjab,,31.016907,75.78576100000001,True,37,297.0
PANCH RUKHI,PHRH,Himachal Pradesh,NR,32.056252,76.564492,False,0,55.0
Ferozeshah,PHS,Punjab,NR,30.887454,74.78411,False,0,297.0
Pahur,PHU,Maharashtra,CR,20.7154391,75.6836894,False,0,754.0
PIRTHIGANJ,PHV,Uttar Pradesh,,25.8555399586,82.012834469,False,1,1205.0
PHVP,PHVP,,,,,False,0,
Pehowa Road,PHWR,Haryana,NR,29.88477778,76.6204606189,False,0,201.0
PATHAKPUR,PHX,Uttar Pradesh,NR,28.369685,78.580494,False,0,1205.0
PHARIHA,PHY,Uttar Pradesh,,26.0074784479,83.0299456195,False,0,1205.0
PADLI,PI,Maharashtra,,19.783928,73.66573299999999,False,0,754.0
PIPRAIGAON,PIA,Madhya Pradesh,,24.503643,77.964258,True,6,614.0
PARICHA,PIC,Uttar Pradesh,,25.518402,78.73773,False,0,1205.0
PILIGHAT,PIGT,Madhya Pradesh,,24.660758,77.49331000000001,False,0,614.0
Parhihara,PIH,Rajasthan,NWR,27.926801,74.559809,False,0,645.0
Pij,PIJ,Gujarat,WR,,,False,0,633.0
Piler,PIL,Andhra Pradesh,SCR,13.662347,78.927499,True,10,574.0
PILOL,PIO,Gujarat,,22.39641,73.186675,False,0,633.0
PIPLIA,PIP,Madhya Pradesh,WR,24.203693,75.007483,True,10,614.0
Piro,PIRO,Bihar,ECR,25.321358352999997,84.4205444342,False,0,711.0
Piska,PIS,Jharkhand,SER,23.3295427441,85.20610187930001,False,0,270.0
Palitana,PIT,Gujarat,WR,21.538300999999997,71.82319700000001,True,2,633.0
PINGLI,PIZ,Maharashtra,SCR,19.21840134,76.8577266418,True,7,754.0
Peppeganj,PJ,Uttar Pradesh,NER,26.930569,83.294438,False,0,1205.0
PAJIAN,PJA,Punjab,NR,31.264295,75.288498,False,0,297.0
PANIAJOB,PJB,Chhattisgarh,,21.183732000000003,80.693768,True,2,162.0
Pirjhalar,PJH,Madhya Pradesh,WR,23.2603976,75.5313135,False,0,614.0
PANJ KOSI,PJK,Rajasthan,NR,30.137676000000003,74.057408,False,0,645.0
Panjwara Road,PJLE,Bihar,ER,24.8770456448,87.0136837024,False,0,711.0
PANJHAN,PJN,Maharashtra,,20.275504,74.606561,False,0,754.0
PANJIPARA,PJP,West Bengal,,26.1401656527,88.0180577417,False,0,713.0
PRAJAPATI HALT,PJPI,Bihar,,26.815895,84.50216300000001,False,0,711.0
PANGRI,PJR,Maharashtra,CR,18.283703174,75.86677300480001,True,2,754.0
PARA JANI HALT,PJY,Uttar Pradesh,,26.596933,79.634896,False,0,1205.0
PAKNI,PK,Maharashtra,,17.7248659449,75.7788740411,True,2,754.0
PRADHANKHUNTA,PKA,Jharkhand,,23.772589999999997,86.515977,True,4,270.0
PATHARKHOLA S,PKB,Assam,NFR,25.7789313494,93.1029777271,True,2,278.0
Peeplee-ka-bas,PKBS,Rajasthan,NWR,26.909189,75.268809,False,0,645.0
PAKRA,PKC,Jharkhand,,22.828158,84.93690600000001,False,0,270.0
PENUKONDA,PKD,Andhra Pradesh,,14.099641,77.592521,True,12,574.0
PILU KHERA,PKDE,Haryana,NR,29.354607,76.49388,False,0,201.0
PIMPAR KHED,PKE,Maharashtra,,20.307455334,74.7559997266,False,0,754.0
PANSKURA EAST OUTER,PKEO,West Bengal,,22.39974,87.773512,False,0,713.0
POKLA,PKF,Jharkhand,,22.89496,84.951364,True,6,270.0
Phakhoagram,PKGM,Assam,NFR,24.641534,92.342438,False,0,278.0
PAKKI,PKK,Punjab,NR,30.164759,74.35550400000001,True,2,297.0
PAPINAYAKNAHALI,PKL,Karnataka,SWR,15.236109,76.490876,True,4,416.0
Periyanaikanpalayam,PKM,Tamil Nadu,SR,11.144776,76.948477,False,0,557.0
PAKHNA,PKNA,Uttar Pradesh,NCR,27.302522,79.304318,False,0,1205.0
POKHARNI NARASIMHA,PKNS,Maharashtra,SCR,19.118747261,76.7316388525,True,4,754.0
Palakollu,PKO,Andhra Pradesh,SCR,16.522244,81.717145,True,10,574.0
Pallikkara,PKP,Kerala,SR,,,False,0,183.0
PEDDAKURAPADU,PKPU,Andhra Pradesh,,16.459296,80.252989,True,4,574.0
Pattikkad,PKQ,Kerala,SR,11.020627,76.23179499999999,True,2,183.0
PAKUR,PKR,West Bengal,,24.638002,87.856054,True,47,713.0
PARSA KHERA,PKRA,Uttar Pradesh,,28.433371,79.34185199999999,True,2,1205.0
PAKARA ROAD,PKRD,Madhya Pradesh,WCR,24.0512,80.505599,True,2,614.0
Parsa Kerwan Halt,PKRH,Bihar,,26.0536101381,84.8273760669,False,0,711.0
Pattukottai,PKT,Tamil Nadu,SR,,,False,0,557.0
PANSKURA,PKU,West Bengal,,22.393102763,87.7430237079,True,25,713.0
PILKHUA,PKW,Uttar Pradesh,,28.712335,77.668008,True,31,1205.0
PAKHRULI,PKX,Uttar Pradesh,,26.205027,82.122568,False,0,1205.0
PILKHANI,PKY,Uttar Pradesh,,29.997528,77.472879,False,0,1205.0
PIPLI PAKHI KALAN,PKZ,Punjab,NR,30.732663,74.732879,False,0,297.0
Mumbai Lower Parel,PL,Maharashtra,WR,18.994919,72.82961999999999,False,0,754.0
Palia,PLA,Madhya Pradesh,WR,22.829589,75.79984999999999,True,2,614.0
PALSIT,PLAE,West Bengal,,23.197030709800003,88.00322154050001,False,0,713.0
Phalodi Junction,PLC,Rajasthan,NWR,27.124794,72.366743,False,0,645.0
PHALODI JN,PLCJ,Rajasthan,NWR,27.124914,72.36686300000001,True,17,645.0
PALDHI,PLD,Maharashtra,,21.022832,75.46157,True,4,754.0
PIPLEE,PLE,Gujarat,,23.817141,71.530851,False,0,633.0
Piali,PLF,West Bengal,ER,22.388254,88.51744099999999,False,0,713.0
PALGHAR,PLG,Maharashtra,WR,19.698038,72.77248,True,26,754.0
PALIGARH,PLGH,Uttar Pradesh,,25.959544,83.50513000000001,False,0,1205.0
Parlakhemundi,PLH,Orissa,ECoR,18.786579,84.08063800000001,False,0,65.0
PALLAHALLI HALT,PLHL,Karnataka,,12.4115632692,76.6601677197,False,0,416.0
PETTAIVAYATALAI,PLI,Tamil Nadu,SR,10.898666,78.495114,False,1,557.0
PALEJ,PLJ,Gujarat,,21.921578,73.072387,True,15,633.0
PHULWARTANR,PLJE,Jharkhand,,23.77515,86.226577,True,4,270.0
PALIA KALAN,PLK,Uttar Pradesh,NER,28.426644,80.582392,True,2,1205.0
PARLI,PLL,Kerala,,10.800415,76.559421,False,0,183.0
PANELI MOTI,PLM,Gujarat,WR,21.874341,70.15264699999999,False,0,633.0
PILAMEDU,PLMD,Tamil Nadu,,11.033241,76.999566,True,2,557.0
PULIYAMANGALAM,PLMG,Tamil Nadu,,13.0834968254,79.6862378271,False,0,557.0
PALAMPUR HIMACHAL,PLMX,Himachal Pradesh,NR,32.069052,76.54001000000001,False,0,55.0
Palani,PLNI,Tamil Nadu,,10.458722,77.52118300000001,True,2,557.0
PULGAON JN,PLO,Maharashtra,,20.726734,78.318111,True,26,754.0
PHULPUR,PLP,Uttar Pradesh,NR,25.552534,82.091535,True,17,1205.0
PALAPPURAM,PLPM,Kerala,,10.7525187905,76.398385813,False,0,183.0
PIPALSANA,PLS,Uttar Pradesh,NER,28.952153,78.83533,True,6,1205.0
Palasingi,PLSG,Andhra Pradesh,ECoR,19.014074,83.805056,False,0,574.0
Palsana,PLSN,Rajasthan,NWR,27.484876,75.38008,False,0,645.0
Pirthala Llauda,PLT,Haryana,NR,29.628831,75.866432,False,0,201.0
PATAKOTTACHERU,PLU,Andhra Pradesh,,15.172077,77.521795,True,4,574.0
PALSI,PLV,Maharashtra,CR,17.812195000000003,74.111907,False,0,754.0
PALLEVADA,PLVA,Andhra Pradesh,SCR,16.576700082699997,81.2878959662,False,0,574.0
PALAM VIHAR HALT,PLVR,Haryana,,28.5154635923,77.0327645691,False,0,201.0
PINGLESHWAR,PLW,Madhya Pradesh,,23.2111360434,75.8603440417,True,3,614.0
Phulwaria,PLWR,Uttar Pradesh,NER,26.4688026951,84.255615343,False,0,1205.0
Plassey,PLY,West Bengal,ER,23.777986,88.28447,True,10,713.0
PALAM,PM,Delhi NCT,NR,28.585656,77.09295,True,9,28.0
PULLAMBADI,PMB,Tamil Nadu,,10.940214,78.91757299999999,False,0,557.0
PAMIDI,PMD,Andhra Pradesh,,14.9807265411,77.5990446368,True,2,574.0
PAMIDI,PMDB,Andhra Pradesh,,14.9811881952,77.5990888062,False,0,574.0
Pimpalgaon,PMGN,Maharashtra,CR,20.6278802,75.5162536,False,0,754.0
Parao Mahna,PMH,Punjab,NR,30.811762,75.272772,False,0,297.0
PAIMAR,PMI,Bihar,ECR,24.806929,85.112409,False,0,711.0
PARAMAKKUDI,PMK,Tamil Nadu,SR,9.539071,78.591131,True,16,557.0
PIMPALKHUTI,PMKT,Maharashtra,CR,19.829473,78.581025,True,3,754.0
PAPANASAM,PML,Tamil Nadu,SR,10.922767,79.26854200000001,True,10,557.0
PARSEHRA MAL,PMM,Uttar Pradesh,NER,27.729917,80.72917899999999,False,0,1205.0
PAMAN,PMN,Uttar Pradesh,,26.359934,80.08042,True,2,1205.0
Pandoli,PMO,Rajasthan,NWR,24.866567,74.39939700000001,False,0,645.0
PIMPRI,PMP,Maharashtra,,18.622977,73.801991,True,10,754.0
PAMPORE,PMPR,Uttar Pradesh,,26.2451000771,80.4835424152,False,0,1205.0
Parna Nand,PMQ,Punjab,NR,32.169809,75.49578699999999,False,0,297.0
PITAMBARPUR,PMR,Uttar Pradesh,,28.200105,79.538072,True,16,1205.0
PARMALKASA,PMS,Chhattisgarh,,21.140859000000003,81.09869,False,0,162.0
PULLAMPET,PMT,Andhra Pradesh,,14.120622,79.205606,True,6,574.0
PARMANANDPUR,PMU,Bihar,,25.741290999999997,85.133951,True,2,711.0
PALI MARWAR,PMY,Rajasthan,NWR,25.790692,73.327309,True,39,645.0
PARMINIYA HALT,PMYA,Bihar,ECR,25.8265625908,86.59504241879999,False,0,711.0
PANSAR,PN,Gujarat,WR,23.307875,72.47975,True,2,633.0
PANBARI,PNB,Assam,NFR,26.226727,91.951417,True,2,278.0
PATNA JN,PNBE,Bihar,,25.60256,85.136824,True,191,711.0
PATNA SAHEB,PNC,Bihar,,25.585856,85.230942,True,118,711.0
Pancheberia,PNCB,West Bengal,ER,23.221017,88.599435,False,0,713.0
PENDRA ROAD,PND,Madhya Pradesh,,22.755825,81.89917,True,47,614.0
PENNADAM,PNDM,Tamil Nadu,,11.397963,79.219978,True,5,557.0
PANDILLAPALLI,PNDP,Andhra Pradesh,SCR,17.171933,80.17023400000001,False,0,574.0
PRANTIK,PNE,West Bengal,,23.694435,87.693501,True,18,713.0
PANGAON,PNF,Maharashtra,SCR,18.634293,76.635315,True,10,754.0
Panangudi,PNGI,Tamil Nadu,SR,9.921169,78.612621,False,0,557.0
PANCHGRAM,PNGM,Assam,NFR,24.864358,92.598318,False,0,278.0
PINGORA,PNGR,Rajasthan,WCR,27.087306,77.37130900000001,False,0,645.0
PANHAI,PNHI,Uttar Pradesh,NCR,25.081679,81.189495,False,0,1205.0
PANIHAR,PNHR,Madhya Pradesh,WCR,26.099221,78.014931,False,0,614.0
PURAINI,PNI,Uttar Pradesh,,29.388929,78.445574,False,0,1205.0
Padriganj,PNJ,Madhya Pradesh,SECR,22.3172086118,80.11383797849999,True,5,614.0
PANKI,PNK,Uttar Pradesh,,26.459172,80.236441,True,18,1205.0
PANYAM,PNM,Andhra Pradesh,,15.50076,78.339158,True,6,574.0
PARASNATH,PNME,Jharkhand,,23.987971,86.037862,True,49,270.0
PANIPAT JN,PNP,Haryana,,29.388948,76.96379300000001,True,82,201.0
PANPALI,PNPL,Odisha,,21.915685999999997,84.139173,True,4,235.0
PANPANA,PNPN,Odisha,,21.358714999999997,86.790524,False,0,235.0
PUNNAPURA,PNPR,Kerala,SR,9.449651,76.333771,False,0,183.0
PUNKUNNAM,PNQ,Kerala,,10.535054,76.20943,True,19,183.0
PANIARA,PNRA,Uttar Pradesh,NER,25.902065,83.525851,False,0,1205.0
PILLAMSHAT,PNS,,,,,False,0,
Punsia,PNSA,Bihar,ER,24.9531673111,87.0037506653,True,2,711.0
PANGARSHINDE HALT,PNSD,Maharashtra,,19.526469,77.24009,False,0,754.0
PNSR,PNSR,,,,,False,0,
PANITOLA,PNT,Assam,NFR,27.4967510918,95.2499423993,False,0,278.0
PENNATHUR HALT,PNTR,Tamil Nadu,,12.8499601684,79.1235368176,False,0,557.0
PALANPUR JN,PNU,Gujarat,WR,24.174433,72.430172,True,96,633.0
Punpun Ghat Halt,PNUG,Bihar,?,25.5255878987,85.1099123547,False,0,711.0
PANEVADI,PNV,Maharashtra,,20.26527,74.494903,False,0,754.0
PANVEL,PNVL,Maharashtra,CR,18.990919,73.121756,True,80,754.0
PANCHARATNA,PNVT,Assam,NFR,26.158866,90.555996,False,0,278.0
PUNDHAG,PNW,Jharkhand,,23.508909,86.08957600000001,True,7,270.0
PACHWAN,PNWN,Madhya Pradesh,,23.208785,77.128302,True,3,614.0
PANIAHWA,PNYA,Uttar Pradesh,NER,27.167486,83.933839,True,5,1205.0
PARANGIPETTAI,PO,Tamil Nadu,SR,11.476847,79.73604499999999,False,0,557.0
Palikona,POA,Andhra Pradesh,SCR,16.061989,80.80435100000001,True,4,574.0
Pawapuri Road Halt,POE,Bihar,,25.160225,85.512918,True,7,711.0
PIPARSAND,POF,Uttar Pradesh,,26.743404,80.798664,False,1,1205.0
Pohe,POHE,Maharashtra,CR,20.5294587,77.469496,False,0,754.0
PONPADI,POI,Tamil Nadu,,13.241368,79.588814,False,0,557.0
POKRAN,POK,Rajasthan,NWR,26.930571,71.923129,True,4,645.0
PEOKOL,POKL,Uttar Pradesh,NER,26.340803,83.930204,False,0,1205.0
PINJRAPOL,POL,West Bengal,,23.549642,87.232307,False,0,713.0
Punthottam,POM,Tamil Nadu,,10.93262802,79.65731229,False,0,557.0
PONNERI,PON,Tamil Nadu,,13.332319,80.19879900000001,False,0,557.0
POTLAPADU,POO,Andhra Pradesh,,15.873337,79.523864,True,4,574.0
PIPALDA ROAD,POR,Rajasthan,WCR,24.956611,76.616541,True,2,645.0
PORA,PORA,Uttar Pradesh,,27.532025,78.154207,False,0,1205.0
Pothia,POT,West Bengal,,26.310567,88.179429,True,2,713.0
POTHERI HALT,POTI,Tamil Nadu,,12.820868,80.03693,False,0,557.0
Padrauna,POU,Uttar Pradesh,,26.8977092,83.982606,True,4,1205.0
POLA-PATTHAR,POX,Madhya Pradesh,,22.347657,77.85334900000001,False,0,614.0
POLLACHI JN,POY,Tamil Nadu,,10.653079,77.001342,False,0,557.0
POTUL,POZ,Maharashtra,SCR,19.918567,75.12177700000001,True,6,754.0
PURANPUR,PP,Uttar Pradesh,NER,28.514911,80.150951,True,5,1205.0
PIPRA,PPA,Bihar,ECR,26.489784,84.98573499999999,False,0,711.0
Partabpura,PPB,Punjab,NR,31.052119,75.71438400000001,False,0,297.0
PIPRAICH,PPC,Uttar Pradesh,NER,26.828307,83.535848,True,5,1205.0
Pipalwali Chowk,PPCK,Madhya Pradesh,NCR,26.266253,77.470826,False,0,614.0
PIPLOD JN,PPD,Gujarat,,22.819148,73.9091,True,4,633.0
PANCHPATIA DEORIA HALT,PPDA,Bihar,,25.768730655699997,84.9361293799,False,0,711.0
PANDU PINDARA,PPDE,Haryana,NR,29.307976,76.37130800000001,False,0,201.0
Pipradih,PPDI,Bihar,,24.9936652146,86.9944876282,False,0,711.0
PAINTEPUR,PPE,Uttar Pradesh,,27.230021,81.157557,False,0,1205.0
PAPRERA,PPEA,Rajasthan,,27.226004,77.308829,False,0,645.0
PIPLAJ,PPF,Rajasthan,NWR,26.164809,74.377466,True,2,645.0
PIPLODA BAGLA,PPG,Madhya Pradesh,,23.357472,75.433639,True,3,614.0
PRINCEP GHAT,PPGT,West Bengal,,22.557153999999997,88.33202200000001,False,0,713.0
PIPRI DIH,PPH,Uttar Pradesh,NER,25.879046,83.500574,True,2,1205.0
PIPARIYA,PPI,Madhya Pradesh,WCR,22.753941,78.354538,True,75,614.0
POPHLAJ,PPJ,Maharashtra,,18.292242,75.117846,True,2,754.0
Pachpokharia,PPK,Central Region,,26.894084,84.981145,False,0,7.0
PAPRAKUND,PPKD,Uttar Pradesh,ECR,24.42109,82.93171099999999,False,0,1205.0
PIMPLA CHAURE HALT,PPLC,Maharashtra,,19.2864549977,77.13253484500001,False,0,754.0
PIPLI,PPLI,Gujarat,WR,22.345082,69.934426,True,2,633.0
PHIRANGIPURAM,PPM,Andhra Pradesh,,16.292376,80.255894,True,6,574.0
Punpun,PPN,Bihar,ECR,25.4882296425,85.09876768800001,True,5,711.0
PARAS PANI,PPNI,Uttar Pradesh,,24.38141,83.04895300000001,False,0,1205.0
PAPPINISSERY,PPNS,Kerala,SR,11.941779,75.347422,False,0,183.0
PANPOSH,PPO,Odisha,,22.228538,84.804627,True,6,235.0
PIPAR ROAD JN,PPR,Rajasthan,,26.45285,73.448703,True,7,645.0
PIPARAHAN HALT,PPRH,Bihar,,26.224333,85.246908,False,0,711.0
PIPRAN,PPRN,Rajasthan,,29.265794999999997,73.928281,False,0,645.0
PIPILIYA ROAD,PPS,Gujarat,,22.930873,70.67825500000001,False,0,633.0
PIRPAINTI,PPT,Bihar,,25.2903753934,87.4218244568,True,18,711.0
PATLIPUTRA,PPTA,Bihar,,25.621426,85.068505,True,4,711.0
Piprithan,PPTN,Bihar,,26.484618,88.124798,False,0,711.0
PIPARPUR,PPU,Uttar Pradesh,NR,26.137823,82.038949,False,0,1205.0
Pratapganj,PPV,Bihar,ECR,26.3127933,86.9564034,False,0,711.0
PIRAPPANVALASAI,PPVL,Tamil Nadu,SR,9.299159,79.043777,False,0,557.0
Pachperwa,PPW,Uttar Pradesh,NER,27.528038,82.657808,False,0,1205.0
PAPATAPALLI,PPY,Andhra Pradesh,SCR,17.373688,80.175744,False,0,574.0
PEDDEMPET,PPZ,Telangana,,18.802669374,79.4268241321,True,2,150.0
Pipla Halt,PQA,Maharashtra,SECR,21.312575,79.06675999999999,True,3,754.0
PRANPUR ROAD,PQD,Bihar,,25.4623621243,87.70486823670001,False,0,711.0
Pawapuri Road,PQE,Bihar,ECR,25.15921,85.511715,False,0,711.0
Pindkepar Halt,PQH,Maharashtra,,21.304069,80.18200300000001,False,0,754.0
PRATAP KHATA,PQK,Assam,,26.386384000000003,90.118496,False,0,278.0
PINDLAI,PQL,Telangana,,17.925189,79.454715,True,4,150.0
PAKKAM,PQM,Tamil Nadu,,12.465125,79.850569,False,0,557.0
Pariawan Kalakankar Road,PQN,Uttar Pradesh,NR,25.825794,81.368601,True,12,1205.0
PARK CIRCUS,PQS,West Bengal,,22.541428999999997,88.374176,False,0,713.0
Puniyavant,PQT,Gujarat,WR,22.332118,73.95733100000001,False,0,633.0
PARHANA MAU,PQU,Madhya Pradesh,,23.6266363986,76.5556067877,False,0,614.0
PABLI KHAS,PQY,Uttar Pradesh,NR,29.05601,77.698335,False,0,1205.0
PUNDIBARI,PQZ,West Bengal,,26.413245,89.393542,False,0,713.0
MUMBAI PAREL,PR,Maharashtra,CR,19.009045,72.83750400000001,False,0,754.0
PALLA ROAD,PRAE,West Bengal,,23.179393,88.00912100000001,False,0,713.0
PAROR,PRAR,Himachal Pradesh,NR,32.08098,76.460155,False,0,55.0
PARBATI,PRB,Madhya Pradesh,,23.250527,77.012393,True,9,614.0
Parsa Bazar,PRBZ,Bihar,ECR,25.550023,85.11887899999999,False,0,711.0
PERECHERLA,PRCA,Andhra Pradesh,,16.319601000000002,80.339519,True,6,574.0
PORADANGA HALT,PRDG,West Bengal,ER,24.2602726462,88.2261646533,False,0,713.0
PIR DULHE SHAH HALT,PRDH,Rajasthan,,25.873873,73.155686,False,1,645.0
Paradol,PRDL,Madhya Pradesh,SECR,23.25057,82.188481,True,9,614.0
Paradip,PRDP,Orissa,ECoR,20.280364,86.62014099999999,True,4,65.0
PAHARA,PRE,Uttar Pradesh,,25.1197842638,82.7247816913,False,0,1205.0
Pattabiram East,PRES,Tamil Nadu,SR,13.145848,80.068704,False,0,557.0
PARSIPUR,PRF,Uttar Pradesh,,25.37052,82.63716199999999,True,11,1205.0
PRAYAG,PRG,Uttar Pradesh,NR,25.467939,81.867081,True,27,1205.0
PAHARJAGANGAU,PRGA,Bihar,,25.531869,86.324828,False,0,711.0
Perungudi,PRGD,Tamil Nadu,SR,12.975217,80.231363,False,0,557.0
PERUNGULATTUR,PRGL,Tamil Nadu,,12.905451,80.095486,False,0,557.0
Pargothan,PRGT,Maharashtra,CR,20.9041239,78.2877732,False,0,754.0
POWERPET,PRH,Andhra Pradesh,,16.713189,81.106602,True,6,574.0
PATHRI,PRI,Uttarakhand,NR,29.851996,78.076506,False,1,46.0
PRANTIJ,PRJ,Gujarat,WR,23.439324000000003,72.862688,False,0,633.0
PARKHAM,PRK,Uttar Pradesh,,27.299256,77.711657,False,0,1205.0
Parikha,PRKA,Gujarat,WR,,,False,0,633.0
POWERKHEDA,PRKD,Madhya Pradesh,,22.673479,77.747363,True,2,614.0
PURUA KHERA,PRKE,Uttar Pradesh,NR,28.38702,78.94859100000001,True,2,1205.0
PARKANHATTI,PRKH,Karnataka,SWR,16.140169,74.695447,False,0,416.0
PARIKKAL,PRKL,Tamil Nadu,,11.778527,79.370923,False,0,557.0
POLUR,PRL,Tamil Nadu,SR,12.511327,79.13055800000001,True,4,557.0
PARLI VAIJNATH,PRLI,Maharashtra,SCR,18.853005,76.524424,True,26,754.0
PIRUMADARA,PRM,Uttarakhand,NER,29.327364,79.045744,False,0,46.0
PARAUNA,PRN,Uttar Pradesh,,25.8668027818,79.1257213309,False,0,1205.0
PURNIA JN,PRNA,Bihar,,25.790678,87.519124,True,4,711.0
Purnia Court,PRNC,Bihar,ECR,25.7953846,87.4751921,False,0,711.0
PERINAD,PRND,Kerala,,8.947916000000001,76.620341,False,0,183.0
Pritam Nagar,PRNG,Madhya Pradesh,WR,,,False,0,614.0
Porjanpur,PRNR,Orissa,?,21.789139,85.521374,True,2,65.0
Periyanagathunai,PRNT,Tamil Nadu,,12.5593464084,77.9110166815,False,0,557.0
PAHARPUR,PRP,Bihar,,24.624932,85.204571,True,12,711.0
PT RAM PRASAD BISMIL,PRPM,Uttar Pradesh,,27.814705,79.957596,False,0,1205.0
PURULIA JN,PRR,West Bengal,,23.324911,86.37787,True,49,713.0
Pandrasali,PRSL,Jharkhand,SER,22.63341,85.806909,False,0,270.0
PARSA NAGAR,PRSN,Bihar,,26.776378,84.68692399999999,False,0,711.0
PRASADPUR,PRSP,Uttar Pradesh,NER,28.54694,80.08117200000001,False,0,1205.0
Paharsar,PRSR,Rajasthan,NWR,28.764429948734065,75.41038356721401,False,0,645.0
PANRUTI,PRT,Tamil Nadu,SR,11.773239,79.555153,True,4,557.0
Pirtala,PRTL,West Bengal,ER,24.359325,88.28058300000001,True,4,713.0
Pratapnagar,PRTN,Gujarat,WR,22.281143,73.210289,False,0,633.0
PARTAPUR,PRTP,Uttar Pradesh,NR,28.925112,77.648699,False,0,1205.0
PARLU,PRU,Rajasthan,NWR,25.823775,72.4319,False,0,645.0
Prithwirajpur,PRUR,Rajasthan,,29.956914,73.757001,False,0,645.0
PUKKIRIVARI,PRV,Tamil Nadu,,11.633792,78.989079,False,0,557.0
PARWAKHURD HALT,PRWA,Maharashtra,,19.365201,77.764414,False,0,754.0
PAREWADI,PRWD,Maharashtra,,18.289799,74.952285,True,2,754.0
PATTABIRAM WEST,PRWS,Tamil Nadu,,13.120184,80.051876,False,0,557.0
PARAIYA,PRY,Bihar,,24.809464,84.85079200000001,False,0,711.0
Parsa,PRZ,Uttar Pradesh,NER,27.435148,82.908499,False,0,1205.0
PARAS,PS,Maharashtra,,20.724519,76.815865,True,2,754.0
PALASA,PSA,Andhra Pradesh,,18.756782,84.42209100000001,True,81,574.0
PURBASTHALI,PSAE,West Bengal,ER,23.453302,88.323896,True,2,713.0
PARSABAD,PSB,Jharkhand,,24.307559,85.73873,True,9,270.0
PARSODA,PSD,Maharashtra,SCR,19.953696573,74.8751352301,True,5,754.0
PASIVEDALA,PSDA,Andhra Pradesh,,16.99331,81.700939,True,4,574.0
PUSAULI,PSE,Bihar,,25.097235,83.72151,True,3,711.0
Patasahi,PSJ,Orissa,SER,22.020127,84.923705,False,0,65.0
Paradsinga Halt,PSK,Madhya Pradesh,SECR,21.541244,78.854197,True,4,614.0
PARISAL,PSL,Rajasthan,NWR,27.669476,76.61526599999999,True,2,645.0
Parsoli,PSLI,Rajasthan,WCR,25.113462,74.875358,False,1,645.0
PASALAPUDI,PSLP,Andhra Pradesh,SCR,16.470923000000003,81.095153,False,0,574.0
PARSENDI,PSN,Uttar Pradesh,,27.582038,80.836816,False,0,1205.0
PALSORA MAKRAWA,PSO,Madhya Pradesh,,23.2606502118,75.5315691821,True,3,614.0
PRASANNAYA PALLI,PSPY,Andhra Pradesh,,14.6311777937,77.602106203,True,4,574.0
PASRAHA,PSR,Bihar,,25.403765,86.743883,True,4,711.0
PASHWASHRAYA,PSRY,West Bengal,,26.763435,88.40378299999999,False,0,713.0
PADSALI,PSS,Maharashtra,,18.0060618945,75.38808359379999,False,0,754.0
POSOTIA,PST,Jharkhand,,22.447129,85.254753,True,4,270.0
Parsneu,PSV,Rajasthan,,28.037882999999997,74.378783,True,4,645.0
Patansaongi Town Halt,PSX,Maharashtra,SECR,21.335452,79.025915,True,6,754.0
PARSAUNI,PSZ,Bihar,,26.55631,85.574611,False,0,711.0
PATLI,PT,Haryana,NR,28.399583000000003,76.85347200000001,False,0,201.0
Patiala,PTA,Punjab,NR,30.344249,76.4041,True,15,297.0
PATIA HALT,PTAB,Odisha,,20.349273,85.841374,False,0,235.0
PATULI,PTAE,West Bengal,ER,23.5475854116,88.25171385990001,False,0,713.0
PATTAMBI,PTB,Kerala,SR,10.8019329802,76.1813366473,True,24,183.0
Petlad Junction,PTD,Gujarat,WR,22.5452909,72.9294731,False,0,633.0
Patiala Cantt.,PTE,Punjab,NR,30.341138,76.379064,False,0,297.0
PALTA,PTF,West Bengal,,22.782449,88.369524,False,0,713.0
Patna Ghat,PTG,Bihar,ECR,25.5876533,85.238043,False,0,711.0
PATRANGA,PTH,Uttar Pradesh,,26.825007,81.625869,True,2,1205.0
PATOHAN,PTHD,Madhya Pradesh,,23.9140165085,80.1904672913,False,0,614.0
PATIALI,PTI,Uttar Pradesh,,27.6843201328,78.9841732028,False,0,1205.0
PODANUR JN,PTJ,Tamil Nadu,,10.965425,76.990125,True,60,557.0
PATHANKOT,PTK,Punjab,NR,32.271804,75.644427,True,17,297.0
PATHANKOT CANTT,PTKC,Punjab,,32.2593,75.636044,True,91,297.0
Patharkandi,PTKD,Assam,NFR,24.604506,92.31911,False,0,278.0
POTKAPALLI,PTKP,Telangana,,18.4290619835,79.4644454974,True,2,150.0
PATIPUKUR,PTKR,West Bengal,,22.605668,88.395055,False,0,713.0
PATILADAHA,PTLD,Assam,,26.504091000000003,90.784534,False,0,278.0
PATHAULI,PTLI,Uttar Pradesh,NCR,27.1568431942,77.924593761,True,2,1205.0
PUTLUR HALT,PTLR,Tamil Nadu,,13.122922,79.93709999999999,False,0,557.0
PADALAM,PTM,Tamil Nadu,,12.590197,79.95084399999999,False,0,557.0
Pattabiram Military,PTMS,Tamil Nadu,,13.136714,80.05975199999999,False,0,557.0
PATAN,PTN,Gujarat,WR,23.853292,72.13167200000001,False,0,633.0
PATEL NAGAR,PTNR,Delhi NCT,NR,28.6600090766,77.15626035310001,True,3,28.0
Patal Pani,PTP,Madhya Pradesh,WR,22.514232000000003,75.797002,True,4,614.0
Pratabpur,PTPR,Uttar Pradesh,NER,28.4764188903,79.8145455212,False,0,1205.0
PRATTIAPADU,PTPU,Andhra Pradesh,,16.820864999999998,81.581431,False,0,574.0
PATAUDI ROAD,PTRD,Haryana,NR,28.350738,76.755565,True,21,201.0
Patara,PTRE,Uttar Pradesh,NCR,26.232168,80.203446,True,3,1205.0
PATTI RAJPURA HALT,PTRJ,Himachal Pradesh,NR,32.068766000000004,76.53987000000001,False,0,55.0
PATHRALA,PTRL,Punjab,NWR,30.006625,74.74395299999999,True,3,297.0
Pathrot,PTRT,Maharashtra,CR,21.1857408,77.3980124,False,0,754.0
PATRATU,PTRU,Jharkhand,,23.667024,85.30587700000001,True,15,270.0
Patansaongi,PTS,Maharashtra,SECR,21.344445,79.010677,True,4,754.0
PARICHAA THERMA,PTSC,Uttar Pradesh,,25.525228,78.753962,False,0,1205.0
PUTALAPATTU,PTT,Andhra Pradesh,,13.373419,79.098727,True,2,574.0
PARTUR,PTU,Maharashtra,SCR,19.575715,76.212767,True,32,754.0
PATWARA,PTWA,Madhya Pradesh,WCR,23.9143072844,80.4137045734,True,2,614.0
Patiyara,PTYR,Uttar Pradesh,NR,26.627948,80.476502,False,0,1205.0
Patsul,PTZ,Maharashtra,SCR,21.0022,77.038231,True,4,754.0
PATCHUR,PU,Tamil Nadu,,12.5866573,78.4694944,True,2,557.0
PULLA,PUA,Andhra Pradesh,,16.809911,81.324846,True,4,574.0
PUDUCHATIRAM,PUC,Tamil Nadu,SR,11.5405299099,79.7303939545,False,0,557.0
PHANDA,PUD,Madhya Pradesh,,23.232986,77.189255,True,3,614.0
PUDI,PUDI,Andhra Pradesh,,13.532381,79.510307,False,0,574.0
Palari,PUE,Madhya Pradesh,SECR,22.301904,79.815973,True,2,614.0
Pauta,PUF,Uttar Pradesh,NER,28.4516032684,79.8118731085,False,0,1205.0
PUNGGUDI,PUG,Tamil Nadu,,10.748083,78.620151,False,0,557.0
PUDUKAD,PUK,Kerala,,10.420507,76.26070700000001,True,8,183.0
RAMPURA PHUL,PUL,Punjab,NR,30.269357000000003,75.23737999999999,True,17,297.0
PALLIPPURAM,PUM,Kerala,SR,10.8413738184,76.1123604352,False,0,183.0
Penumarru,PUMU,Andhra Pradesh,SCR,16.131433,80.77586000000001,True,4,574.0
PUNDI,PUN,Andhra Pradesh,,18.665918,84.370679,True,2,574.0
PUNE JN,PUNE,Maharashtra,,18.529378,73.873086,True,208,754.0
PIR UMROD,PUO,Madhya Pradesh,,23.2558608677,76.2299643091,True,4,614.0
PUNNAPRA,PUPR,Kerala,SR,9.423187,76.342348,False,0,183.0
Puranigudam,PUQ,Assam,NFR,26.36319,92.786769,False,0,278.0
PURA HALT,PURA,Bihar,,24.815194,85.239725,False,0,711.0
PURI,PURI,Odisha,,19.811459000000003,85.839992,True,82,235.0
PHUSRO,PUS,Jharkhand,ECR,23.767489,86.01025,True,8,270.0
Pusla,PUSA,Maharashtra,,21.493096,78.354883,False,0,754.0
PUTTUR,PUT,Andhra Pradesh,,13.439642,79.552666,True,20,574.0
Punalur,PUU,Tamil Nadu,SR,9.023336,76.916104,True,2,557.0
Patuwas Mehrana,PUW,Haryana,NWR,28.557035,76.33368800000001,False,0,201.0
Pauwara Halt,PUWA,Chhattisgarh,,21.098924,81.332987,False,0,162.0
Parasia,PUX,Madhya Pradesh,CR,22.193186,78.76432,True,5,614.0
Phulaguri,PUY,Assam,NFR,26.270537,92.592784,False,0,278.0
PALLAVARAM,PV,Tamil Nadu,,12.968273,80.152451,False,0,557.0
PEDDAVADIAPUDI,PVD,Andhra Pradesh,,16.414205000000003,80.612645,True,4,574.0
Peravurani,PVI,Tamil Nadu,SR,10.2857334,79.2006507,False,0,557.0
PASUPATIKOVIL,PVL,Tamil Nadu,SR,10.884228,79.19204,False,0,557.0
PATTARAVKKAM,PVM,Tamil Nadu,,13.114872,80.166656,False,0,557.0
PAVUNUR,PVN,Tamil Nadu,,11.600544,79.31580600000001,False,0,557.0
PARVATIPURAM,PVP,Andhra Pradesh,,18.770670000000003,83.42696600000001,True,32,574.0
PARVATIPURAM TN,PVPT,Andhra Pradesh,,18.783875,83.433701,True,25,574.0
PANDHARPUR,PVR,Maharashtra,CR,17.66849,75.319283,True,15,754.0
PIRAVAM ROAD,PVRD,Kerala,,9.828669,76.454731,True,12,183.0
PARAVUR,PVU,Kerala,,8.815758,76.66823799999999,True,22,183.0
Parvezpur,PVZ,Rajasthan,NWR,28.510828,75.728178,False,0,645.0
Pirwa,PW,Rajasthan,NWR,27.235415,74.46727399999999,False,0,645.0
Powai,PWA,Assam,,27.35353,95.646229,False,0,278.0
PAWAI BROHMASTHAN HALT,PWBN,Bihar,,25.1712233008,86.1965221936,False,0,711.0
PIPARIYA KALAN,PWK,Madhya Pradesh,WCR,23.859295,80.73642199999999,False,0,614.0
PALWAL,PWL,Haryana,,28.151841,77.34223200000001,True,24,201.0
PHULWARI SHARIF,PWS,Bihar,,25.586297,85.07942999999999,True,14,711.0
PARANUR,PWU,Tamil Nadu,,12.730200000000002,79.98366,False,0,557.0
PAWANI KUMARPUR HALT,PWXP,Bihar,,25.5276889185,83.9359635205,False,0,711.0
Palpara,PXR,West Bengal,ER,23.059458,88.520722,False,0,713.0
PERUNDURAI,PY,Tamil Nadu,,11.25334,77.628672,False,0,557.0
PEDAPARIYA,PYA,Andhra Pradesh,,14.021481,79.875372,False,0,574.0
PALLIYADI,PYD,Tamil Nadu,SR,8.26515,77.259683,True,3,557.0
PIYALA BLOCK HUT,PYLA,Haryana,,28.288129,77.317824,False,0,201.0
PANDIYAPURAM,PYM,Tamil Nadu,SR,8.855091,77.971557,False,0,557.0
PAYYOLI,PYOL,Kerala,SR,11.516716,75.617595,True,4,183.0
PAZHAYA SEEVARAM,PYV,Tamil Nadu,SR,12.777131,79.8777,False,0,557.0
PEYANAPALLI,PYX,Andhra Pradesh,,13.131636,79.138282,False,0,574.0
PALAVANTHANGAL,PZA,Tamil Nadu,,12.990115,80.186651,False,0,557.0
QUBARWALA,QBW,Punjab,,30.175886,74.417372,False,0,297.0
QCAB,QCAB,Odisha,,22.229374,84.88480200000001,False,0,235.0
KOLAGHAT,QGT,West Bengal,,22.4343309193,87.879653656,False,0,713.0
QUILANDI,QLD,Kerala,SR,11.446139,75.693924,True,30,183.0
KULEM,QLM,Goa,SWR,15.334036,74.24423,True,15,21.0
KOLLAM JN,QLN,Kerala,,8.886586000000001,76.59675299999999,True,112,183.0
Kayamsar,QMRS,Rajasthan,NWR,28.125576,75.000562,False,0,645.0
KILA RAIPUR,QRP,Punjab,NR,30.759177,75.82748600000001,True,9,297.0
KANSRAO,QSR,Uttarakhand,NR,30.0785698608,78.1417954028,True,2,46.0
Quatabpur,QTP,Haryana,NR,29.763968,76.349742,False,0,201.0
KUCHESAR ROAD,QXR,Uttar Pradesh,,28.746651,77.913232,False,0,1205.0
RAIPUR JN,R,Chhattisgarh,,21.256462000000003,81.629328,True,141,162.0
RAMPARDA,RA,Gujarat,WR,22.634966,71.352035,True,4,633.0
BARARA,RAA,Haryana,,30.213325,77.035501,True,11,201.0
RAIGIR,RAG,Telangana,,17.550881,78.94120199999999,True,4,150.0
RAJAGAMBIRAM,RAGM,Tamil Nadu,SR,9.725053,78.409255,False,0,557.0
Ramgarh,RAH,Rajasthan,NCR,27.576612,76.811256,False,0,645.0
Raha,RAHA,Assam,NFR,26.225359,92.522244,False,0,278.0
RAIBHA,RAI,Uttar Pradesh,,27.18155,77.803634,False,0,1205.0
RAIRAKHOL,RAIR,Odisha,,21.046745,84.333562,True,27,235.0
RAJAPUR ROAD,RAJP,Maharashtra,KR,16.635175,73.626565,True,8,754.0
Ramkot,RAK,Uttar Pradesh,NR,27.534312,80.59740799999999,False,0,1205.0
Radha Kund,RAKD,Uttar Pradesh,,27.537943,77.523598,False,0,1205.0
RETHORAKALAN,RAKL,Madhya Pradesh,NCR,26.397857,78.240156,True,2,614.0
Repalle,RAL,Andhra Pradesh,SCR,16.019794,80.828736,True,4,574.0
RAMAPURAM,RAM,Andhra Pradesh,,13.098012,79.178793,False,0,574.0
RAMVA,RAMA,Uttar Pradesh,,25.8911534211,80.8532993597,False,0,1205.0
Rampuri,RAMP,Madhya Pradesh,SECR,22.410159,80.259304,False,0,614.0
RAMAIPUR HALT,RAMR,Uttar Pradesh,,27.545116,80.897107,False,0,1205.0
RANI,RANI,Rajasthan,NWR,25.347582,73.31039,True,26,645.0
Ras,RAS,Gujarat,WR,26.299502,74.1785214,False,0,633.0
Rau,RAU,Madhya Pradesh,WR,22.633145,75.80494999999999,True,4,614.0
RAHATWAS,RAWS,Madhya Pradesh,,24.522974,77.8327,False,0,614.0
RAY,RAY,Jharkhand,,23.690082,85.077816,True,9,270.0
RAYA,RAYA,Uttar Pradesh,,27.5524062276,77.7868838446,False,0,1205.0
RAMBHA,RBA,Odisha,,19.537957,85.09407900000001,True,4,235.0
RAHIMABAD,RBD,Uttar Pradesh,,26.9993432467,80.600638797,True,4,1205.0
RAYBAG,RBG,Karnataka,SWR,16.483374512,74.80682566349999,True,10,416.0
ROBERTS GANJ,RBGJ,Uttar Pradesh,NCR,24.683136,83.077822,True,12,1205.0
RAJBANDH,RBH,West Bengal,,23.476136,87.372314,False,0,713.0
Raibojha,RBJ,Uttar Pradesh,NER,27.971209,81.471651,False,0,1205.0
REOTI BAHORA KHERA,RBK,Uttar Pradesh,NR,28.318709,79.107047,True,4,1205.0
RAE BARELI JN,RBL,Uttar Pradesh,,26.232684,81.23932,True,59,1205.0
Raghubans Nagar,RBN,Bihar,ECR,25.756709,87.060056,False,0,711.0
RIBADA,RBR,Gujarat,WR,22.124961,70.80095200000001,False,0,633.0
RUPBAS,RBS,Rajasthan,NCR,26.9903803821,77.5909632294,True,6,645.0
RAMBHADDARPUR,RBZ,Bihar,,25.977172,85.86518199999999,True,4,711.0
RAICHUR,RC,Karnataka,,16.192441000000002,77.339165,True,62,416.0
Rentachintala,RCA,Andhra Pradesh,SCR,16.545258999999998,79.549492,False,0,574.0
RAJCHANDRAPUR,RCD,West Bengal,,22.652739,88.321219,True,2,713.0
KAPURTHALA RAIL COACH FACTORY,RCF,Punjab,NR,31.326976,75.34282,False,0,297.0
RACHAGUNNARI,RCG,Andhra Pradesh,,13.714631,79.629853,False,1,574.0
RICHUGHUTU,RCGT,Jharkhand,,23.659779,84.58081,False,0,270.0
RANYAL JASMIYA,RCJ,Madhya Pradesh,WR,23.161929,76.072554,True,2,614.0
Ramachandrapur,RCP,Uttar Pradesh,NR,25.996484,81.267274,False,0,1205.0
Ramchaura,RCRA,Uttar Pradesh,NER,26.9979518998,83.26840578,False,0,1205.0
Raghunathpur,RCTC,Orissa,ECoR,20.351679,86.14960500000001,True,2,65.0
RAM DAYALU NAGAR,RD,Bihar,,26.097367,85.38359600000001,False,0,711.0
RIKHABDEV ROAD,RDD,Rajasthan,NWR,23.997173,73.74805500000001,False,0,645.0
RATHDHANA,RDDE,Haryana,,28.904132,77.05914800000001,False,1,201.0
RUNDHI,RDE,Haryana,,28.067751,77.350991,False,0,201.0
RADHAGAON,RDF,Jharkhand,,23.59787,86.08906499999999,False,0,270.0
Rayadurg,RDG,Andhra Pradesh,SWR,14.705815,76.856828,True,2,574.0
RADHANPUR,RDHP,Gujarat,WR,23.84693,71.58559399999999,True,6,633.0
KARDI,RDI,Karnataka,SWR,13.2673774949,76.5736995709,False,0,416.0
Rasheedpura Khori,RDK,Rajasthan,NWR,27.713786,75.087121,False,0,645.0
RUDAULI,RDL,Uttar Pradesh,,26.762188,81.754202,True,26,1205.0
RAMGUNDAM,RDM,Telangana,,18.763329,79.43509999999999,True,69,150.0
RUDAIN,RDN,Uttar Pradesh,,27.579928,79.186618,False,0,1205.0
Radhikapur,RDP,West Bengal,NFR,25.643573999999997,88.448153,True,4,713.0
RAMDEVRA,RDRA,Rajasthan,NWR,27.006279,71.929837,True,15,645.0
RAVTHA ROAD,RDT,Rajasthan,,24.933449,75.958203,False,1,645.0
RADHAMOHANPUR,RDU,West Bengal,,22.356484,87.612611,False,0,713.0
RAMPUR DUMRA,RDUM,Bihar,,25.3308632845,86.0006415784,True,8,711.0
Radha Balampur,RDV,Uttar Pradesh,NR,26.083856,81.107034,False,0,1205.0
REDIPALAYAM,RDY,Tamil Nadu,SR,12.736973,79.94717999999999,False,0,557.0
REWARI,RE,Haryana,NWR,28.202779000000003,76.609414,True,78,201.0
RECHNI ROAD,RECH,Telangana,,19.140541,79.451894,True,3,150.0
REGUPALEM,REG,Andhra Pradesh,,17.505201,82.790267,True,2,574.0
RITHI,REI,Madhya Pradesh,,23.904168,80.140267,True,5,614.0
Rejinagar,REJ,West Bengal,ER,23.85009,88.259255,True,6,713.0
REDDIGUDEM,REM,Andhra Pradesh,,16.442327720599998,80.0508149304,True,2,574.0
REN,REN,Rajasthan,,26.788798,74.07446200000001,True,6,645.0
RENHAT,RENH,Madhya Pradesh,WCR,25.979937999999997,77.83368499999999,False,0,614.0
RESAULI,REP,Andhra Pradesh,,16.3096804,80.4578628,False,0,574.0
RANGEPALLI,REPI,Andhra Pradesh,,14.01783,77.578036,False,0,574.0
RASULL,RES,Uttar Pradesh,,26.9314225458,81.2534495215,False,0,1205.0
RENTIA,RET,Gujarat,,22.863268,74.210847,False,0,633.0
REWA,REWA,Madhya Pradesh,WCR,24.537122,81.250615,True,18,614.0
RAFALESHWAR,RF,Gujarat,,22.7738973454,70.8969253271,False,0,633.0
RAFIGANJ,RFJ,Bihar,,24.819694,84.634804,True,17,711.0
RAFINAGAR,RFR,Uttar Pradesh,,26.994136282600003,81.2820328021,False,0,1205.0
RAJGHAT NARORA,RG,Uttar Pradesh,NR,28.235655,78.353587,True,2,1205.0
Rajgoda,RGA,West Bengal,SER,22.324313,87.866472,False,0,713.0
RAMGANGA,RGB,Uttar Pradesh,NR,28.298118,79.375029,True,2,1205.0
RAMGANGA,RGBD,Uttar Pradesh,,28.297728,79.37463899999999,False,0,1205.0
Rajgir,RGD,Bihar,ECR,25.033069,85.41469699999999,True,7,711.0
RAYAGADA,RGDA,Andhra Pradesh,,19.175642,83.410505,True,48,574.0
RADOGARH,RGG,Madhya Pradesh,,24.435611305,77.1547924854,False,0,614.0
RAMGARHWA,RGH,Bihar,ECR,26.8738428265,84.7971486487,True,4,711.0
RAMGIRI,RGI,Karnataka,SWR,13.9501446899,76.1254542236,True,3,416.0
RaiGanj,RGJ,West Bengal,NFR,25.619125,88.127696,True,4,713.0
RANGJULI,RGJI,Assam,NFR,25.988405,90.955958,False,0,278.0
RENGALI,RGL,Odisha,,21.636895,84.042299,True,15,235.0
RANGAULI,RGLI,Uttar Pradesh,NCR,25.150233,79.887282,False,0,1205.0
RANGAPURAM,RGM,Andhra Pradesh,,15.406776,78.059153,True,6,574.0
RAGHUNATHGARH,RGNH,Rajasthan,,29.311679,73.65157199999999,False,0,645.0
ROTEGAON,RGO,Maharashtra,SCR,19.956132,74.75787,True,26,754.0
RAGHUNATHPALLI,RGP,Telangana,,17.7564788113,79.2553036017,True,6,150.0
RAGHAVAPURAM,RGPM,Telangana,,18.681242,79.411187,True,2,150.0
RAIGADH ROAD,RGQ,Gujarat,NWR,23.596666,73.183592,False,0,633.0
Ringas Junction,RGS,Rajasthan,NWR,27.373379,75.56360400000001,True,10,645.0
RAJGHAT HALT,RGT,Odisha,,21.764462,87.15507600000001,False,0,235.0
Ragaul,RGU,Uttar Pradesh,NCR,25.686945,80.129683,True,5,1205.0
Rathopur,RGV,Bihar,ECR,,,False,0,711.0
Raghunathbari,RGX,West Bengal,SER,22.353228,87.797247,False,0,713.0
Ranaghat Junction,RHA,West Bengal,ER,23.173344,88.568184,True,10,713.0
RAKHA MINES,RHE,Jharkhand,,22.674292,86.354133,True,6,270.0
RAJGARH,RHG,Rajasthan,NWR,27.240827,76.607541,True,19,645.0
Rakhi,RHI,Rajasthan,NWR,25.6871480115,72.5544692444,False,0,645.0
Rahama,RHMA,Orissa,ECoR,20.298605,86.405224,True,4,65.0
ROSHANPUR,RHN,Uttar Pradesh,NER,29.046556,78.887727,True,2,1205.0
ROHINI,RHNE,Maharashtra,,20.3628714458,74.859800722,False,0,754.0
RAJHURA,RHR,Jharkhand,,24.154400000000003,84.01554999999999,False,0,270.0
Rahon,RHU,Punjab,NR,31.059323805951863,76.10892366617918,False,0,297.0
ROHIRA GHALUGHRA,RHW,Punjab,NR,30.6369312333,75.8416662744,False,0,297.0
RAIGARH,RIG,Chhattisgarh,,21.891288999999997,83.39067,True,45,162.0
RIGA,RIGA,Bihar,ECR,26.644544,85.425711,False,0,711.0
RATIKHEDA,RIKA,Madhya Pradesh,,24.59745,77.656544,False,0,614.0
RISHIKUND,RIKD,Bihar,,25.2944359592,86.5623576038,False,0,711.0
Rajim,RIM,Chhattisgarh,SECR,20.969475,81.867426,False,0,162.0
RISHRA,RIS,West Bengal,,22.726146,88.343378,False,0,713.0
Rawat Ganj,RJ,Uttar Pradesh,NER,26.9578306035,83.2858752405,False,0,1205.0
RAJANAGAR,RJA,Bihar,,26.401801,86.152987,True,8,711.0
RAJNAGAR,RJAK,Madhya Pradesh,NCR,24.9034760705,79.8769002625,False,0,614.0
RAJAPUR,RJAP,Telangana,,16.859603,78.163648,False,1,150.0
RAJABERA,RJB,Jharkhand,,23.751105,86.080936,True,3,270.0
RAJGRAM,RJG,West Bengal,,24.544607,87.86763599999999,True,8,713.0
RAJTHAGARH,RJGR,Odisha,,20.576104,85.741633,False,0,235.0
RAJAWARI,RJI,Uttar Pradesh,NER,25.497689,83.130772,True,2,1205.0
RAJAJAN HALT,RJJN,Bihar,,25.6149631854,85.6709042426,False,0,711.0
RAJA KA SAHASPUR,RJK,Uttar Pradesh,NR,28.626216,78.780097,True,13,1205.0
Rajmahal,RJL,Jharkhand,ER,25.052535,87.831451,False,0,270.0
RAJLA,RJLA,Bihar,,24.7563630003,86.4230669043,False,0,711.0
Rajalukah,RJLK,Jharkhand,,22.125193,86.64224200000001,False,0,270.0
RAJOMAJRA,RJMA,Punjab,,30.375339,75.79810400000001,False,0,297.0
RAJMALPUR ROAD,RJMP,Uttar Pradesh,,25.892921,83.788671,False,0,1205.0
RAJ NANDGAON,RJN,Chhattisgarh,,21.101186,81.039019,True,56,162.0
RAJENDRA PUL,RJO,Bihar,,25.387447,86.01054599999999,True,4,711.0
RAZAMPETA,RJP,Andhra Pradesh,,14.184525,79.15274099999999,True,35,574.0
RAJENDRA NAGAR BIHAR,RJPB,Bihar,,25.603351,85.162449,True,78,711.0
RAJAPALAYAM,RJPM,Tamil Nadu,,9.452404,77.561026,True,2,557.0
Rajendranagar,RJQ,Madhya Pradesh,WR,22.670031,75.82954600000001,True,4,614.0
Rajaldesar,RJR,Rajasthan,NWR,28.033672,74.47771200000001,True,8,645.0
RAJIYASAR,RJS,Rajasthan,NWR,29.0674933054,73.8421637408,True,4,645.0
RAJKOT JN,RJT,Gujarat,WR,22.312206,70.803446,True,78,633.0
Rajula City,RJU,Gujarat,WR,21.046574999999997,71.45597599999999,False,0,633.0
RAJEVADI,RJW,Maharashtra,CR,18.3841431861,74.1551290765,False,0,754.0
RAJAMUNDRY,RJY,Andhra Pradesh,,16.984159000000002,81.783901,True,184,574.0
ROORKEE,RK,Uttarakhand,,29.851671,77.87417,True,76,46.0
RAIKA BAGH,RKB,Rajasthan,,26.291628000000003,73.039744,True,26,645.0
RUKADI,RKD,Maharashtra,CR,16.724871999999998,74.356715,True,11,754.0
RAUKHERI,RKDI,Madhya Pradesh,,23.886485,77.981962,False,0,614.0
RAKHIYAL,RKH,Gujarat,WR,23.260621,72.903803,False,0,633.0
RAMKANALI JN,RKI,West Bengal,SER,23.579891,86.76233599999999,False,0,713.0
Rakhitpur,RKJE,Jharkhand,ECR,23.725742,86.490871,False,0,270.0
Ratangarh Kanakwal,RKK,Haryana,,29.922761,74.966758,False,0,201.0
Ramkola,RKL,Uttar Pradesh,,26.90674,83.836714,True,2,1205.0
RAJA KI MANDI,RKM,Uttar Pradesh,,27.193811,77.996613,True,55,1205.0
RATI KA NAGLA,RKN,Uttar Pradesh,,27.654398,78.24056900000001,False,0,1205.0
RAMAKRISHNAPURAM GATE,RKO,Andhra Pradesh,SCR,17.476299,78.52847299999999,True,2,574.0
RANIKUND RARAH,RKR,Rajasthan,WCR,27.324191,77.55550000000001,False,0,645.0
RAO KHEDI,RKRI,Madhya Pradesh,,23.885645,77.981122,False,0,614.0
SARAI RANI,RKS,Uttar Pradesh,,26.015838,83.12149199999999,False,0,1205.0
RISHIKESH,RKSH,Uttarakhand,NR,30.107173,78.287498,True,4,46.0
RAJKHARSAWAN JN,RKSN,Jharkhand,,22.733525,85.811158,True,20,270.0
RUKHI,RKX,Haryana,NR,29.090127000000003,76.679535,False,0,201.0
KOTHARIYA,RKY,Gujarat,WR,22.176807,70.81438200000001,False,0,633.0
RAJKIAWAS,RKZ,Rajasthan,NWR,25.75038,73.52353600000001,True,2,645.0
RAJULA JN,RLA,Gujarat,WR,21.103699,71.479251,True,2,633.0
RAILEY ENGLISH HALT,RLE,Bihar,,25.4829711754,85.75569245480001,False,0,711.0
RELANGI,RLG,Andhra Pradesh,SCR,16.709921,81.64411,False,0,574.0
RLJC,RLJC,,,,,False,0,
ROHAL KHURD,RLK,Madhya Pradesh,,23.482264,75.460561,False,0,614.0
REGADIPALLI,RLL,Andhra Pradesh,,14.813572,78.136002,True,2,574.0
RAYALCHERUVU,RLO,Andhra Pradesh,,15.055957,77.82103500000001,True,6,574.0
HARLAPUR,RLP,Karnataka,SWR,15.434833,75.799259,False,0,416.0
RAILA ROAD,RLR,Rajasthan,NWR,25.630348,74.596325,False,0,645.0
ROMANA ALBEL SINGH,RLS,Punjab,NR,30.510636,74.850048,False,0,297.0
RALAPET,RLT,Telangana,,19.322909,79.437787,False,0,150.0
REPALLIWADA,RLW,Telangana,,19.201953,79.430139,False,0,150.0
Ramanujampalli,RLX,Andhra Pradesh,SCR,14.440531,77.87191,False,0,574.0
Rajmane,RM,Maharashtra,CR,20.643085,74.941672,True,2,754.0
RAMGANJ MANDI,RMA,Rajasthan,,24.644606,75.939411,True,46,645.0
Rampura Beri,RMB,Rajasthan,NWR,28.5301320576,75.64547982849999,True,2,645.0
RAMGHAT HALT,RMBG,Uttar Pradesh,,26.820567771,82.2144349255,False,0,1205.0
Ram Chaura Road,RMC,Uttar Pradesh,NR,25.609488,81.686954,True,7,1205.0
RAMANATHAPURAM,RMD,Tamil Nadu,SR,9.358387,78.83686200000001,True,16,557.0
RAMNA,RMF,Jharkhand,ECR,24.239748,83.605713,True,2,270.0
RAMGANJ,RMGJ,Uttar Pradesh,NR,26.049173999999997,82.020731,False,0,1205.0
RAMANAGARAM,RMGM,Karnataka,SWR,12.720096,77.283451,True,22,416.0
RANGMAHAL,RMH,Rajasthan,NWR,29.405816,73.974734,True,4,645.0
RAMRAJATALA,RMJ,West Bengal,,22.587778,88.295438,False,0,713.0
RAM NAGAR J K,RMJK,Jammu and Kashmir,NR,32.863528,75.14542599999999,True,2,16.0
RAMESWARAM,RMM,Tamil Nadu,SR,9.280973,79.306787,True,16,557.0
Raman,RMN,Punjab,NWR,29.959833999999997,74.96208800000001,True,2,297.0
RAMANNAPET,RMNP,Telangana,,17.282344000000002,79.087023,True,7,150.0
RAHMAT NAGAR,RMNR,Uttar Pradesh,,26.7447973595,81.1558950446,False,0,1205.0
Ramakona,RMO,Madhya Pradesh,SECR,21.684348999999997,78.826509,True,6,614.0
RAHIMATPUR,RMP,Maharashtra,CR,17.612152,74.17217,True,5,754.0
RAMPUR BAZAR,RMPB,West Bengal,,25.358763,88.60611,True,2,713.0
Rampahari,RMPH,Madhya Pradesh,NCR,26.2365,77.357146,False,0,614.0
RAMPUR HALT,RMPR,Bihar,,25.1721586608,86.1406539392,False,0,711.0
RAMRI,RMQ,Madhya Pradesh,,24.242752,77.051454,False,0,614.0
RAMNAGAR,RMR,Uttarakhand,NER,29.390223,79.12223900000001,True,12,46.0
Ramnagar Bengal,RMRB,West Bengal,?,21.677451,87.55405,True,4,713.0
RAMSINGHPUR,RMSR,Rajasthan,NWR,29.185337,73.39886600000001,False,0,645.0
RAMGARH CANT,RMT,Jharkhand,,23.617327,85.520249,True,11,270.0
REMOUNT ROAD,RMTR,West Bengal,,22.525428,88.316273,False,0,713.0
RAMPUR,RMU,Uttar Pradesh,,28.778863,79.023419,True,65,1205.0
RAMAVARAPPADU,RMV,Andhra Pradesh,SCR,16.5262013806,80.67971387700001,False,0,574.0
ROSHAN MAU,RMW,Uttar Pradesh,,26.479318,79.984729,False,0,1205.0
Ramsar,RMX,Rajasthan,NWR,25.722252,70.866078,False,0,645.0
RUKMAPUR,RMY,Telangana,,17.27365,77.67542399999999,True,2,150.0
ROUTHPURAM HALT,RMZ,Andhra Pradesh,,18.6209643431,84.3356803912,False,0,574.0
RATNAGIRI,RN,Maharashtra,KR,17.002793,73.356938,True,62,754.0
ROHANA KALAN,RNA,Uttar Pradesh,NR,29.575725,77.68575799999999,False,0,1205.0
Ranpura,RNB,Rajasthan,NCR,26.579427,77.44262,False,0,645.0
RANA BORDI,RNBD,Gujarat,WR,21.714732,69.79191399999999,False,0,633.0
RAHENBATA,RNBT,Odisha,,20.329013,83.08993099999999,True,2,235.0
RANCHI,RNC,Jharkhand,,23.348811,85.33352,True,62,270.0
RANJANI,RNE,Maharashtra,SCR,19.646129,76.107028,True,6,754.0
RANIGANJ,RNG,West Bengal,,23.602851,87.11698,True,48,713.0
Rangaliting,RNGG,Assam,NFR,26.656417,93.918286,True,2,278.0
RUNKHERA,RNH,Madhya Pradesh,,23.4138460433,75.1888022272,True,6,614.0
RANGAPANI,RNI,West Bengal,,26.664263,88.37438599999999,False,0,713.0
Rajnarainpur,RNIR,Uttar Pradesh,NER,28.313863,80.418359,False,0,1205.0
Ranolishishu,RNIS,Rajasthan,NWR,27.517012,75.301025,False,0,645.0
Runija,RNJ,Madhya Pradesh,WR,23.06077,75.3768327,False,0,614.0
RANJANGAON RD,RNJD,Maharashtra,,18.870972,74.60070300000001,True,6,754.0
RUNKUTA,RNKA,Uttar Pradesh,,27.22285,77.89793499999999,False,0,1205.0
RANALA,RNL,Maharashtra,,21.372813,74.47179,True,4,754.0
RAJANKUNTI,RNN,Karnataka,,13.174150999999998,77.564915,True,4,416.0
RANOLI,RNO,Gujarat,,22.4052520954,73.1122662115,True,4,633.0
RUPNARAYANPUR,RNPR,West Bengal,,23.818703000000003,86.885481,True,8,713.0
RENUKUT,RNQ,Uttar Pradesh,ECR,24.203558,83.039896,True,16,1205.0
RANIBENNUR,RNR,Karnataka,SWR,14.625461,75.635054,True,35,416.0
RANIPUR ROAD,RNRD,Uttar Pradesh,NCR,25.270918,79.055869,False,0,1205.0
RANTHAMBHORE,RNT,Rajasthan,WCR,26.093062999999997,76.41000100000001,True,2,645.0
RAMANAND,RNTE,Bihar,,25.554842,84.49105300000001,False,0,711.0
RANITAL,RNTL,Odisha,,21.149665,86.55647400000001,False,0,235.0
Ratnapur,RNU,Madhya Pradesh,,21.474117,76.651361,True,2,614.0
Raniwara,RNV,Rajasthan,NWR,24.750455,72.204293,True,8,645.0
Renwal,RNW,Rajasthan,NWR,27.149463,75.356234,True,2,645.0
RANIPATRA,RNX,Bihar,,25.735576,87.514183,False,0,711.0
RANGIYA JN,RNY,Assam,,26.447901,91.605929,True,58,278.0
RUSERA GHAT,ROA,Bihar,,25.746302,86.035742,True,2,711.0
ROBERTSON,ROB,Chhattisgarh,,21.988744,83.182508,True,4,162.0
ROHA,ROHA,Maharashtra,CR,18.44649043,73.12357712000001,True,23,754.0
ROHEDNAGAR HALT,ROHN,Haryana,NR,28.7611280103,76.8140929907,False,0,201.0
REOTI,ROI,Bihar,,25.833886,84.37469,True,2,711.0
ROHTAK JN,ROK,Haryana,NR,28.890904,76.57955000000001,True,51,201.0
Rajuli,ROL,Maharashtra,SECR,20.171116,79.703505,False,0,754.0
RUPSA JN,ROP,Odisha,,21.621995,87.018507,True,6,235.0
RORA,RORA,Uttar Pradesh,NCR,25.293896,79.236769,False,0,1205.0
RAJOSI,ROS,Rajasthan,NWR,26.312897,74.671814,False,0,645.0
ROURKELA,ROU,Odisha,,22.22844,84.86313200000001,True,86,235.0
ROZA JN,ROZA,Uttar Pradesh,,27.853121,79.956038,True,20,1205.0
RANGAPARA NORTH,RPAN,Assam,,26.8215934,92.682658,True,6,278.0
RUPNAGAR,RPAR,Punjab,,30.972816,76.533241,True,12,297.0
Rupasibari,RPB,Assam,NFR,24.855344,92.529502,False,0,278.0
RUPAUND,RPD,Madhya Pradesh,,23.731755,80.573345,True,9,614.0
RASULPURGOGAMAU,RPGU,Uttar Pradesh,,26.376288,80.118434,False,0,1205.0
RAMPUR HAT,RPH,West Bengal,,24.179797,87.78214700000001,True,85,713.0
Raipur Hariyana Junction,RPHR,Haryana,NR,29.158401,75.772834,False,0,201.0
RUPAHELI,RPI,Rajasthan,NWR,25.771723,74.635807,False,0,645.0
RAJPURA JN,RPJ,Punjab,,30.486458949,76.5940201901,True,59,297.0
RAVALPALLI KALA,RPK,Telangana,,17.439968,78.084165,True,4,150.0
REDDIPALLE,RPL,Andhra Pradesh,,14.093158,79.22553,True,2,574.0
Rupauli,RPLY,Bihar,ECR,25.879328,87.057937,False,0,711.0
ROYAPURAM,RPM,Tamil Nadu,,13.103503,80.29315199999999,False,0,557.0
RAMPURMANI HARA,RPMN,Uttar Pradesh,NR,29.8055980689,77.4598714294,False,0,1205.0
RPMY,RPMY,,,,,False,0,
RAWATPUR,RPO,Uttar Pradesh,,26.482981,80.298113,False,0,1205.0
Ranu Pipri,RPP,Gujarat,WR,,,False,0,633.0
RAGHUNATHPUR,RPR,Bihar,,25.565439,84.305227,True,16,711.0
RUPRA ROAD,RPRD,Odisha,,20.08447,83.330956,True,18,235.0
RAPARLA HALT,RPRL,Andhra Pradesh,,15.619244,80.16912099999999,True,2,574.0
RATANPUR,RPUR,Bihar,,25.279794000000003,86.57608,True,8,711.0
Rajapatti,RPV,Bihar,NER,26.1808149265,84.80838331540001,False,0,711.0
Rambhawan Halt,RPWN,Bihar,,25.2547478737,85.239275033,False,0,711.0
Ranapratapnagar,RPZ,Rajasthan,NWR,24.582417,73.72805600000001,True,25,645.0
RANINAGAR JALPAIGIRI,RQJ,West Bengal,,26.544663,88.64829300000001,True,7,713.0
RADHAKISHOREPUR,RQP,Odisha,,20.55992,85.754538,True,6,235.0
RICHHA ROAD,RR,Uttar Pradesh,NER,28.717269,79.488904,False,0,1205.0
BIRUR JN,RRB,Karnataka,SWR,13.591101,75.974749,True,50,416.0
Rahul Road,RRE,Bihar,ECR,25.2741926015,85.5309343896,False,0,711.0
RANGAREDDY GUDA,RRGA,Telangana,,16.901936,78.18083299999999,False,1,150.0
RAHURI,RRI,Maharashtra,,19.41155,74.677702,True,8,754.0
RAMARAJU PALLI,RRJ,Andhra Pradesh,SCR,15.041948,77.61736699999999,True,2,574.0
REWRAL,RRL,Maharashtra,,21.261121,79.468096,True,2,754.0
RANCHI ROAD,RRME,Jharkhand,ECR,23.665992000000003,85.51160300000001,True,4,270.0
RAMRUPNAGAR,RRNH,Central Region,,26.790374,85.162249,False,0,7.0
Rairangpur,RRP,Orissa,SER,22.440956,86.16420749999999,False,0,65.0
Raghuraj Singh,RRS,Uttar Pradesh,NR,26.255836,80.87966899999999,True,2,1205.0
RAYARU,RRU,Madhya Pradesh,,26.307454,78.12986400000001,False,0,614.0
Roranwala,RRW,Punjab,NR,30.444112,74.25620300000001,False,0,297.0
Risia,RS,Uttar Pradesh,NER,27.688822,81.605514,True,2,1205.0
Risama,RSA,Chhattisgarh,SECR,21.058881000000003,81.324776,True,2,162.0
RAMGANGA SOUTH,RSC,Uttar Pradesh,,28.295969,79.369788,False,0,1205.0
RAMSAGAR,RSG,West Bengal,SER,23.106248,87.277063,True,4,713.0
Ratan Shahr,RSH,Rajasthan,NWR,28.158119435028283,75.52398098632693,False,0,645.0
RAISI,RSI,Uttarakhand,,29.6928321018,78.0664335504,True,4,46.0
RAYSER,RSJ,Madhya Pradesh,WCR,24.915225999999997,77.549884,False,0,614.0
RASULPUR,RSLR,West Bengal,,23.187229,88.039994,False,0,713.0
RASMARA,RSM,Chhattisgarh,,21.204118,81.2164,False,0,162.0
Ramgovindsingh Mahuli Halt,RSMN,Bihar,?,25.5318741843,85.11323059809999,False,0,711.0
RASANA HALT,RSNA,Gujarat,,24.224697000000003,72.256353,False,0,633.0
Rai Singh Nagar,RSNR,Rajasthan,NWR,29.535956,73.450472,True,2,645.0
RASRA,RSR,Uttar Pradesh,,25.861714,83.85785,True,14,1205.0
RAISHREE,RSRI,Madhya Pradesh,,25.362076,77.591872,False,0,614.0
RAMESHWAR NAGAR,RSWN,Bihar,,26.980403000000003,84.520106,False,0,711.0
Ramgarh Shekhawati,RSWT,Rajasthan,NWR,28.169397,74.993046,False,0,645.0
RASAYANI,RSYI,Maharashtra,CR,18.894001999999997,73.151919,True,4,754.0
ROHAT,RT,Rajasthan,NWR,25.9214756094,73.0953188199,True,2,645.0
RUTHIYAI,RTA,Madhya Pradesh,,24.531922,77.175827,True,34,614.0
RAJA TALAB,RTB,Uttar Pradesh,NER,25.2639068026,82.8507290414,False,0,1205.0
Ratabari,RTBR,Assam,NFR,24.572086,92.416927,False,0,278.0
RATLAM A CABIN,RTD,Madhya Pradesh,,23.335631,75.042913,False,0,614.0
Rangtong,RTG,West Bengal,NFR,26.836122,88.342388,False,1,713.0
Ratangarh Junction,RTGH,Rajasthan,NWR,28.0665867073,74.6236025668,True,16,645.0
RATANGAON,RTGN,Madhya Pradesh,,23.8365760851,79.8925106329,False,0,614.0
RAOTI,RTI,Madhya Pradesh,,23.183572,74.87867399999999,True,4,614.0
Rantej,RTJ,Gujarat,WR,23.471537,72.153828,False,0,633.0
Ramtek,RTK,Maharashtra,SECR,21.400715,79.326499,False,0,754.0
RATLAM JN,RTLM,Madhya Pradesh,,23.34024,75.050686,False,0,614.0
RATLAM JN,RTM,Madhya Pradesh,,23.34038,75.050826,True,127,614.0
RATLAM EAST CABIN,RTME,Madhya Pradesh,,23.359789999999997,75.067019,False,0,614.0
RETANG,RTN,Odisha,,20.199418,85.760851,False,0,235.0
RATANPURA,RTP,Uttar Pradesh,,25.921924,83.744472,True,4,1205.0
RAMNATHPUR,RTR,Uttar Pradesh,NER,25.412362,82.017775,False,0,1205.0
Ratan Sarai,RTU,Bihar,,26.37354,84.573582,False,0,711.0
RAHATWAS,RTWS,Madhya Pradesh,,24.522934000000003,77.83266,False,0,614.0
RATONA,RTZ,Madhya Pradesh,,23.83539,78.685372,False,0,614.0
RENIGUNTA JN,RU,Andhra Pradesh,,13.636261,79.50628999999999,True,136,574.0
RASULABAD,RUB,Uttar Pradesh,,25.826999,80.977088,False,1,1205.0
RAJLU GARHI,RUG,Haryana,,29.090744,77.012109,False,0,201.0
Rukni,RUI,West Bengal,SER,23.551806,86.548025,True,2,713.0
RANUJ,RUJ,Gujarat,WR,23.75937,72.21524,False,0,633.0
RAULI,RUL,Andhra Pradesh,,19.230268,83.16728,True,2,574.0
RUPAMAU,RUM,Uttar Pradesh,,26.230209,81.325346,True,4,1205.0
Rupahigaon,RUP,Assam,NFR,26.4125623913,92.7422671741,False,0,278.0
RUDRAPUR CITY,RUPC,Uttarakhand,NER,28.969281,79.379212,True,18,46.0
RANPUR,RUR,Gujarat,WR,22.359871,71.717303,True,6,633.0
RURA,RURA,Uttar Pradesh,,26.485377,79.908216,True,16,1205.0
Runnisaidpur,RUSD,Bihar,ECR,26.410576,85.519694,True,6,711.0
RATNAL,RUT,Gujarat,WR,23.186898,69.897403,False,0,633.0
RAVER,RV,Maharashtra,CR,21.222201,76.044594,True,12,754.0
RAVIKAMPADU,RVD,Andhra Pradesh,,17.230245,82.368151,True,2,574.0
REVELGANJ GHAT HALT,RVG,Bihar,,25.7870719628,84.6394018433,False,0,711.0
RAIPUR R-V BLOCK,RVH,Chhattisgarh,,21.26848,81.64428199999999,False,0,162.0
RAJA BHAT KHAWA,RVK,West Bengal,NFR,26.6201438112,89.528605351,False,0,713.0
RAVINDRAKHANI,RVKH,Telangana,,18.936594000000003,79.461396,True,4,150.0
RVS NAGAR,RVSN,Andhra Pradesh,,13.2783021967,79.11625703979999,False,0,574.0
Revelganj Ghat,RVT,Bihar,NER,,,False,0,711.0
Rankua,RW,Gujarat,WR,,,False,0,633.0
RAUTARA,RWA,Bihar,,25.674635,87.523472,False,0,711.0
Rowriah Sdg,RWH,Assam,NFR,26.721887,94.172441,True,2,278.0
RAWANIA DUNGAR,RWJ,Rajasthan,,25.887841,76.313705,True,4,645.0
RAIWALA,RWL,Uttarakhand,NR,30.032143,78.209877,True,14,46.0
RANAVAV,RWO,Gujarat,WR,21.698214,69.726078,True,2,633.0
ROWTA BAGAN,RWTB,Assam,,26.736799,92.21491,False,0,278.0
RAXAUL JN,RXL,Bihar,ECR,26.987018000000003,84.84456399999999,True,14,711.0
ROOMA,RXM,Uttar Pradesh,,26.35704,80.43035699999999,False,0,1205.0
Ramsan,RXN,Gujarat,NWR,24.405871,72.035777,False,0,633.0
RANGAPAHAR,RXR,Nagaland,NFR,25.854971000000003,93.707766,False,0,4.0
RANGAPAHAR CRS,RXRX,Nagaland,NFR,25.868228,93.715179,False,0,4.0
Ratangarh West,RXW,Rajasthan,NWR,28.072785335054363,74.61020425893366,False,0,645.0
RAYAKA,RY,Gujarat,WR,22.413053,72.023569,False,0,633.0
Rayakkottai,RYC,Tamil Nadu,SWR,12.514891,78.027508,False,0,557.0
RAMIDI HALT,RYM,Punjab,,31.4659508779,75.4078429907,False,0,297.0
RAYANAPAD,RYP,Andhra Pradesh,SCR,16.577504,80.562937,True,2,574.0
RASURIYA,RYS,Uttar Pradesh,,28.26396,79.47445900000001,True,3,1205.0
RAYAT PURA,RYT,Madhya Pradesh,NCR,26.456937,78.38188099999999,False,0,614.0
RAZAGANJ,RZJ,Uttar Pradesh,NER,27.994397,80.632889,False,0,1205.0
RAUZAGAON,RZN,Uttar Pradesh,,26.785264,81.70800700000001,False,0,1205.0
SHRIRANGAPATNA,S,Karnataka,SWR,12.4247,76.678033,True,9,416.0
SALEM JN,SA,Tamil Nadu,,11.671726,78.113415,True,153,557.0
SATHIAON,SAA,Uttar Pradesh,,26.034194,83.28731699999999,True,6,1205.0
SANTAMAGULUR,SAB,Andhra Pradesh,,16.147071,79.91505599999999,True,4,574.0
SALABAD,SABD,Rajasthan,,26.984965,77.310319,False,0,645.0
SANICHARA,SAC,Madhya Pradesh,NCR,26.363371,78.198369,True,4,614.0
Sonada,SAD,West Bengal,NFR,26.960337,88.273323,True,6,713.0
SADLA,SADL,Gujarat,,23.134597,71.850678,False,0,633.0
SAIDAPUR,SADP,Karnataka,,16.5700011556,77.2497912268,True,14,416.0
SIMARIA,SAE,Bihar,,25.410723,86.013734,False,0,711.0
SALKHAPUR,SAF,Uttar Pradesh,NR,25.655084,82.680471,False,0,1205.0
SANGRUR,SAG,Punjab,NR,30.2437913998,75.8305174701,True,27,297.0
SAGMA,SAGM,Madhya Pradesh,WCR,24.622107,80.828347,False,0,614.0
SHRIRAJNAGAR,SAGR,Uttar Pradesh,,26.522626,81.077837,True,4,1205.0
SAPHALE,SAH,Maharashtra,WR,19.576592,72.82182599999999,True,9,754.0
Sarahula,SAHA,Uttar Pradesh,ECR,,,False,0,1205.0
SATHI,SAHI,Bihar,ECR,27.015884999999997,84.503862,False,0,711.0
SAHELI,SAHL,Madhya Pradesh,,22.488281,77.819849,True,2,614.0
SAHIJPUR,SAHP,Gujarat,WR,23.061366,72.631634,False,0,633.0
SAHERI,SAHR,Uttar Pradesh,NER,25.559103213,83.44911521,False,0,1205.0
SARAI,SAI,Bihar,,25.779962,85.27660900000001,True,2,711.0
SAHJA HALT,SAJH,Bihar,,25.478182,87.67395400000001,False,0,711.0
Sak Bahadurpur,SAK,Gujarat,WR,22.178375,73.559848,False,0,633.0
Simariya Kajanwada,SAKA,Madhya Pradesh,SECR,22.439466000000003,80.325116,False,0,614.0
Suprakandi,SAKD,Assam,,24.788433,92.37868,False,0,278.0
SALWA,SAL,Maharashtra,,21.236542,79.292976,False,1,754.0
SALAR,SALE,West Bengal,ER,23.774579,88.111097,True,15,713.0
SALI,SALI,Rajasthan,NWR,26.705767,75.031546,True,2,645.0
SALEM MARKET,SAMT,Tamil Nadu,,11.654084,78.142621,False,0,557.0
SANDILA,SAN,Uttar Pradesh,,27.059455,80.517354,True,24,1205.0
SANHA HALT,SANH,Bihar,,25.4274073054,86.3684319092,False,0,711.0
SANK,SANK,Madhya Pradesh,,26.43052,78.059751,False,1,614.0
SARDARNAGAR,SANR,Uttar Pradesh,,26.700859,83.494054,True,3,1205.0
SAGONI,SAO,Madhya Pradesh,,23.811896152499997,79.8114389709,True,3,614.0
SATTENAPALLE,SAP,Andhra Pradesh,,16.405018,80.152704,True,26,574.0
SAPE WAMNE,SAPE,Maharashtra,KR,18.085549,73.356471,True,4,754.0
SARANGPUR ROAD,SAPR,Gujarat,WR,22.236682,71.748617,False,0,633.0
Sugapahari,SAPT,Jharkhand,ER,24.278919666,86.5687357202,False,0,270.0
SHAHZAD NAGAR,SAR,Uttar Pradesh,,28.750033,79.05214699999999,True,2,1205.0
SHIVDASPURA PADAMPURA,SAS,Rajasthan,,26.71363,75.88328200000001,True,2,645.0
Sasan Gir,SASG,Gujarat,WR,21.168995,70.602443,False,0,633.0
SAS NAGAR MOHALI,SASN,Punjab,NR,30.666125,76.739952,True,14,297.0
Sausar,SASR,Madhya Pradesh,SECR,21.658885,78.80252499999999,True,6,614.0
SANT ROAD,SAT,Gujarat,,22.7963945628,73.80040253419999,True,4,633.0
SATR HALT,SATR,Bihar,,26.001173,87.508427,False,0,711.0
SANAND,SAU,Gujarat,,23.0242158216,72.3847494653,True,9,633.0
SAVDA,SAV,Maharashtra,CR,21.111116,75.91065900000001,True,2,754.0
SURIAWAN,SAW,Uttar Pradesh,,25.461039999999997,82.423665,True,14,1205.0
Sohansra,SAWN,Haryana,NWR,28.4076088967,75.8605782111,False,0,201.0
Samni,SAZ,Gujarat,WR,21.852581313966382,72.92457042261958,False,0,633.0
SARAI BHOPAT,SB,Uttar Pradesh,,26.837847,78.94470899999999,False,0,1205.0
Mana,SB04,Chhattisgarh,?,21.21457,81.689931,False,0,162.0
SAHIBABAD,SBB,Uttar Pradesh,,28.674037,77.364182,True,25,1205.0
JOGULAMBA HALT,SBBJ,Telangana,,15.915692,78.04160499999999,True,4,150.0
BANGALORE CITY JN,SBC,Karnataka,SWR,12.977595,77.56808299999999,True,117,416.0
SLEEMANABAD RD,SBD,Madhya Pradesh,WCR,23.614369,80.285208,True,6,614.0
SORBHOG JN,SBE,Assam,,26.494286,90.888281,True,2,278.0
SAHIBGANJ JN,SBG,Jharkhand,,25.241392,87.63457700000001,True,30,270.0
Subhas Gram,SBGR,West Bengal,ER,22.413546,88.433753,False,0,713.0
SULEBHAVI,SBH,Karnataka,SWR,15.912563,74.641724,False,0,416.0
Subrahmanya Road,SBHR,Karnataka,SWR,12.7312724613,75.5576150342,True,6,416.0
SABARMATI JN,SBI,Gujarat,,23.072985,72.587162,True,36,633.0
SABARMATI BRIDGE,SBIC,Gujarat,,23.067094,72.58875599999999,False,0,633.0
SABARMATI D CABIN,SBID,Gujarat,,23.101488,72.57027500000001,False,0,633.0
SABARMATI SOUTH,SBIS,Gujarat,,23.083452,72.56375499999999,False,0,633.0
SARAI BANJARA,SBJ,Punjab,,30.538386,76.515682,False,0,297.0
SHAHBAZ KULI,SBK,Uttar Pradesh,NER,25.632101,83.67465299999999,False,0,1205.0
Sabalgarh,SBL,Madhya Pradesh,NCR,26.2512745542,77.4087421698,False,0,614.0
SHRI BALAJI,SBLJ,Rajasthan,,27.416761083900003,73.5373822888,True,2,645.0
SHRI BHADRIYA LATHI,SBLT,Rajasthan,NWR,27.030421,71.515941,True,13,645.0
SONBARSA KACHERI,SBM,Bihar,ECR,25.7938081327,86.59565906430001,True,2,711.0
Subarnamrigi,SBNM,West Bengal,ER,24.27321,88.292124,True,3,713.0
SHRI VIJAINAGAR,SBNR,Rajasthan,NWR,29.240494,73.523389,False,0,645.0
SABAUR,SBO,Bihar,,25.239083,87.045918,True,8,711.0
SAMBALPUR,SBP,Odisha,,21.4830514376,83.9603252667,True,59,235.0
SAMBALPUR ROAD,SBPD,Odisha,,21.4779003477,83.9757114679,True,24,235.0
SAMBALPUR CITY,SBPY,Odisha,,21.4770222859,84.0076171613,True,10,235.0
SAMBHAR LAKE,SBR,Rajasthan,,26.904308,75.179915,True,13,645.0
SARBAHARA,SBRA,Madhya Pradesh,,22.710502,81.91042900000001,True,6,614.0
SABARMATI JN,SBT,Gujarat,,23.077546,72.58928200000001,True,18,633.0
SABARMATI A CABIN,SBTA,Gujarat,,23.050805,72.59293100000001,False,0,633.0
SABARMATI F CABIN,SBTF,Gujarat,,23.085912,72.57010600000001,False,0,633.0
SIMRI BHAKHTIYARPUR,SBV,Bihar,ECR,25.7208597875,86.5973840167,True,12,711.0
Shewbabudih,SBW,Jharkhand,SER,23.659482,86.390668,True,2,270.0
Solan Brewery,SBY,Himachal Pradesh,NR,30.9291649,77.1143745,True,2,55.0
SISWA BAZAR,SBZ,Uttar Pradesh,NER,27.1495669522,83.7563490747,True,12,1205.0
SECUNDERABAD JN,SC,Telangana,,17.433146999999998,78.50148100000001,True,169,150.0
SALCHAPRA,SCA,Assam,NFR,24.827278,92.671939,False,0,278.0
SITAPUR CANT,SCC,Uttar Pradesh,,27.559468,80.698784,True,8,1205.0
Senchoa Junction,SCE,Assam,NFR,26.3116130653,92.6424819141,True,2,278.0
SACHIN,SCH,Gujarat,WR,21.077673,72.874083,True,9,633.0
SANCHI,SCI,Madhya Pradesh,,23.488096,77.735783,True,10,614.0
SALICHAUKA ROAD,SCKR,Madhya Pradesh,WCR,22.833649,78.67629099999999,True,6,614.0
SILCHAR,SCL,Assam,NFR,24.830338,92.786795,False,0,278.0
SIMHACHALAM,SCM,Andhra Pradesh,,17.744667,83.220449,True,28,574.0
SIMHACHALAM NORTH,SCMN,Andhra Pradesh,,17.752094,83.209636,False,0,574.0
SONDHA ROAD,SCN,Madhya Pradesh,NCR,26.498827,78.484558,True,2,614.0
SATUNA,SCO,Maharashtra,SCR,19.494861,76.34805200000001,True,6,754.0
SIRNAPALLI,SCP,Andhra Pradesh,SCR,18.487478,78.271132,False,0,574.0
SUCHIPIND,SCPD,Punjab,NR,31.343172,75.621561,False,0,297.0
SHYAMA CHARANPUR HALT,SCPR,Odisha,,20.642413,85.616279,False,0,235.0
Sham Chaurasi,SCQ,Punjab,NR,31.45851,75.76642,False,0,297.0
SENGOTTAI,SCT,Tamil Nadu,,8.9874125,77.24185,True,2,557.0
Sukhchain,SCV,Haryana,,29.767847,74.99009799999999,False,0,201.0
SACHIWALAY HALT,SCY,Bihar,,25.5962020296,85.1173521326,False,0,711.0
SIDHAULI,SD,Uttar Pradesh,NER,27.281001999999997,80.837587,False,0,1205.0
KOLKATA SEALDAH,SDAH,West Bengal,,22.566758,88.374713,True,54,713.0
SUNDHIAMAU,SDAM,Uttar Pradesh,,27.121414190200003,81.28688016720001,False,0,1205.0
SHAHABAD,SDB,Karnataka,,17.121662999999998,76.943513,True,32,416.0
Sindri Block Hut,SDBH,Jharkhand,ECR,23.692944,86.447091,True,2,270.0
SAIDABAD,SDC,Uttar Pradesh,NER,25.379137,82.12019500000001,False,0,1205.0
SINDHAWADAR,SDD,Gujarat,WR,22.546528,70.894135,True,4,633.0
SADISOPUR,SDE,Bihar,,25.566169,84.916992,True,10,711.0
Sudsar,SDF,Rajasthan,NWR,28.012356,73.785795,True,6,645.0
SAHADAI BUZURG,SDG,Bihar,ECR,25.6614908641,85.4550875531,False,0,711.0
Sri Dungargarh,SDGH,Rajasthan,NWR,28.070311,74.008011,True,8,645.0
SARDARGRAM,SDGM,Gujarat,WR,23.070758,72.641987,True,2,633.0
SARADHNA,SDH,Rajasthan,NWR,26.3404260124,74.5662047516,True,2,645.0
SIDHARI HALT,SDHA,Uttar Pradesh,,26.0377415583,83.18766740909999,False,0,1205.0
Sandhanidhar,SDHR,Gujarat,WR,20.942193,70.713698,False,0,633.0
Sagardighi,SDI,West Bengal,ER,24.287789,88.105398,True,4,713.0
SHAHDOL,SDL,Madhya Pradesh,,23.285962,81.36407299999999,True,55,614.0
SWADINPUR,SDLE,West Bengal,,24.253478,87.822587,False,0,713.0
SUNDLAK,SDLK,Rajasthan,,25.121481000000003,76.455842,False,0,645.0
Sadulpur Junction,SDLP,Rajasthan,NWR,28.631138,75.386989,True,17,645.0
SURAREDDIPALEM,SDM,Andhra Pradesh,,15.407571,80.045682,True,2,574.0
Sudamdih,SDMD,West Bengal,SER,23.654478,86.44032,True,2,713.0
Sidmukh,SDMK,Rajasthan,NWR,28.893890064746117,75.290472144261,False,0,645.0
SHOLAVANDAN,SDN,Tamil Nadu,,10.02227,77.96508200000001,True,11,557.0
Seydunganallur,SDNR,Tamil Nadu,SR,8.639358,77.834992,True,2,557.0
Sardar Patel Halt,SDPH,Bihar,,25.050378,85.424114,False,0,711.0
SINDPAN,SDPN,Madhya Pradesh,,24.164576,75.03158,False,1,614.0
SARDAR PATEL ROAD,SDPR,Delhi NCT,NR,28.595813,77.167107,False,0,28.0
SEDARAMPATTU,SDPT,Tamil Nadu,,12.672036,79.202726,False,0,557.0
Sudharana,SDRA,Haryana,NWR,28.453681,76.425807,True,2,201.0
Shendurni,SDRN,Maharashtra,CR,20.6574319,75.5974594,False,0,754.0
Sadulshahr,SDS,Rajasthan,NWR,29.902641430417788,74.17270445264876,True,2,645.0
SADAT,SDT,Uttar Pradesh,NER,25.673309,83.308384,True,6,1205.0
SOMIDEVIPALLE,SDV,Andhra Pradesh,,15.4534,79.038111,True,6,574.0
SOLDEVANAHALLI,SDVL,Karnataka,SWR,13.091395,77.490385,False,0,416.0
SADHOO GARH,SDY,Punjab,,30.5828632034,76.44847259640001,False,0,297.0
Sindhar,SDZ,Punjab,NR,31.110308,75.241169,False,0,297.0
SEMLA,SE,Gujarat,,22.039641,70.79367,False,0,633.0
SON NAGAR,SEB,Bihar,,24.882212999999997,84.22927299999999,True,15,711.0
SHEDBAL,SED,Karnataka,SWR,16.720293,74.752769,True,2,416.0
SONPUR JN,SEE,Bihar,,25.696849,85.16685100000001,True,71,711.0
SHEGAON,SEG,Maharashtra,,20.801724,76.690331,True,33,754.0
SEVAGRAM,SEGM,Maharashtra,,20.739076,78.619225,True,65,754.0
SEHORE,SEH,Madhya Pradesh,,23.215095,77.07788199999999,True,49,614.0
SHENDRI,SEI,Maharashtra,CR,18.130093,75.552627,True,2,754.0
SARKHEJ,SEJ,Gujarat,WR,22.981944,72.497486,False,0,633.0
SANKRALL,SEL,West Bengal,,22.5613094942,88.2090743463,False,0,713.0
SELU,SELU,Maharashtra,SCR,19.44806,76.43326400000001,True,32,754.0
SERAM,SEM,Karnataka,,17.180683000000002,77.28353,True,24,416.0
SENAPURA,SEN,Karnataka,KR,13.7176801822,74.6840119482,True,2,416.0
SEOHARA,SEO,Uttar Pradesh,,29.204807,78.580977,True,11,1205.0
SODPUR,SEP,West Bengal,,22.698851,88.382193,False,1,713.0
SEPON,SEPN,Assam,,27.117144,94.856434,False,0,278.0
SHERPUR,SEPR,Uttar Pradesh,NR,28.919358,78.25287,False,0,1205.0
SEKHA,SEQ,Punjab,NR,30.380452,75.643764,False,0,297.0
SAMAYANALLUR,SER,Tamil Nadu,,9.981546,78.035087,False,0,557.0
SEMARI,SES,Rajasthan,NWR,24.07001,73.841822,False,0,645.0
SETTIHALLY,SET,Karnataka,SWR,12.6442282946,77.1419178821,True,2,416.0
Sessa,SETB,Assam,,27.32406,94.85767,False,0,278.0
SENDRA,SEU,Rajasthan,NWR,26.077974,74.194143,True,7,645.0
SITHALAVAI,SEV,Tamil Nadu,SR,10.958125,78.27389099999999,False,0,557.0
SEHAL,SEW,Uttar Pradesh,NER,28.918565,78.822659,False,0,1205.0
Seroni Road,SEX,Madhya Pradesh,NCR,25.943966000000003,76.88447099999999,False,0,614.0
Seoni,SEY,Madhya Pradesh,SECR,22.075431,79.545769,True,2,614.0
SETTIGUNTA,SF,Andhra Pradesh,,13.87431,79.382302,True,2,574.0
SANHERA HALT,SFA,Uttar Pradesh,NR,28.903375,77.28233900000001,False,0,1205.0
SAINTALA,SFC,Odisha,,20.433878,83.335045,True,7,235.0
SAFIDON,SFDE,Haryana,NR,29.39793,76.66142400000001,False,0,201.0
Sanodiya,SFE,Rajasthan,NWR,27.011244,75.279108,False,0,645.0
SUNERA PIRKHERI,SFF,Madhya Pradesh,,23.474148000000003,76.36030299999999,False,0,614.0
SUBEDARGANJ,SFG,Uttar Pradesh,,25.439879,81.789897,True,6,1205.0
SAFEDABAD,SFH,Uttar Pradesh,,26.8978573678,81.1166012347,False,1,1205.0
SIKIR,SFK,Odisha,,20.337936,83.199696,False,0,235.0
SUNAM,SFM,Punjab,NR,30.130335,75.808761,True,15,297.0
Saifinagar Halt,SFNR,Madhya Pradesh,WR,22.698715,75.85342399999999,False,0,614.0
Safipur,SFPR,Uttar Pradesh,NR,26.744344,80.35476700000001,False,0,1205.0
SAFRAI,SFR,Assam,NFR,27.029015,94.942883,False,0,278.0
SARANGPUR,SFW,Madhya Pradesh,,23.5810641859,76.4871872211,True,8,614.0
SAFILGUDA,SFX,Andhra Pradesh,SCR,17.461671,78.53311000000001,True,2,574.0
SHAJAPUR,SFY,Madhya Pradesh,,23.425074,76.297843,True,24,614.0
SINDURIYA KACHARI,SFZ,Madhya Pradesh,,24.0210993429,76.9259037006,False,0,614.0
SHAHGARH,SG,Uttar Pradesh,NER,28.559235,80.043015,False,0,1205.0
Shergarh,SGA,Punjab,NWR,30.080231,74.947251,False,0,297.0
SOGARIYA CABIN,SGAC,Rajasthan,,25.230055,75.90022099999999,False,0,645.0
SAREIGRAM,SGAM,Madhya Pradesh,WCR,24.039636,82.205614,True,4,614.0
Sir Gurudas Banerjee Halt,SGBA,West Bengal,ER,22.5741753,88.3850451,False,0,713.0
SGBB,SGBB,,,,,False,0,
SURGAON BANJARI,SGBJ,Madhya Pradesh,WCR,21.946109,76.544215,True,2,614.0
SONGADH,SGD,Gujarat,WR,21.728936,71.886759,True,14,633.0
SIGADAM,SGDM,Andhra Pradesh,,18.360601,83.68144099999999,True,2,574.0
Sagadapata,SGDP,Orissa,ECoR,21.244692,85.909396,True,2,65.0
Soma Guddu,SGDV,Karnataka,,14.288569,76.633302,False,0,416.0
SANKARIDURG,SGE,Tamil Nadu,,11.445732,77.870439,True,6,557.0
SANGAT,SGF,Punjab,NWR,30.088059,74.83253,True,8,297.0
SULTANGANJ,SGG,Bihar,,25.24085,86.736175,True,43,711.0
SAFDARGANJ,SGJ,Uttar Pradesh,,26.914454,81.36116,True,5,1205.0
Srungavruksham,SGKM,Andhra Pradesh,SCR,16.543756,81.601906,True,2,574.0
SAGAULI JN,SGL,Bihar,ECR,26.758187,84.73934,True,22,711.0
SANGOLA,SGLA,Maharashtra,CR,17.435563000000002,75.187581,True,10,754.0
SENGULAM,SGLM,Tamil Nadu,SR,8.607001,77.682861,False,0,557.0
SOLGAMPATTI,SGM,Tamil Nadu,SR,10.785689,78.858717,False,0,557.0
SHRIGONDA ROAD,SGND,Maharashtra,,18.598243,74.641466,True,8,754.0
SHRI GANGANAGAR,SGNR,Rajasthan,NWR,29.931792,73.87141700000001,True,17,645.0
SAUGOR,SGO,Madhya Pradesh,,23.84735,78.74292,True,61,614.0
SOHAGPUR,SGP,Madhya Pradesh,WCR,22.693813,78.194338,True,15,614.0
Sugapahari,SGPA,Jharkhand,ER,24.2790237518,86.57804878910001,False,0,270.0
SANGMESHWAR,SGR,Maharashtra,KR,17.201998999999997,73.546234,True,10,754.0
SANGARIA,SGRA,Rajasthan,NWR,29.792508,74.466053,True,12,645.0
SULGARE,SGRD,Chhattisgarh,,22.019979,82.743775,False,1,162.0
SULGARE,SGRE,Maharashtra,CR,16.914611,74.909935,True,2,754.0
SINGRAULI,SGRL,Madhya Pradesh,ECR,24.204257,82.642735,True,18,614.0
SINGARAM,SGRM,Andhra Pradesh,,19.110931,83.10500400000001,True,2,574.0
SINGHIRAMPUR,SGRP,Uttar Pradesh,,27.262707,79.62941099999999,False,0,1205.0
SANGAR,SGRR,Jammu and Kashmir,NR,32.80617,75.044078,False,0,16.0
Shoghi,SGS,Himachal Pradesh,NR,31.038759,77.12423700000001,True,5,55.0
Siliguri,SGUD,West Bengal,,26.723574,88.414033,False,1,713.0
SILIGURI JN,SGUJ,West Bengal,NFR,26.723204,88.413663,True,21,713.0
SILIGURU TOWN,SGUT,West Bengal,NFR,26.7073,88.42960699999999,False,0,713.0
Sargachhi,SGV,West Bengal,ER,24.01772,88.244037,True,4,713.0
SINGWAL,SGW,Rajasthan,NWR,26.061015,74.68275899999999,False,0,645.0
WHITE FIELD SATELLITE,SGWF,Karnataka,,12.9960174083,77.7614779608,False,0,416.0
Singriawan,SGYW,Bihar,,25.4095173407,85.28453529789999,False,0,711.0
SHAMGARH,SGZ,Madhya Pradesh,,24.191141,75.642842,True,38,614.0
SHAHAD,SHAD,Maharashtra,,19.244702,73.158611,False,0,754.0
SRINIVASA NAGAR,SHAN,Andhra Pradesh,SCR,17.9099557799,78.4619205481,False,1,574.0
Shahibag,SHB,Gujarat,,23.035546,72.600949,False,0,633.0
SAHEBTALA,SHBA,West Bengal,ER,23.591585,88.200996,False,0,713.0
SIBAICHANDI,SHBC,West Bengal,,22.974465,88.13369,False,0,713.0
SHIBLUN,SHBL,West Bengal,ER,23.692561,88.082999,False,0,713.0
SAHARSA JN,SHC,Bihar,ECR,25.875207999999997,86.594953,True,12,711.0
SHAHBAD MARKNDA,SHDM,Haryana,,30.166186,76.861554,True,10,201.0
SHADHORAGAON,SHDR,Madhya Pradesh,,24.633366,77.584671,True,2,614.0
SEORAPHULI,SHE,West Bengal,,22.774749,88.328809,True,12,713.0
SHISHO,SHEO,Bihar,,26.206032,85.863867,False,0,711.0
Sher,SHER,Bihar,,26.3516649204,84.628290531,False,0,711.0
Shirud,SHF,Maharashtra,CR,20.735376,74.876271,True,4,754.0
SHAHGANJ JN,SHG,Uttar Pradesh,,26.061399,82.679662,True,51,1205.0
SHRI GHASINAGAR,SHGN,Rajasthan,,27.0865148373,76.6268054126,False,0,645.0
SHAPUR JN,SHH,Gujarat,WR,21.478281,70.37105700000001,False,0,633.0
SINGHAUL HALT,SHHT,Bihar,,25.4350086438,86.0966802881,False,0,711.0
SINGANALLUR,SHI,Tamil Nadu,,11.012921,77.03945900000001,False,0,557.0
SHINDAWANE,SHIV,Maharashtra,CR,18.434555000000003,74.163601,False,0,754.0
SAHAJIPUR HALT,SHJP,Uttar Pradesh,,26.096303,81.864192,False,0,1205.0
SHEIKPURA,SHK,Bihar,ECR,25.132088,85.854024,True,4,711.0
Saharsa Kutchery Halt,SHKY,Bihar,ECR,,,False,0,711.0
SHOLAKA,SHLK,Haryana,,27.973644,77.360583,False,0,201.0
SHELU,SHLU,Maharashtra,,19.062985,73.317386,False,0,754.0
KOLKATA SHALIMAR,SHM,West Bengal,SER,22.555508,88.315615,True,26,713.0
SHIROOR,SHMI,Karnataka,KR,13.930712,74.59396600000001,True,2,416.0
Suchan Kotli,SHN,Haryana,NWR,29.515832999999997,75.170322,False,0,201.0
SHIVNAGAR,SHNG,Uttar Pradesh,,26.336305000000003,81.882608,False,1,1205.0
SHADNAGAR,SHNR,Telangana,,17.064646,78.213273,True,12,150.0
SHEO SINGH PURA,SHNX,Rajasthan,,26.913378,75.567278,True,4,645.0
SIHORA ROAD,SHR,Madhya Pradesh,WCR,23.467136,80.110265,True,33,614.0
SAIJ SERTHA RD,SHRD,Gujarat,WR,23.2126,72.520002,True,2,633.0
Sri Ramgarh Halt,SHRG,Rajasthan,NWR,,,False,0,645.0
SHARMA,SHRM,Uttar Pradesh,,27.603853,80.003288,False,0,1205.0
SAHARSRAKUND,SHSK,Maharashtra,SCR,19.402665,78.00795299999999,True,6,754.0
SAHARI HALT,SHT,Bihar,,25.4756926973,85.7277666345,False,0,711.0
Sambhal Hatim Sarai,SHTS,Uttar Pradesh,NR,28.596912,78.568241,False,0,1205.0
Silghat Town,SHTT,Assam,NFR,26.608902,92.929931,True,2,278.0
SHOLINGHUR,SHU,Tamil Nadu,,13.013974,79.484589,True,9,557.0
SHIVANI,SHV,Karnataka,SWR,13.8111396742,76.0582362866,True,5,416.0
SAMHON,SHW,Uttar Pradesh,,26.734186,79.320694,False,0,1205.0
SAHUWALA,SHWL,Rajasthan,,29.355217,73.812967,False,0,645.0
SHUKHARULLAPUR,SHX,Uttar Pradesh,,27.44826,79.471943,False,0,1205.0
Sakarayapatna,SHYP,Karnataka,,13.4304238812,75.92847693120001,False,0,416.0
Summer Hill,SHZ,Himachal Pradesh,NR,31.107469,77.138165,True,6,55.0
SONALLI,SI,Bihar,,25.6047539571,87.7176386707,True,4,711.0
SHIVLANKHA,SIA,Gujarat,,23.380465,70.620232,False,0,633.0
SONIK,SIC,Uttar Pradesh,,26.586191,80.559833,False,1,1205.0
SHAHEED ISHWAR CHOWDHARY HALT,SICY,Bihar,,24.80741419,85.01490964999999,False,0,711.0
SIDDHPUR,SID,Gujarat,WR,23.918067,72.367959,True,24,633.0
SIDDAMPALLI,SIE,Andhra Pradesh,,13.160645,79.137135,False,0,574.0
SIRLI,SIF,Maharashtra,SCR,19.5087818977,77.21222487729999,False,0,754.0
SIHO,SIHO,Bihar,,26.00841,85.50594000000001,True,2,711.0
SITIMANI,SII,Karnataka,SWR,16.31992,75.865598,False,0,416.0
SIKRODA KWANRI,SIKD,Madhya Pradesh,,26.569564,77.96285300000001,False,0,614.0
Sikar Junction,SIKR,Rajasthan,NWR,27.616275,75.15337799999999,False,0,645.0
SAKHI GOPAL,SIL,Odisha,,19.942882,85.816074,True,30,235.0
Silao,SILO,Bihar,ECR,25.078598999999997,85.434638,True,2,711.0
SHRI AMIRGADH,SIM,Rajasthan,NWR,24.405948,72.643675,True,3,645.0
MUMBAI SION,SIN,Maharashtra,,19.047725,72.864262,False,0,754.0
SINI JN,SINI,Jharkhand,,22.78946,85.94702600000001,True,20,270.0
Sinor,SINR,Gujarat,WR,21.91134392138467,73.33612949587405,False,0,633.0
SAMAKHIALI JN,SIOB,Gujarat,,23.309819,70.503394,True,34,633.0
SURAIMANPUR,SIP,Bihar,,25.80918,84.48002199999999,True,28,711.0
Singhookharia,SIPA,Jharkhand,SER,22.498243,85.795126,False,0,270.0
SIHAPAR,SIPR,Uttar Pradesh,,26.757903231,83.16487227660001,False,1,1205.0
SARKONI,SIQ,Uttar Pradesh,,25.643114,82.75211999999999,False,1,1205.0
SIRHIND JN,SIR,Punjab,,30.624222,76.383194,True,48,297.0
Sirhi Itara,SIRA,Uttar Pradesh,NCR,26.367008,80.21523499999999,False,0,1205.0
Sird,SIRD,Rajasthan,?,27.5544208128,72.5964046204,False,0,645.0
Shirala,SIRL,Maharashtra,,21.123835999999997,77.726017,False,0,754.0
Singuli Shyam,SISM,Rajasthan,,25.186362,75.00444200000001,False,0,645.0
SISAUNA,SISN,Uttar Pradesh,,29.216155,78.28054900000001,False,0,1205.0
Singur,SIU,West Bengal,ER,22.814558,88.228712,False,0,713.0
SIVNAR HALT,SIVN,Bihar,,25.40468,85.880824,False,0,711.0
SHIRRAVDE,SIW,Maharashtra,CR,17.3606825795,74.1573548438,False,1,754.0
Sirry,SIY,Chhattisgarh,SECR,20.990441,81.731233,False,0,162.0
Shrikhanda,SIZ,West Bengal,ER,23.5956814,88.0616835,False,0,713.0
SIJUA,SJA,Jharkhand,,23.7901556866,86.3297280994,False,0,270.0
SANJUJE DA AREY,SJDA,Goa,SWR,15.4374940478,75.5962538599,False,0,21.0
SRI JHADESHWAR,SJDR,Odisha,,20.5965342443,86.0192559912,False,0,235.0
SANJARPUR,SJER,Uttar Pradesh,,26.0173317932,82.97217946560001,False,0,1205.0
SAJANVAR ROAD,SJF,Gujarat,WR,21.07527,71.60840800000001,False,0,633.0
SARAI JAGDISH,SJGH,Uttar Pradesh,NER,25.30009,82.365134,False,0,1205.0
SANJAY GRAM,SJGM,Bihar,,25.706241,87.890377,False,0,711.0
Sanjha,SJJ,Bihar,ER,25.0658316907,87.0008507605,False,0,711.0
SURJA KAMAL,SJKL,West Bengal,,25.935932,87.849258,False,0,713.0
SANGAM JAGARLAMUDI,SJL,Andhra Pradesh,SCR,16.246589,80.570521,True,2,574.0
Sajuma,SJM,Andhra Pradesh,NR,29.726968,76.296444,False,0,574.0
SANJAN,SJN,Gujarat,WR,20.19165,72.820594,True,9,633.0
SUJANPUR,SJNP,Punjab,NR,32.31198,75.61346499999999,True,6,297.0
SHUJALPUR,SJP,Madhya Pradesh,,23.381236,76.72347500000001,True,67,614.0
Sujalpur,SJPA,West Bengal,?,21.763167000000003,87.65749699999999,False,0,713.0
SUJATA PURAM HALT,SJPM,Karnataka,SWR,12.140253,76.675521,False,0,416.0
Surjyapur,SJPR,West Bengal,ER,22.293128,88.466557,False,0,713.0
SURAJPUR ROAD,SJQ,Chhattisgarh,SECR,23.289233,82.880146,True,4,162.0
SAJHERPAR,SJRR,West Bengal,,26.4224452405,89.35227413269999,False,0,713.0
SHAMLAJI ROAD,SJS,Gujarat,NWR,23.621619,73.335655,False,0,633.0
Salemgarhmasani,SJSM,Rajasthan,NWR,29.550109363942525,74.46238562464714,False,0,645.0
SHUJAATPUR,SJT,Uttar Pradesh,,25.605607000000003,81.401934,True,4,1205.0
Sojitra,SJTR,Gujarat,WR,,,False,0,633.0
Sanjhauli Halt,SJV,Bihar,ECR,25.1438922456,84.191033988,False,0,711.0
SANJEEVAIAH PARK,SJVP,Telangana,,17.435951,78.475688,False,0,150.0
SAKHUN,SK,Rajasthan,NWR,26.7380786343,75.0911894116,True,2,645.0
SIKANDRA RAO,SKA,Uttar Pradesh,,27.684085999999997,78.387573,True,2,1205.0
SK Para,SKAP,Tripura,NFR,23.971989,91.94712,False,0,17.0
SAKARIYA,SKAR,Madhya Pradesh,,24.607481,80.90078,False,0,614.0
SHIKOHABAD JN,SKB,Uttar Pradesh,,27.085686,78.57495499999999,True,42,1205.0
SILAKHEDI,SKBN,Madhya Pradesh,,23.093053,76.057298,False,0,614.0
SHANKARPUR BHADAURA,SKBR,Madhya Pradesh,WCR,24.083218,81.93144699999999,False,0,614.0
SIKRODA MINA,SKDM,Rajasthan,,26.722854,77.002212,False,0,645.0
Sukhshena,SKEN,Bihar,?,25.790577,87.111962,False,0,711.0
SAKHOTI TANDA,SKF,Uttar Pradesh,NR,29.192626,77.71804900000001,True,2,1205.0
SAKTIGARH,SKG,West Bengal,,23.205879,87.971782,False,0,713.0
SAKTESGARH,SKGH,Uttar Pradesh,NCR,24.999741,82.821887,True,5,1205.0
Sukhasan Kothi,SKHK,Bihar,ECR,25.841387,87.15210099999999,False,0,711.0
SIKHERA MB HALT,SKHR,Uttar Pradesh,,28.7567148575,77.9499696448,False,0,1205.0
SAKRI JN,SKI,Bihar,,26.208947,86.078137,True,16,711.0
SAHIBPUR KAMAL JN,SKJ,Bihar,ECR,25.4270372397,86.4001292639,True,8,711.0
SIKKAL,SKK,Tamil Nadu,SR,10.753121,79.790691,False,0,557.0
SINGAPERUMAL KOIL,SKL,Tamil Nadu,,12.7624604323,80.0010589618,False,0,557.0
Sukli,SKLI,Madhya Pradesh,,21.677859,79.683653,False,0,614.0
SHANKARPUR,SKLP,Uttar Pradesh,,27.447221,81.01440500000001,False,0,1205.0
Sakleshpur,SKLR,Karnataka,SWR,12.945368,75.778745,True,6,416.0
SINGARAYAKONDA,SKM,Andhra Pradesh,,15.253118,80.027126,True,27,574.0
SRIKRISHNA NAGAR,SKN,Uttar Pradesh,,25.88403,82.447803,True,8,1205.0
Sukinda Road,SKND,Orissa,ECoR,20.971268,86.05375,True,4,65.0
Shakar Nagar,SKNR,Andhra Pradesh,SCR,18.659388000000003,77.905991,False,0,574.0
SHANKARPALLI,SKP,Telangana,,17.450825,78.131116,True,16,150.0
SHRIKALYANPURA,SKPA,Rajasthan,,25.189878,76.094182,False,0,645.0
SIKARPAI,SKPI,Odisha,,19.39189955,83.32010335,True,2,235.0
Sikarpur Halt,SKPR,Madhya Pradesh,,21.984896,78.946006,False,0,614.0
SOMANAYAKKANPTI,SKPT,Tamil Nadu,,12.574922,78.54245200000001,True,2,557.0
SIKANDARPUR,SKQ,Uttar Pradesh,,28.247759,77.783931,False,1,1205.0
SAKHPUR,SKR,Gujarat,WR,21.748997,69.833241,True,2,633.0
SIKARIA,SKRI,Bihar,,25.5633290199,84.34768584109999,False,0,711.0
SALEKASA,SKS,Chhattisgarh,,21.30163,80.493224,True,6,162.0
Sikosa,SKSO,Chhattisgarh,SECR,20.868216,81.285568,False,0,162.0
SAKTI,SKT,Chhattisgarh,,22.011785000000003,82.956526,True,18,162.0
Shakti Nagar,SKTN,Uttar Pradesh,ECR,24.122899,82.704734,True,4,1205.0
Sikroda,SKU,Madhya Pradesh,NCR,26.336915,77.73236299999999,False,0,614.0
SANKVAL,SKVL,Goa,SWR,15.370791,73.86771300000001,False,0,21.0
Sheikhupur,SKW,Uttar Pradesh,NER,28.003862,79.10472999999999,False,0,1205.0
SARKARA,SKX,Uttarakhand,NER,29.166922000000003,79.083308,False,0,46.0
Shikara,SKY,Madhya Pradesh,SECR,22.798847,79.858161,True,9,614.0
SIRPUR KAGAZNAGAR,SKZR,Telangana,,19.345659,79.489201,True,81,150.0
SURATHKAL,SL,Karnataka,KR,12.989191,74.80617699999999,True,18,416.0
SALBONI,SLB,West Bengal,SER,22.640971,87.321899,True,12,713.0
SALAI BANWA,SLBN,Uttar Pradesh,,24.4212133613,83.00889543950001,False,0,1205.0
SALSALA BARI,SLBS,West Bengal,,26.486647,89.594991,False,0,713.0
SAKALDIHA,SLD,Uttar Pradesh,,25.331472,83.289193,True,8,1205.0
SILLI,SLF,West Bengal,,23.3515633971,85.82812938660001,True,2,713.0
SIMLAGARH,SLG,West Bengal,,23.095679,88.23121300000001,False,0,713.0
SULERJAVALGE,SLGE,Karnataka,SWR,17.45892,75.974841,True,2,416.0
SHELGOAN H,SLGH,Maharashtra,SCR,19.080130931400003,77.5883907849,True,4,754.0
SANKARALINGAPRM,SLGM,Tamil Nadu,,9.524914,77.88414,False,0,557.0
SIMALUGURI JN,SLGR,Assam,NFR,26.917281,94.756816,True,29,278.0
SILIARI,SLH,Chhattisgarh,,21.426336000000003,81.755534,True,6,162.0
SALHANA,SLHA,Madhya Pradesh,WCR,23.8204620979,80.65672125239999,False,0,614.0
Shilhauri Halt,SLHI,Bihar,,25.9530212347,84.8337491992,False,0,711.0
SULAH HIMACHAL PRADESH,SLHP,Himachal Pradesh,NR,32.070953,76.475805,False,0,55.0
SANGLI,SLI,Maharashtra,CR,16.858669000000003,74.588939,True,36,754.0
SAKRIGALI JN,SLJ,Jharkhand,,25.243359,87.715967,True,2,270.0
SALGA JHARI,SLJR,Jharkhand,,22.75832,86.228747,False,0,270.0
SANDAL KALAN,SLKN,Haryana,,29.063432,77.012589,False,0,201.0
SALKAROAD,SLKR,Chhattisgarh,,22.36745,82.010606,True,8,162.0
SALAKATI,SLKX,Assam,,26.44577,90.357339,False,0,278.0
Somalapuram,SLM,Andhra Pradesh,SWR,14.914015,76.86885600000001,True,2,574.0
SALEM EAST,SLME,Tamil Nadu,,11.662932,78.178121,False,0,557.0
SULTANPUR,SLN,Uttar Pradesh,,26.263027,82.066106,True,50,1205.0
SALAUNA,SLNA,Bihar,,25.603476,86.260279,False,0,711.0
SAMALKOT JN,SLO,Andhra Pradesh,,17.044827,82.168724,True,130,574.0
Salona,SLON,Assam,NFR,26.503912999999997,92.990043,False,0,278.0
SELOO ROAD,SLOR,Maharashtra,,20.776649999999997,78.71490899999999,False,0,754.0
SALPA,SLP,Maharashtra,CR,17.963070994400002,74.17178775389999,False,0,754.0
Shivalingapuram,SLPM,Andhra Pradesh,ECoR,18.196655,83.066187,True,2,574.0
Silpaprabesh,SLPR,West Bengal,,22.058566000000003,88.10654500000001,False,0,713.0
Salona Assam,SLQ,Assam,,26.448981,92.961877,False,0,278.0
Salogra,SLR,Himachal Pradesh,NR,30.934311,77.130516,True,6,55.0
SARALA,SLRA,Odisha,,21.511822,84.017534,False,0,235.0
SURLA ROAD,SLRD,Andhra Pradesh,,19.177016,84.719145,False,0,574.0
SALARPUR,SLRP,Uttar Pradesh,,26.752552,82.013173,False,0,1205.0
SHELARWADI,SLRW,Maharashtra,,18.700940000000003,73.705901,False,0,754.0
SALANPUR,SLS,West Bengal,,23.760355,86.876395,True,4,713.0
SILAUT,SLT,Bihar,,26.048926,85.44337800000001,True,2,711.0
SILLAKKUDI,SLTH,Tamil Nadu,,11.095633418,79.0368619916,False,0,557.0
SASALU,SLU,Karnataka,SWR,14.226683,76.108388,False,0,416.0
SANDALPUR,SLV,Madhya Pradesh,,26.113488,78.19639500000001,False,0,614.0
SOHWAL,SLW,Uttar Pradesh,,26.753048,81.983837,True,9,1205.0
SILAWAR,SLWR,Uttar Pradesh,NR,29.505405,77.345001,False,0,1205.0
SELENG HAT,SLX,Assam,NFR,26.7834380329,94.4827626898,False,0,278.0
SAMALPATTI,SLY,Tamil Nadu,,12.311594,78.484032,True,4,557.0
SOLARI,SLZ,Odisha,,19.800255,85.24778599999999,False,0,235.0
SAMSI,SM,West Bengal,,25.276197,88.00975700000001,True,17,713.0
SAMUDRAGARH,SMAE,West Bengal,ER,23.335767,88.324967,False,1,713.0
SALIM PUR BIHAR,SMBH,Bihar,,25.473618,85.44577199999999,False,0,711.0
SHRI MAHABIRJI,SMBJ,Rajasthan,WCR,26.684155,76.96766400000001,True,24,645.0
SIMBHOOLI,SMBL,Uttar Pradesh,,28.765191,77.98347199999999,True,6,1205.0
SAMBA,SMBX,Jammu and Kashmir,NR,32.528358000000004,75.120256,True,28,16.0
Samnapur,SMC,Madhya Pradesh,SECR,21.9419101772,80.1564133228,True,7,614.0
SHYAM CHAK,SMCK,West Bengal,,22.363451,87.500479,False,0,713.0
SAWAI MADHOPUR D CABIN,SMDC,Rajasthan,,26.0356,76.375851,False,0,645.0
SAMUDRAM,SMDM,Tamil Nadu,,10.652687,78.493545,False,0,557.0
SHAHABAD MOHAMADPUR,SMDP,Delhi NCT,NR,28.560927,77.071838,False,0,28.0
Simodara,SMDR,Gujarat,WR,21.4596673,73.0912591,False,0,633.0
Semmandappatti,SMDT,Tamil Nadu,SWR,11.7955548355,78.0260572961,False,0,557.0
Shimoga,SME,Karnataka,SWR,13.927613,75.592671,True,6,416.0
Shimoga Town,SMET,Karnataka,SWR,13.943037,75.583174,True,10,416.0
SAMAR GOPALPUR,SMF,Haryana,NR,28.9608890803,76.51864460750001,False,0,201.0
Samaguri,SMGR,Assam,NFR,26.416262999999997,92.849833,False,0,278.0
SIMRAHA,SMH,Bihar,,26.1944356285,87.32135753540001,False,0,711.0
SITAMARHI JN,SMI,Bihar,,26.594374,85.504707,True,16,711.0
SAMALKHA,SMK,Haryana,,29.240172,77.003034,True,15,201.0
Sham Kauria,SMKR,Bihar,NER,26.0358164456,84.8330358765,False,0,711.0
Somankatti,SMKT,Karnataka,SWR,15.766716,75.632594,False,0,416.0
Shimla,SML,Himachal Pradesh,NR,31.102794,77.159932,True,10,55.0
SAMLAYA JN,SMLA,Gujarat,,22.483966,73.302104,True,4,633.0
Shimiliaguda,SMLG,Andhra Pradesh,ECoR,18.30364,82.95710500000001,True,2,574.0
SAMLOTI,SMLT,Himachal Pradesh,NR,32.098872,76.360945,False,0,55.0
SALIYAMANGALAM,SMM,Tamil Nadu,SR,10.77933,79.275262,False,0,557.0
SARMATANR,SMND,Jharkhand,,24.344874,85.65550400000001,False,0,270.0
SOMTANE,SMNE,Maharashtra,CR,18.952233,73.145524,True,4,754.0
SOMNATH,SMNH,Gujarat,WR,20.896132,70.408254,True,6,633.0
Shri Makri Nath Nagar,SMNN,Rajasthan,NWR,28.179884,74.824623,False,0,645.0
SEMAPUR,SMO,Bihar,,25.524483,87.47044100000001,True,12,711.0
SHAMBHUPURA,SMP,Rajasthan,WR,24.771439,74.641918,True,4,645.0
Shampura,SMPA,Rajasthan,WCR,25.222941,75.233108,True,4,645.0
Shambhupura C Cabin,SMPC,Rajasthan,,24.792781,74.63844900000001,False,0,645.0
Shri Madhopur,SMPR,Rajasthan,NWR,27.457628,75.59829400000001,True,6,645.0
SHAMLI,SMQL,Uttar Pradesh,NR,29.444597,77.316231,True,4,1205.0
SAMDHARI JN,SMR,Rajasthan,NWR,25.837202,72.57300699999999,True,16,645.0
SAMRALA,SMRL,Punjab,,30.824281,76.18245499999999,False,0,297.0
SUMRERI,SMRR,Madhya Pradesh,,24.006945,78.399411,True,3,614.0
Samaswara,SMSR,Madhya Pradesh,SECR,22.048501,79.334804,True,2,614.0
SALAMATPUR,SMT,Madhya Pradesh,,23.461639,77.67275,True,7,614.0
SAMUKTALA ROAD,SMTA,West Bengal,,26.483337452,89.6346837433,True,2,713.0
Saheed Matangini,SMTG,West Bengal,SER,22.301974,87.90811500000001,False,0,713.0
SIMARIATAL,SMTL,Madhya Pradesh,,25.9219956094,78.3042595734,False,0,614.0
Somthan,SMTN,Maharashtra,CR,20.4387926,77.576786,False,0,754.0
SAMBHU,SMU,Punjab,,30.4290274715,76.684143667,False,0,297.0
Sumaoli,SMV,Madhya Pradesh,NCR,26.3729889071,77.9154615387,False,0,614.0
SOMESHWARA,SMWA,Karnataka,,13.55657,77.513961,True,2,416.0
Simurali,SMX,West Bengal,ER,23.041337,88.51016399999999,False,1,713.0
SMYD,SMYD,,,,,False,0,
SARAI MIR,SMZ,Uttar Pradesh,,26.0281419,82.9239538,True,13,1205.0
Sukna,SN,West Bengal,NFR,26.790887,88.363493,False,1,713.0
Sadanapura,SNA,Gujarat,WR,22.602487999999997,73.01247500000001,False,0,633.0
Saniyad,SNAD,Gujarat,WR,,,False,0,633.0
SONA ARJUNPUR,SNAP,Uttar Pradesh,NR,29.7582805083,77.4525283289,False,0,1205.0
Srinagar Rajasthan,SNAR,Rajasthan,WCR,25.3640471585,75.5690913623,True,2,645.0
Satnaur Badesron,SNB,Punjab,NR,31.257426,76.110741,False,0,297.0
Sunderabad,SNBD,Madhya Pradesh,WR,,,False,0,614.0
SONUABARY,SNBR,Assam,,26.172784,92.310137,False,0,278.0
S NARAYAN CHPLA,SNC,Uttar Pradesh,,26.9810021017,82.3961659851,True,2,1205.0
SONACHARA,SNCA,Assam,,25.984617,91.143131,False,0,278.0
SONDIMRA,SND,West Bengal,,23.4769365823,85.782435799,False,0,713.0
SINDHUDURG,SNDD,Maharashtra,KR,16.111322,73.67934,True,14,754.0
SENDURAI,SNDI,Tamil Nadu,,11.256462,79.168778,False,0,557.0
Sindri Town,SNDT,Jharkhand,?,23.660992,86.47988299999999,False,0,270.0
SANDAI,SNDY,Uttar Pradesh,NER,28.572634,79.990982,False,0,1205.0
SHENOLI,SNE,Maharashtra,CR,17.200729,74.252881,False,0,754.0
SANAT NAGAR,SNF,Telangana,,17.4616070935,78.4359471722,True,10,150.0
SANGANER,SNGN,Rajasthan,,26.814113,75.772245,True,4,645.0
SINGHPUR,SNGP,Madhya Pradesh,,23.253960575599997,81.4075072687,True,10,614.0
SANGANAPUR,SNGR,Maharashtra,SCR,19.188596,76.7364,True,4,754.0
SAUNSHI,SNH,Karnataka,SWR,15.206786,75.295781,True,2,416.0
SANKHAI,SNHR,Gujarat,WR,23.796393,72.177296,False,0,633.0
SINDI,SNI,Maharashtra,,20.816446,78.883342,True,9,754.0
SATH NARAINI,SNIE,Uttar Pradesh,,25.795325,81.03942,False,0,1205.0
SANJALI,SNJL,Gujarat,,21.5758091157,72.98861337459999,True,2,633.0
SINDKHEDA,SNK,Maharashtra,,21.234022,74.73536700000001,True,10,754.0
SONKHAMB,SNKB,Maharashtra,,21.274259,78.725612,False,0,754.0
SUNEHTI KHARKHARI,SNKE,Uttar Pradesh,,29.913102,77.683524,False,0,1205.0
SANKARAGUMMANUR HALT,SNKG,Andhra Pradesh,SCR,15.167166,77.235523,False,0,574.0
SANKARANKOVIL,SNKL,Tamil Nadu,,9.176539,77.525924,True,2,557.0
Sanka,SNKR,West Bengal,SER,23.52693,86.616164,True,2,713.0
Sankra,SNKX,Chhattisgarh,SECR,20.747436,81.591856,False,0,162.0
SANAHWAL,SNL,Punjab,,30.837436,75.9795,True,4,297.0
SANTALPUR,SNLR,Gujarat,WR,23.759161,71.181545,True,4,633.0
SITANAGARAM,SNM,Andhra Pradesh,,18.672547,83.375524,True,4,574.0
Soniyana Mewar,SNMR,Rajasthan,,25.080389,73.971244,False,0,645.0
Sindri Marshalling Yard,SNMY,Jharkhand,ECR,23.667035,86.46617599999999,False,0,270.0
SONEGAON,SNN,Maharashtra,,20.629319,78.709706,True,2,754.0
SOMANUR,SNO,Tamil Nadu,,11.087247,77.18638,False,0,557.0
SONIPAT,SNP,Haryana,,28.989423,77.017343,True,37,201.0
SHANKAPUR HALT,SNPH,Telangana,,18.0661191061,78.4021040503,False,0,150.0
SINGARPUR,SNPR,Rajasthan,NCR,27.116202,77.72370699999999,True,2,645.0
SANKARPUR,SNQ,Jharkhand,,24.427623,86.637552,True,4,270.0
SHYAMNAGAR,SNR,West Bengal,,22.828781,88.380423,False,0,713.0
SANWARA,SNRA,Uttar Pradesh,,25.845461,83.910076,False,0,1205.0
MUMBAI SANDHURST ROAD,SNRD,Maharashtra,CR,18.962311,72.839733,False,0,754.0
SANSARTALI,SNRL,Odisha,,19.529222,83.47977300000001,False,0,235.0
SANSARPUR,SNRR,Madhya Pradesh,WCR,23.6789703455,80.3473074512,True,4,614.0
SASNI,SNS,Uttar Pradesh,,27.7042636076,78.1224601752,False,1,1205.0
SAINAGAR SHIRDI,SNSI,Maharashtra,CR,19.7807923,74.4806877,True,22,754.0
SONSHELU,SNSL,Maharashtra,,21.274379,74.66225600000001,True,6,754.0
SONASAN,SNSN,Gujarat,WR,23.491604,72.895784,False,0,633.0
SAINTHIA,SNT,West Bengal,,23.949741,87.68120499999999,True,39,713.0
Santaldih,SNTD,West Bengal,SER,23.596660999999997,86.48312299999999,True,6,713.0
Sonthaliya,SNTH,Rajasthan,NWR,27.400358,75.531666,False,0,645.0
Santinagar Halt,SNTN,West Bengal,,23.2929742282,88.6377553125,False,0,713.0
Sangrampur,SNU,West Bengal,ER,22.224929,88.32876,False,0,713.0
Sondad,SNV,Maharashtra,SECR,21.079845,80.094149,True,4,754.0
SANVATSAR,SNVR,Maharashtra,,19.8832775017,74.56058409549999,True,5,754.0
SANEH ROAD,SNX,Uttar Pradesh,NR,29.6896522725,78.4494025903,True,4,1205.0
SONIYANA,SNYN,Rajasthan,NWR,25.123246,74.62566,False,0,645.0
Sherganj,SNZ,Uttar Pradesh,NER,28.380488999999997,79.804862,False,0,1205.0
SANOSRA,SOA,Gujarat,WR,21.748110299,71.7894786566,True,6,633.0
SOMRA BAZAR,SOAE,West Bengal,ER,23.13916,88.433032,True,2,713.0
SOJAT ROAD,SOD,Rajasthan,NWR,25.862203,73.75567199999999,True,14,645.0
Sheopur Kalan,SOE,Madhya Pradesh,NCR,25.675538,76.70038600000001,False,0,614.0
Saota,SOF,West Bengal,ER,23.4883896,87.9774454,False,0,713.0
SURATGARH JN,SOG,Rajasthan,NWR,29.324152,73.90724800000001,True,18,645.0
SOGRA,SOGR,Odisha,,22.153756,84.459478,True,4,235.0
SIROHI ROAD,SOH,Rajasthan,NWR,24.791042,73.039834,True,33,645.0
Sohal,SOHL,Punjab,NR,31.974211,75.348341,False,0,297.0
Sonaripur,SOI,Uttar Pradesh,NER,28.4746409298,80.7274215704,False,0,1205.0
SAROJINI NAGAR,SOJ,Delhi NCT,NR,28.58121,77.196287,False,0,28.0
SIHOR GUJARAT,SOJN,Gujarat,WR,21.724798000000003,71.957197,True,14,633.0
Solan,SOL,Himachal Pradesh,NR,30.907937,77.097531,True,6,55.0
SOVABAZAR-AHIRI,SOLA,West Bengal,,22.597664,88.35493799999999,False,0,713.0
SOMNA,SOM,Uttar Pradesh,,28.052674,77.948193,False,1,1205.0
Seonan Halt,SONH,Bihar,?,25.2857090393,85.01186038569999,False,0,711.0
SONI,SONI,Madhya Pradesh,NCR,26.527305,78.55522599999999,True,4,614.0
Saoner Junction,SONR,Maharashtra,SECR,21.387489,78.925046,True,6,754.0
SONWARSA HALT,SONW,Bihar,?,25.0436,85.669157,False,0,711.0
SHIUPUR,SOP,Uttar Pradesh,,25.355419,82.946972,False,1,1205.0
SONMA PRANPUR(H,SOPR,Bihar,,25.631435999999997,86.226371,False,0,711.0
SOMPUR ROAD,SOQ,Karnataka,SWR,15.421499,75.87207,False,0,416.0
SONAGIR,SOR,Madhya Pradesh,,25.730668,78.409099,True,5,614.0
SORAI,SORI,Madhya Pradesh,,23.551699,77.848219,False,0,614.0
SORO,SORO,Odisha,,21.291084,86.69253900000001,True,18,235.0
SOMESAR,SOS,Rajasthan,NWR,25.520225999999997,73.450999,True,6,645.0
Shohratgarh,SOT,Uttar Pradesh,NER,27.374711,82.96929300000001,False,0,1205.0
Supaul,SOU,Bihar,ECR,26.117557,86.603023,False,0,711.0
Suhsarai,SOW,Bihar,ECR,25.273946,85.530032,False,0,711.0
Sukrimangela,SOY,Madhya Pradesh,SECR,22.90699,79.834297,True,7,614.0
SAIDAPET,SP,Tamil Nadu,,13.02415,80.224183,False,0,557.0
SENJI PANAMBAKKAM,SPAM,Tamil Nadu,,13.093945,79.83276000000001,False,0,557.0
Sonekpur Halt,SPB,Uttar Pradesh,NR,28.630277,78.69314200000001,False,0,1205.0
Sipra Bridge,SPBG,Madhya Pradesh,,23.173483,75.757499,False,0,614.0
SPBK,SPBK,,,,,False,0,
SITAPUR CITY,SPC,Uttar Pradesh,,27.583612,80.679695,True,4,1205.0
SUPEDI,SPD,Gujarat,WR,21.7585139994,70.3763963708,False,0,633.0
SINGHPUR DUMRA,SPDM,Madhya Pradesh,NCR,25.065781416,79.8964954901,False,0,614.0
SHEOPRASADNAGER,SPDR,Chhattisgarh,SECR,23.303628,82.78985700000001,True,4,162.0
SULLURUPETA,SPE,Andhra Pradesh,,13.696463,80.018161,True,33,574.0
STUARTPURAM,SPF,Andhra Pradesh,,15.868003,80.406913,True,2,574.0
Sarai Gopal,SPGL,Uttar Pradesh,NR,25.548656,81.822277,False,0,1205.0
SRIPURIA GAON,SPGN,Assam,,27.4659128037,95.3515292572,False,0,278.0
SAMPIGE ROAD,SPGR,Karnataka,SWR,13.270203,76.760983,False,0,416.0
SHAMPURHALLI,SPHL,Karnataka,,16.87535,77.03309,False,0,416.0
SAMASTIPUR JN,SPJ,Bihar,,25.858304,85.78736,True,101,711.0
SAPEKHATI,SPK,Assam,NFR,27.110416,95.160918,True,4,278.0
SUNDARAPERUMAL KOVIL,SPL,Tamil Nadu,SR,10.941722,79.30063,False,0,557.0
SUJNIPARA,SPLE,West Bengal,ER,24.571584,88.03679699999999,True,2,713.0
SHAHJEHANPUR,SPN,Uttar Pradesh,,27.894224,79.904605,True,94,1205.0
SURPURA,SPO,Rajasthan,,27.706677000000003,73.442249,True,2,645.0
SHAHPUR PATOREE,SPP,Bihar,ECR,25.639425999999997,85.5813,True,11,711.0
SHERPUR DHIPURA,SPPA,Bihar,,25.5999397486,85.8481621063,False,0,711.0
SHUDNIPUR,SPPR,Uttar Pradesh,NR,25.626255,82.64049800000001,False,0,1205.0
SORUPETA,SPQ,Assam,,26.4996888512,91.0760593414,False,0,278.0
Sonarpur Junction,SPR,West Bengal,ER,22.443359,88.429773,False,0,713.0
Sillipur,SPRA,Rajasthan,NCR,26.081657,77.031581,False,0,645.0
SINGAPURAM ROAD,SPRD,Odisha,,19.258673,83.403066,True,18,235.0
Sitapuram Halt,SPRM,Orissa,ECoR,18.814443,83.982854,False,0,65.0
SALEMPUR HALT,SPRN,Bihar,,26.30637807,86.0816757483,False,0,711.0
Shripat Shrikhand,SPS,West Bengal,ER,,,False,0,713.0
SARPESWAR PH,SPSR,Odisha,,20.482906,85.744973,False,0,235.0
SOMPETA,SPT,Andhra Pradesh,,18.981297,84.58149999999999,True,36,574.0
Sivapur,SPV,Karnataka,SWR,13.647065,75.939298,False,0,416.0
SAPATGRAM,SPX,Assam,NFR,26.334709,90.109558,True,2,278.0
Sarsonpuri,SPY,Chhattisgarh,SECR,20.780632,81.638003,False,0,162.0
Sipaya,SPYA,Bihar,,26.564981,84.326498,False,0,711.0
SAMPLA,SPZ,Haryana,NR,28.781933,76.773299,True,11,201.0
SATTIRAKKUDI,SQD,Tamil Nadu,SR,9.400229,78.704868,False,0,557.0
SAMRLA,SQE,Maharashtra,SCR,18.921849,77.793105,True,3,754.0
SUKRITIPUR,SQF,Assam,NFR,24.913078,92.582849,False,0,278.0
Saila Khurd,SQJ,Punjab,NR,31.292874,76.07770599999999,False,0,297.0
Shankar,SQK,Punjab,NR,28.560827504028268,77.1402539871633,False,0,297.0
SONTALAI,SQL,Madhya Pradesh,WCR,22.613017999999997,77.94977499999999,True,2,614.0
SARAI KANSRAI,SQN,Uttar Pradesh,,25.516633,82.34519800000001,True,7,1205.0
SALAGAON,SQQ,Odisha,,20.56434,85.957487,False,1,235.0
SULTANPUR LODI,SQR,Punjab,NR,31.211713,75.203016,True,4,297.0
SIGSIGI,SQS,Jharkhand,,24.260567,83.853323,False,0,270.0
Sidhwalia,SQW,Bihar,NER,26.333838,84.666995,False,0,711.0
VANCHANGIRI,SQZ,Telangana,,17.9512834252,79.6671534143,False,0,150.0
SABLI ROAD,SR,Gujarat,WR,23.0348065663,71.9526427954,True,2,633.0
SEMRA,SRA,Bihar,ECR,26.711946963,84.8136981409,False,0,711.0
SIRAS,SRAS,Rajasthan,,26.2571138478,76.00108138670001,True,3,645.0
SAROBAG,SRB,Bihar,,25.273371221,86.4765552539,False,0,711.0
Saragbundia,SRBA,Chhattisgarh,SECR,22.212297,82.732324,False,1,162.0
Sarobag,SRBG,Bihar,,25.272851221,86.4760352539,False,0,711.0
SURBARI,SRBR,Gujarat,,23.231063,70.696477,False,0,633.0
SANTRAGACHI JN,SRC,West Bengal,,22.58393,88.284011,True,85,713.0
SARSADH,SRDH,Haryana,,29.184058,76.731812,False,0,201.0
Sardarshahr,SRDR,Rajasthan,NWR,28.439590510764504,74.47905756533146,False,0,645.0
SHRIMAD DWARAKAPURI,SRDW,Uttar Pradesh,NCR,27.364691,79.56963800000001,False,0,1205.0
SAHARANPUR,SRE,Uttar Pradesh,,29.960529,77.54173899999999,True,106,1205.0
SREE,SREE,Andhra Pradesh,,17.7400656,83.2537195,False,0,574.0
Sagar Jambagaru,SRF,Karnataka,SWR,14.142728,75.15471199999999,True,6,416.0
Surajgarh,SRGH,Rajasthan,NWR,28.30168415387253,75.73429978452623,False,0,645.0
SRIRANGAM,SRGM,Tamil Nadu,,10.857918,78.696348,True,27,557.0
SARAGIPALLI,SRGP,Odisha,,20.98404,84.565386,False,0,235.0
Saraygarh,SRGR,Bihar,ECR,,,False,0,711.0
SURENDRANAGAR GATE,SRGT,Gujarat,WR,22.734565,71.636053,True,6,633.0
SALMARI,SRI,Bihar,,25.6156715055,87.8375132959,True,4,711.0
SHRIDHAM,SRID,Madhya Pradesh,WCR,23.033843,79.484397,True,25,614.0
SHANKARGARH,SRJ,Madhya Pradesh,NCR,25.1813005966,81.6190324237,True,21,614.0
Suraj Kunda,SRJK,Uttar Pradesh,,26.142698000000003,81.20291900000001,False,0,1205.0
SIRJAM,SRJM,West Bengal,SER,23.403864,86.83509699999999,True,4,713.0
Sirajnagar Halt,SRJN,West Bengal,ER,23.818591,88.27076000000001,True,2,713.0
SAMRAU,SRK,Rajasthan,NWR,26.8662,72.721146,False,0,645.0
SEMARKHERI,SRKI,Madhya Pradesh,,24.288941,78.177733,True,2,614.0
Sherekan,SRKN,Rajasthan,NWR,29.55519806064484,74.43499088287354,False,0,645.0
Salar Khurd,SRKR,Bihar,,26.4473883578,84.273451449,False,0,711.0
SARKANTRA,SRKT,Odisha,,20.228282,85.79623099999999,False,0,235.0
SAROLA,SRL,Maharashtra,,18.947656,74.64829499999999,True,6,754.0
Sarna,SRM,Punjab,NR,32.252678,75.57852799999999,False,0,297.0
Semraon,SRMN,Bihar,ECR,25.395161271299997,84.52704197999999,False,0,711.0
Sirsi Mukhdumpr,SRMP,Uttar Pradesh,NR,28.633209,78.635169,False,0,1205.0
SRIRAMPURAM,SRMR,Telangana,,17.1172617982,79.212404903,True,2,150.0
Sirmuttra,SRMT,Rajasthan,NCR,26.518904,77.375168,False,0,645.0
Soron,SRN,Uttar Pradesh,NER,27.883694,78.748798,False,0,1205.0
Soron,SRNK,Uttar Pradesh,NER,27.883353999999997,78.748458,False,0,1205.0
SRIRAMNAGAR,SRNR,Telangana,,16.306568,77.865894,True,7,150.0
SARNATH,SRNT,Uttar Pradesh,NER,25.375998,83.032634,True,5,1205.0
SIRATHU,SRO,Uttar Pradesh,,25.650642,81.31786,True,9,1205.0
SERAMPORE,SRP,West Bengal,,22.753967999999997,88.338031,True,10,713.0
SRIRAMPUR ASSAM,SRPB,Assam,,26.4269150632,89.903914613,False,0,278.0
SWARUPGANJ,SRPJ,Rajasthan,NWR,24.6581702628,72.9319259351,True,4,645.0
SIRIPURAM,SRPM,Andhra Pradesh,,16.412602999999997,80.295123,True,4,574.0
SARUPSAR JN,SRPR,Rajasthan,NWR,29.353194,73.694891,False,0,645.0
SRIPUR HALT,SRPU,West Bengal,,25.2570761576,88.0440169482,False,0,713.0
SHORANUR JN,SRR,Kerala,,10.758855,76.27219600000001,True,112,183.0
SHORANUR B CABIN,SRRB,Kerala,,10.759868,76.271,False,0,183.0
SURERGOTH,SRRG,Rajasthan,NWR,27.18282,76.605353,True,2,645.0
Sarsi,SRSI,Bihar,ECR,25.86331602863504,87.28521798737347,False,0,711.0
Sirsala,SRSL,Rajasthan,NWR,28.4266753002,75.1294882373,False,0,645.0
Sarsoo,SRSO,Bihar,,24.9197820804,85.35368317140001,False,0,711.0
SATUR,SRT,Tamil Nadu,SR,9.357545,77.92156999999999,True,51,557.0
Soorothee,SRTE,Rajasthan,NCR,26.657818,77.70277399999999,False,0,645.0
SHERTALAI,SRTL,Kerala,,9.690992,76.325151,True,29,183.0
SIBSAGAR TOWN,SRTN,Assam,NFR,26.989968,94.643517,True,6,278.0
SALEMPUR JN,SRU,Uttar Pradesh,NER,26.298048,83.923271,True,15,1205.0
SIRPUR TOWN,SRUR,Telangana,,19.479063,79.560418,True,3,150.0
Sravanur,SRVN,Karnataka,SWR,12.743443,76.355604,False,0,416.0
SIRUVATTUR,SRVT,Tamil Nadu,,11.636294,78.943922,False,0,557.0
SURAVALI,SRVX,Goa,KR,15.291947,73.939328,False,0,21.0
Shri Karanpur,SRW,Rajasthan,NWR,29.844419,73.458716,True,2,645.0
SARASWATINAGAR,SRWN,Chhattisgarh,,21.251382,81.603905,True,2,162.0
SURA NUSSI,SRX,Punjab,,31.380553,75.541964,False,1,297.0
SIRARI,SRY,Bihar,ECR,25.132853,85.952587,True,2,711.0
SARDARGARH,SRZ,Rajasthan,NWR,29.364244000000003,73.740791,False,0,645.0
SHIRSOLI,SS,Maharashtra,,20.932994,75.507613,False,0,754.0
Sirsa,SSA,Haryana,NWR,29.539153,75.034944,True,6,201.0
SHAKURBASTI,SSB,Delhi NCT,NR,28.680227328700003,77.1299115857,True,31,28.0
Shahi,SSC,Uttar Pradesh,NER,28.588173,79.69100300000001,False,0,1205.0
SHAMSABAD,SSD,Uttar Pradesh,,27.469911999999997,79.438167,False,0,1205.0
Sirsuphal,SSF,Maharashtra,CR,18.306268,74.572957,True,2,754.0
SHIU SAGAR ROAD,SSG,Bihar,,24.999464999999997,83.895453,False,0,711.0
SURSARAIGHAT JH,SSGJ,Madhya Pradesh,WCR,24.023428,82.124918,False,0,614.0
Sisai Gulabrai,SSGR,Uttar Pradesh,,26.282385,83.776865,False,0,1205.0
Shirsai,SSI,Maharashtra,CR,18.314696,74.578044,False,0,754.0
SUISA,SSIA,West Bengal,,23.196775,85.909013,True,2,713.0
SISARKA,SSKA,Uttar Pradesh,NR,28.431279,78.846279,True,2,1205.0
Suskal,SSKL,Gujarat,?,22.316377000000003,73.806077,False,0,633.0
SIRSAUL,SSL,Uttar Pradesh,,26.297301,80.462852,False,0,1205.0
SASARAM,SSM,Bihar,,24.955926,84.019423,True,57,711.0
SASON,SSN,Odisha,,21.5595350543,84.03917034669999,True,2,235.0
SREE SARADANAGAR HALT,SSNH,Karnataka,SWR,13.260739,76.454627,False,0,416.0
Satsang Nagar Halt,SSNR,Jharkhand,ER,24.49030743,86.68168063,False,0,270.0
SHAHEED S N SINGH HALT,SSNS,Bihar,,26.2010198369,86.04289692260001,False,0,711.0
Santoshpur,SSP,West Bengal,ER,22.524414,88.272502,False,0,713.0
Sadashivapet Road,SSPD,Andhra Pradesh,SCR,17.4835646427,77.8728203638,True,2,574.0
Satish Samanta P.H.,SSPH,West Bengal,?,22.194485,87.987567,False,0,713.0
SATYA SAI P NILAYAM,SSPN,Andhra Pradesh,,14.160468,77.757559,True,28,574.0
SADASHIBAPUR,SSPR,Odisha,,20.735286,85.504693,False,0,235.0
SARERI,SSR,Rajasthan,NWR,25.697556,74.624105,True,2,645.0
Shasan Road,SSRD,West Bengal,ER,22.346539999999997,88.434523,False,0,713.0
SHASAN HALT,SSRH,Bihar,,25.685978,86.19704200000001,False,0,711.0
Sasa Musa,SSU,Bihar,,26.527558,84.357082,False,0,711.0
SASVAD ROAD,SSV,Maharashtra,CR,18.4732023111,73.9546461121,False,0,754.0
SARSAWA,SSW,Uttar Pradesh,,30.024226,77.42396000000001,False,0,1205.0
SADDA SINGHWALA,SSZ,Punjab,NR,30.0282558081,75.32479556150001,False,0,297.0
SURAT,ST,Gujarat,,21.206568,72.840793,True,265,633.0
SATNA,STA,Madhya Pradesh,WCR,24.568619,80.827717,True,137,614.0
Shantipur,STB,West Bengal,ER,23.262661,88.435028,False,0,713.0
Sitabanji,STBJ,Orissa,ECoR,21.500203,85.79053,True,2,65.0
SANTA CRUZ,STC,Maharashtra,WR,19.082018,72.84133899999999,False,0,754.0
Satrod,STD,Haryana,NWR,29.108936,75.82118,True,4,201.0
SITAFALMANDI B,STDB,Telangana,,17.428299000000003,78.52024899999999,False,0,150.0
Satadhar,STDR,Gujarat,WR,21.283916,70.721182,False,0,633.0
Sagarkatte,STE,Karnataka,SWR,12.423381704,76.4788766602,False,0,416.0
Sikta,STF,Bihar,ECR,27.024365,84.680541,False,0,711.0
Sethal,STH,Uttar Pradesh,NER,28.543189,79.56736599999999,False,0,1205.0
SATHAJAGAT,STJT,Bihar,,25.6310072698,85.86778899539999,False,1,711.0
SASTHANKOTTA,STKT,Kerala,,9.0323103106,76.59888294679999,True,12,183.0
Sultanpur Kalia,STKW,Haryana,,28.4605176414,76.8692637848,False,0,201.0
SIMULTALA,STL,Bihar,,24.713365,86.541782,True,17,711.0
Sitalpur Bengal,STLB,West Bengal,,21.774098,87.672822,False,0,713.0
SITHOULI,STLI,Madhya Pradesh,,26.145594,78.18700399999999,False,0,614.0
SITALPUR,STLR,Bihar,,25.76874,85.03663800000001,True,4,711.0
ST THOMAS MOUNT,STM,Tamil Nadu,,12.994906,80.199392,False,0,557.0
SITARAMPUR,STN,West Bengal,,23.723864,86.896472,True,19,713.0
Sitarampur Link Cabin,STNC,West Bengal,,23.745854,86.885648,False,0,713.0
Satnali,STNL,Haryana,NWR,28.382338,75.966232,False,0,201.0
Sitalnagar,STNR,Rajasthan,,28.04419,74.245042,False,0,645.0
SITAPUR,STP,Uttar Pradesh,NER,27.558728,80.697762,True,3,1205.0
SITAFAL MANDI,STPD,Telangana,,17.428339,78.520289,True,3,150.0
S NARAYANAPURAM,STPM,Andhra Pradesh,SCR,16.525488,80.647908,False,0,574.0
SITAMPET,STPT,Andhra Pradesh,,16.797409,81.211206,True,3,574.0
SATARA,STR,Maharashtra,CR,17.688361,74.063727,True,40,754.0
SITAPUR KUTCHERY HALT,STRK,Uttar Pradesh,,27.5646029424,80.6871628082,False,0,1205.0
SITARAMAPURAM,STRM,Andhra Pradesh,,16.4747594276,79.9255021252,False,0,574.0
SHAITAN SINGH NAGAR,STSN,Rajasthan,NWR,27.052218,72.468139,False,1,645.0
SATULUR,STUR,Andhra Pradesh,,16.254465,80.13881099999999,True,6,574.0
SATYAVADA,STVA,Andhra Pradesh,SCR,16.799851999999998,81.66986,False,0,574.0
SAHATWAR,STW,Bihar,,25.827831,84.295491,True,10,711.0
Satraon,STZ,Uttar Pradesh,NER,26.283587,83.82137900000001,False,0,1205.0
SARDIHA,SUA,West Bengal,,22.380612,87.12364500000001,True,2,713.0
HUBLI SOUTH,SUBL,Karnataka,,15.332581,75.17639000000001,False,0,416.0
Subhagpur,SUBR,Uttar Pradesh,NER,27.26251,82.01764299999999,False,0,1205.0
Sunak,SUC,Gujarat,,23.604089,73.209986,False,0,633.0
SUCHINDRAM,SUCH,Tamil Nadu,SR,8.149479,77.466792,False,0,557.0
SUDHANI,SUD,Bihar,,25.727853611399997,87.87948867189999,True,6,711.0
SUMMADEVI,SUDV,Andhra Pradesh,,18.808897,84.467259,False,0,574.0
SESAPANI,SUF,Assam,,26.386182,90.225701,False,0,278.0
SULEHALLI,SUH,Karnataka,,17.0804109748,77.05225732059999,True,3,416.0
Sui,SUI,Haryana,,28.8992313011,76.0614295142,False,0,201.0
SURAINCHA,SUIA,Uttar Pradesh,NER,27.33652,80.830108,False,0,1205.0
SARJU,SUJ,Uttar Pradesh,,27.111885,81.648076,False,0,1205.0
Sujangarh,SUJH,Rajasthan,NWR,27.708763,74.463659,True,8,645.0
SUJRA,SUJR,Uttar Pradesh,NR,29.012729,77.26134099999999,False,0,1205.0
SUKHPUR,SUK,Gujarat,,23.014848,71.243815,False,0,633.0
Suku,SUKU,Orissa,ECoR,18.714329,82.726061,True,2,65.0
SULADHAL,SUL,Karnataka,SWR,16.001728105999998,74.67814298520001,False,1,416.0
Sulhani,SULH,Punjab,NR,30.871949,74.865129,False,0,297.0
SUMMIT,SUM,Maharashtra,,20.2117506011,74.3431299774,False,0,754.0
SUMER,SUMR,Madhya Pradesh,,23.624616,77.879427,True,2,614.0
Sune,SUNE,Gujarat,,22.753791000000003,71.644706,False,0,633.0
SUNAMAI HALT,SUNM,Uttar Pradesh,NR,28.097372,78.22052500000001,False,0,1205.0
SURENDRANAGAR,SUNR,Gujarat,WR,22.7443,71.630056,True,77,633.0
Surendra Nagar (W) Cabin,SUNW,Gujarat,,22.734875,71.636363,False,0,633.0
Srungavarapukota,SUP,Andhra Pradesh,ECoR,18.116239,83.132531,True,2,574.0
Surajpur,SUPR,Haryana,,30.782451,76.888897,False,0,201.0
SOLAPUR JN,SUR,Maharashtra,,17.664496,75.893401,True,100,754.0
SIURI,SURI,West Bengal,ER,23.890185,87.5327,True,20,713.0
SURELI,SURL,Rajasthan,,26.118939,76.077102,True,2,645.0
Suratpura,SURP,Rajasthan,NWR,28.661958,75.406758,False,0,645.0
Surera,SURR,Rajasthan,NWR,,,False,0,645.0
SUTLANA,SUT,Rajasthan,NWR,25.970783,72.951414,False,0,645.0
SULUR ROAD,SUU,Tamil Nadu,,11.049634,77.11729,False,0,557.0
SUKHISEWANIYAN,SUW,Madhya Pradesh,,23.34076,77.48596599999999,True,2,614.0
SUDIYUR,SUX,Tamil Nadu,SR,9.602939,78.48234500000001,False,0,557.0
SIWAN JN,SV,Bihar,,26.210724000000003,84.359267,True,61,711.0
SUWASRA,SVA,Madhya Pradesh,,24.069844,75.64834400000001,True,15,614.0
Savni,SVB,Gujarat,WR,20.994517,70.471495,False,0,633.0
Siwan Kachari,SVC,Bihar,NER,26.226705,84.34871700000001,False,0,711.0
SARWARI,SVD,Maharashtra,SCR,19.764637,75.93969899999999,True,6,754.0
Sivadevunichkla,SVDC,Andhra Pradesh,SCR,16.535628999999997,81.65894399999999,False,0,574.0
S M V D KATRA,SVDK,Kashmir,,32.982814,74.935736,True,18,4.0
SRI VENKATAPERU,SVF,Andhra Pradesh,,13.511599,79.514324,False,0,574.0
SAWALGI,SVG,Karnataka,,17.339489999999998,76.71113700000001,True,2,416.0
Sivaganga,SVGA,Tamil Nadu,SR,9.85297,78.49906899999999,True,14,557.0
Shrivagilu,SVGL,Karnataka,,12.755498,75.584174,False,0,416.0
Sonadanga,SVH,West Bengal,ER,23.636393,88.354092,True,4,713.0
SISVINHALLI,SVHE,Karnataka,SWR,15.4300360491,75.3193615509,True,8,416.0
SAGARPALI,SVI,Bihar,,25.758015,84.098657,False,0,711.0
SHIVAJINAGAR,SVJR,Maharashtra,,18.531738,73.851147,True,22,754.0
SIVARAKOTTAI,SVK,Tamil Nadu,,9.738428,77.986107,False,0,557.0
SAVAR KUNDLA,SVKD,Gujarat,WR,21.335082,71.31266699999999,True,2,633.0
SIVAKASI,SVKS,Tamil Nadu,,9.463321,77.78924400000001,True,2,557.0
Sevaliya,SVL,Gujarat,WR,22.807897,73.344328,False,0,633.0
SANVERDAM CHUCH,SVM,Goa,SWR,15.264064,74.10866,True,14,21.0
SIVUNGAON,SVN,Maharashtra,SCR,19.1086533083,77.54447048829999,True,6,754.0
SAVANUR,SVNR,Karnataka,SWR,14.9617089325,75.4063188531,True,2,416.0
Sanvrad,SVO,Rajasthan,NWR,27.521887,74.518574,False,0,645.0
SHIVPURI,SVPI,Madhya Pradesh,WCR,25.438444,77.638246,True,18,614.0
S VENKTESWRPALM,SVPM,Andhra Pradesh,,14.806671,79.982262,True,2,574.0
SRIVILLIPUTTUR,SVPR,Tamil Nadu,,9.497497,77.64494,True,2,557.0
SIVOK,SVQ,West Bengal,NFR,26.880144,88.468742,False,0,713.0
SEVVAPET ROAD,SVR,Tamil Nadu,,13.124997,79.96668799999999,False,0,557.0
SHIVANARAYANPUR,SVRP,Bihar,,25.2937259592,87.3330938318,True,6,711.0
Srinivaspur,SVS,Karnataka,,13.328283,78.206169,False,0,416.0
SHIVPURA,SVT,Madhya Pradesh,,23.2563508677,76.0076378418,True,3,614.0
SHIVATHAN,SVTN,Karnataka,,15.477666,74.518905,False,0,416.0
SEVUR,SVUR,Tamil Nadu,,12.971785,79.189821,False,0,557.0
Srivaikuntam,SVV,Tamil Nadu,SR,8.622475999999999,77.906323,True,2,557.0
SHIVNI SHIVAPUR,SVW,Maharashtra,SCR,20.674328,77.048971,False,0,754.0
SAVARDA,SVX,Maharashtra,KR,17.405007,73.515528,True,6,754.0
SARAI HARKHU,SVZ,Uttar Pradesh,,25.835891,82.506309,False,0,1205.0
SEHRAMAU,SW,Uttar Pradesh,NER,28.360763,80.296582,False,0,1205.0
SAHJANWA,SWA,Uttar Pradesh,,26.763075,83.2147,True,11,1205.0
SEWAR,SWAR,Rajasthan,WCR,27.177901,77.425499,False,0,645.0
SHIVRAMPUR,SWC,Uttar Pradesh,NCR,25.219375000000003,80.82678299999999,True,3,1205.0
Sanawad,SWD,Madhya Pradesh,WR,22.17581,76.074567,True,4,614.0
SIWAHA,SWDE,Haryana,NR,29.340294,76.456292,False,0,201.0
SIWAITH,SWE,Uttar Pradesh,NR,25.577038,81.86926100000001,True,4,1205.0
SATHIN ROAD,SWF,Rajasthan,,26.48978,73.509748,True,4,645.0
Sidhwan,SWG,Punjab,NR,31.095558,75.54695000000001,False,0,297.0
SWAMIMALAI,SWI,Tamil Nadu,SR,10.942234,79.32878500000001,False,0,557.0
SAWAI MADHOPUR,SWM,Rajasthan,,26.018279,76.35622,True,126,645.0
Sawai Madhopur D,SWMD,Rajasthan,,26.023662,76.362376,False,0,645.0
Siwani,SWNI,Rajasthan,NWR,28.9148353709,75.6040669287,False,1,645.0
SEWA NAGAR,SWNR,Delhi NCT,NR,28.579299,77.22770799999999,False,0,28.0
Sonwara,SWO,Himachal Pradesh,NR,30.894075,77.004229,True,2,55.0
SEWAPURI,SWPR,Uttar Pradesh,,25.35077,82.76954900000001,True,11,1205.0
Sangwi,SWQ,Maharashtra,CR,,,False,0,754.0
SONUA,SWR,Jharkhand,,22.576498,85.464081,True,10,270.0
SAHAWAR TOWN,SWRT,Uttar Pradesh,,27.794835,78.831344,False,0,1205.0
SUWANSA,SWS,Uttar Pradesh,,25.698842000000003,82.14656199999999,False,1,1205.0
Shivwala Tehu,SWT,Uttar Pradesh,,27.382935,78.224585,False,0,1205.0
SANAURA,SWU,Punjab,,31.579622,75.64132599999999,False,0,297.0
SAWANTWADI ROAD,SWV,Maharashtra,KR,15.866512,73.785308,True,18,754.0
Shahanagar Timarua,SWW,Uttar Pradesh,NCR,27.416457,78.25971,False,0,1205.0
Saidanwala,SWX,Punjab,NR,30.917223,74.679664,False,0,297.0
SAGPHATA,SXA,Madhya Pradesh,,21.574033,76.392141,False,0,614.0
SAMBRE,SXB,Karnataka,SWR,15.891068,74.593121,False,0,416.0
Sondalia,SXC,West Bengal,ER,22.682186,88.58227500000001,False,0,713.0
SIDULI,SXD,West Bengal,,23.6493523213,87.21232632290001,False,0,713.0
SILA KHERI HALT,SXE,Haryana,NR,29.389883,76.612939,False,0,201.0
SOBHAPUR,SXF,Madhya Pradesh,WCR,22.727429,78.29188099999999,False,0,614.0
SHAJAHANPURCORT,SXK,Uttar Pradesh,,27.890862,79.913517,False,0,1205.0
SONAKHAN,SXN,Odisha,,22.166579,84.519562,True,4,235.0
SRIKONA,SXO,Assam,,24.837109,92.71008,False,0,278.0
SANKOPARA,SXP,West Bengal,ER,24.7176851264,87.9344515665,True,2,713.0
SUAHERI,SXQ,Uttar Pradesh,,29.436815999999997,78.19083099999999,False,0,1205.0
SERNDANUR,SXR,Tamil Nadu,SR,11.869105,79.518251,False,0,557.0
SHOBHASAN,SXS,Gujarat,WR,23.542306999999997,72.394212,False,0,633.0
SALEM TOWN,SXT,Tamil Nadu,,11.660046,78.162096,True,4,557.0
Suku,SXV,Odisha,,18.715021,82.726431,False,0,235.0
SALBARI,SXX,West Bengal,,26.5460609943,89.10552673400001,False,0,713.0
SIRKAZHI,SY,Tamil Nadu,SR,11.240305,79.726353,True,26,557.0
SALAIA,SYA,Madhya Pradesh,,23.8460764217,79.96911659119999,True,5,614.0
LILUAH (SORTING YARD),SYAE,West Bengal,,22.609028,88.336795,False,0,713.0
SARAI CHANDI,SYC,Uttar Pradesh,NR,25.5394209652,81.97958463810001,True,3,1205.0
Sindewahi,SYE,Maharashtra,SECR,20.2955,79.668805,False,0,754.0
Semai,SYF,Madhya Pradesh,NCR,26.282698,77.516308,False,0,614.0
SAIYEDPUR BHTRI,SYH,Uttar Pradesh,NER,25.539724,83.23297400000001,False,0,1205.0
SAIDRAJA,SYJ,Uttar Pradesh,,25.253531,83.35118,True,8,1205.0
SAIDKHANPUR,SYK,Uttar Pradesh,,26.89846,81.462176,False,0,1205.0
SALPURA,SYL,Rajasthan,WCR,24.773701,76.733005,True,4,645.0
SAVALYAPURAM,SYM,Andhra Pradesh,,16.102801,79.81953,True,5,574.0
SAYAN,SYN,Gujarat,,21.317203,72.890287,True,8,633.0
SIROLIYA,SYO,Madhya Pradesh,,23.30556,76.225424,False,0,614.0
SINHAN,SYQ,Gujarat,WR,22.2346247943,69.7297354559,True,2,633.0
SARAYAN,SYU,Uttar Pradesh,,27.396332,81.042877,False,0,1205.0
SINDURWA,SYW,Uttar Pradesh,,26.492121,81.56944,False,0,1205.0
SAIYID SARAWAN,SYWN,Uttar Pradesh,,25.494982,81.613788,True,3,1205.0
SONAI,SYZ,Uttar Pradesh,,27.570504,77.88736,False,0,1205.0
SALAWAS,SZ,Rajasthan,NWR,26.1399574447,73.01452424259999,True,2,645.0
SAROTRA ROAD,SZA,Gujarat,NWR,24.377144,72.592045,True,2,633.0
SARONA CABIN,SZB,Chhattisgarh,,21.2532719083,81.5736163281,True,2,162.0
SONARDIH,SZE,Jharkhand,,23.7915,86.265063,False,0,270.0
SATBAHINI,SZF,Jharkhand,,24.386582,83.84911,False,0,270.0
Saonga Halt,SZH,Madhya Pradesh,SECR,21.520105,78.871166,True,4,614.0
SUR KHAND KA KHEDA,SZK,Rajasthan,NWR,24.118095,73.879823,False,0,645.0
SUBZI MANDI,SZM,NCT,,28.668683,77.199696,True,36,18.0
Shahbaznagar,SZN,Uttar Pradesh,NER,27.928906,79.88703000000001,False,0,1205.0
Shahjahanpur,SZP,Uttar Pradesh,NER,27.893402,79.904536,False,0,1205.0
SARUPATHAR,SZR,Assam,NFR,26.195595,93.862021,True,12,278.0
Sivadi,SZV,Tamil Nadu,SWR,12.039872,78.118844,False,0,557.0
Silak Jhori,SZY,Chhattisgarh,ECoR,18.982188,81.672904,True,2,162.0
SABIRA,SZZ,Odisha,,21.236882,86.62923699999999,False,0,235.0
TANUR,TA,Kerala,SR,10.97954,75.880597,True,18,183.0
TADLA PUSAPALLI,TAA,Andhra Pradesh,SCR,17.626312868499998,79.9541837128,True,2,574.0
Talaburu,TABU,Jharkhand,SER,22.358169,85.75594199999999,False,0,270.0
TATICHERLA,TAC,Andhra Pradesh,,14.7483502106,77.59500059450001,True,4,574.0
TADA,TADA,Andhra Pradesh,,13.587948,80.035435,False,0,574.0
TADALI,TAE,Maharashtra,,20.034835,79.187503,True,2,754.0
Tarakeswar,TAK,West Bengal,ER,22.882582,88.013437,False,0,713.0
Takal,TAKL,Madhya Pradesh,,21.649222,76.542513,False,1,614.0
TAKU,TAKU,Madhya Pradesh,,22.5155599418,77.8158087866,True,2,614.0
TALLA,TALA,West Bengal,,22.606458,88.37956299999999,False,0,713.0
TALL JN,TALL,Bihar,,25.3787000521,85.9546829749,False,0,711.0
Tilaivilagam,TAM,Tamil Nadu,SR,,,False,0,557.0
TARANA ROAD,TAN,Madhya Pradesh,,23.264582,76.06701699999999,True,15,614.0
TAMNA,TAO,West Bengal,,23.268988,86.352313,True,2,713.0
TAPANG,TAP,Odisha,,20.052879,85.580989,False,0,235.0
TAPA,TAPA,Punjab,NR,30.302839,75.366053,True,16,297.0
THARSA,TAR,Maharashtra,,21.256602,79.41467,True,2,754.0
Thasra,TAS,Gujarat,WR,22.797769,73.221682,False,0,633.0
Tummanamgutta,TAT,Andhra Pradesh,SCR,13.707414,78.37926300000001,True,2,574.0
TATANAGAR JN,TATA,Jharkhand,,22.768954,86.20056000000001,True,95,270.0
TATI,TATI,Odisha,,22.558382,84.918457,False,0,235.0
Talala Junction,TAV,Gujarat,WR,21.04184,70.522164,False,0,633.0
TALAIYUTHU,TAY,Tamil Nadu,SR,8.7841938937,77.72944226749999,False,0,557.0
TARGAON,TAZ,Maharashtra,CR,17.514242,74.155817,True,5,754.0
Tharbitia,TB,Bihar,ECR,26.218533,86.657383,False,0,711.0
Timba Road,TBA,Gujarat,WR,22.781628,73.385859,False,0,633.0
TRIBENI,TBAE,West Bengal,ER,22.990357999999997,88.398096,True,2,713.0
TILBHITA,TBB,West Bengal,,24.677287999999997,87.842581,False,0,713.0
Telibandha,TBD,Chhattisgarh,SECR,21.235642,81.67053,False,0,162.0
TARCHERRA BRLRM,TBL,Rajasthan,,27.205008000000003,77.104134,False,0,645.0
TAMBARAM,TBM,Tamil Nadu,,12.9260356894,80.1191573807,True,60,557.0
TAMBARAM SANATORIUM,TBMS,Tamil Nadu,,12.937978,80.131614,False,0,557.0
TIMARNI,TBN,Madhya Pradesh,WCR,22.375860000000003,77.2294,True,15,614.0
Taiabpur,TBR,Bihar,,26.392839,88.154497,True,2,711.0
TALBAHAT,TBT,Madhya Pradesh,,25.039255,78.414552,True,10,614.0
THANA BHAWAN TN,TBTN,Uttar Pradesh,NR,29.58113,77.402047,False,0,1205.0
THARBAN,TBU,Maharashtra,,19.268289,77.671001,False,0,754.0
TIMBARVA,TBV,Gujarat,,21.146312,73.144398,True,5,633.0
Tilbhum,TBX,Tripura,NFR,24.465833,92.245466,False,0,17.0
Tiruchchuli,TCH,Tamil Nadu,,9.537360695,78.19753187,False,0,557.0
TYAKAL,TCL,Karnataka,,12.984096,78.070518,True,2,416.0
Tiruchendur,TCN,Tamil Nadu,SR,8.501774,78.117118,True,2,557.0
TIRUCHANUR,TCNR,Andhra Pradesh,,13.6313,79.455703,False,0,574.0
THRISUR,TCR,Kerala,,10.51479,76.207919,True,149,183.0
Tiruchitrambalam,TCT,Tamil Nadu,SR,,,False,0,557.0
TADEPALLIGUDEM,TDD,Andhra Pradesh,,16.809960999999998,81.526314,True,69,574.0
Tindharia,TDH,West Bengal,NFR,26.851551,88.332848,False,1,713.0
TADUKU,TDK,Andhra Pradesh,,13.502045,79.526498,False,0,574.0
TUNDLA JN,TDL,Uttar Pradesh,,27.207747,78.233285,True,99,1205.0
TILDANGA,TDLE,West Bengal,,24.786749,87.873801,True,4,713.0
TIRUPARANKNDRM,TDN,Tamil Nadu,,9.879447,78.065958,True,4,557.0
TANDA URMAR,TDO,Punjab,NR,31.672179,75.637595,True,18,297.0
TODARPUR,TDP,Uttar Pradesh,,27.579601,80.020029,True,2,1205.0
Todikkapulam Halt,TDPM,Kerala,SR,11.153244,76.268569,False,0,183.0
TIRUPADRIPULYUR,TDPR,Tamil Nadu,SR,11.748883,79.753349,True,22,557.0
TIRUVIDAIMARUTHUR,TDR,Tamil Nadu,SR,10.990634,79.453706,False,0,557.0
TANDUR,TDU,Telangana,,17.25044,77.585037,True,34,150.0
THONDEBHAVI,TDV,Karnataka,,13.503502999999998,77.51457300000001,True,2,416.0
TANDWAL,TDW,Haryana,,30.23388,76.98871199999999,False,0,201.0
Taregna,TEA,Bihar,ECR,25.3552301906,85.038112915,True,14,711.0
TIRBEDIGANJ,TEG,Uttar Pradesh,,26.667533,81.281105,False,0,1205.0
Tekkali Halt,TEK,Andhra Pradesh,ECoR,18.605282,84.231178,False,0,574.0
TENALI JN,TEL,Andhra Pradesh,,16.242409000000002,80.640413,True,89,574.0
TELI,TELI,Tamil Nadu,,11.933094,79.405133,False,0,557.0
TELO,TELO,Jharkhand,,23.811038,86.13389199999999,False,1,270.0
Telia,TELY,Bihar,?,24.8058876,87.0262456,False,0,711.0
TIRUNELVELI,TEN,Tamil Nadu,SR,8.73636,77.707979,True,50,557.0
TEEGAON,TEO,Madhya Pradesh,,21.637046,78.460308,False,0,614.0
Tempa,TEP,Maharashtra,SECR,20.678242,79.60522300000001,False,0,754.0
THAIR,TER,Maharashtra,CR,18.352916,76.15003700000001,False,0,754.0
Terha Halt,TERH,Bihar,,25.995645525199997,84.8493670618,False,0,711.0
TETULMARI,TET,Jharkhand,,23.814441,86.34357,True,4,270.0
TELTA,TETA,West Bengal,,25.806579,87.84221,True,6,713.0
Tufanganj,TFGN,West Bengal,,26.303308,89.667639,True,2,713.0
TEGHRA,TGA,Bihar,,25.51102,85.941774,True,4,711.0
Tangarbasuli,TGB,Jharkhand,SER,23.3740319962,85.0638054443,False,0,270.0
THANGUNDI,TGDE,Karnataka,,16.803814,77.068276,False,0,416.0
THEKERAGURI,TGE,Assam,NFR,26.199171,92.403859,True,2,278.0
TITAGARH,TGH,West Bengal,,22.74168,88.37405700000001,False,0,713.0
TUGGALI,TGL,Andhra Pradesh,SCR,15.310975,77.53014599999999,True,4,574.0
TANGARMUNDA,TGM,Odisha,,22.09407,84.35861200000001,True,4,235.0
TALEGAON,TGN,Maharashtra,,18.734829,73.67201399999999,True,12,754.0
TULJAPUR,TGP,Maharashtra,,20.800701,78.808237,True,2,754.0
TENGANMADA,TGQ,Chhattisgarh,,22.507027,81.99575,True,8,162.0
BLOCK AND CATCH SIDING CABINE NO.2,TGR2,Maharashtra,,19.701406,73.499954,False,0,754.0
BLOCK AND CATCH SIDING CABINE NO.3,TGR3,Maharashtra,,19.674468,73.485951,False,0,754.0
Tangiriapal,TGRL,Orissa,ECoR,21.164083,85.925812,True,2,65.0
TINAI GHAT,TGT,Karnataka,SWR,15.449132,74.404471,False,0,416.0
TARIGOPPULA,TGU,Andhra Pradesh,SCR,16.485676,80.836307,True,3,574.0
TINICH,TH,Uttar Pradesh,,26.882281000000003,82.639707,False,0,1205.0
Tehta,THA,Bihar,ECR,25.1130684669,84.98502287230001,True,2,711.0
THAN JN,THAN,Gujarat,WR,22.57896,71.20653300000001,True,21,633.0
THANA BIHPUR JN,THB,Bihar,,25.393571,86.934758,True,19,711.0
THANA BHAWAN,THBN,Uttar Pradesh,NR,29.5926632114,77.4104337677,False,0,1205.0
THANDLA RD,THDR,Madhya Pradesh,,23.032708,74.666939,True,8,614.0
Thawe Junction,THE,Bihar,NER,26.438991,84.394398,True,4,711.0
Thalera,THEA,Rajasthan,WCR,25.3152769684,75.73774364929999,False,0,645.0
TAUHEED,THED,West Bengal,,26.0849205699,87.9308854236,False,0,713.0
TALHERI BUZURG,THJ,Uttar Pradesh,NR,29.766916,77.64430899999999,False,0,1205.0
THAKRULI,THK,Maharashtra,,19.225768,73.09767799999999,False,0,754.0
Thallak,THKU,Karnataka,SWR,14.450854,76.675366,True,2,416.0
TIRUVALAM,THL,Tamil Nadu,,12.974779,79.245745,False,0,557.0
THALYAT HAMIRA,THM,Rajasthan,NWR,26.992726,71.077426,False,0,645.0
THATHANA MITHRI,THMR,Rajasthan,,27.055138194,74.8979728705,True,2,645.0
TOLAHUNSE,THN,Karnataka,SWR,14.399208,75.964562,False,0,416.0
TULIN,THO,West Bengal,,23.378363,85.902125,False,0,713.0
Taherpur,THP,West Bengal,ER,23.259379000000003,88.54311899999999,True,4,713.0
TIPPAPUR,THPR,Andhra Pradesh,SCR,18.1941221367,78.3773798279,False,0,574.0
Thara,THR,Madhya Pradesh,NCR,26.3568878952,77.8507402155,False,0,614.0
THANSIT,THS,Maharashtra,,19.549981,73.35181299999999,False,0,754.0
THANISANDRA,THSA,Karnataka,,13.0578558367,77.6355093567,False,0,416.0
THURIA,THUR,Madhya Pradesh,,23.833165,75.55457,True,3,614.0
THERUBALI,THV,Odisha,,19.335826,83.42130900000001,True,18,235.0
THIVIM,THVM,Goa,KR,15.62955,73.87610400000001,True,24,21.0
THARWAI,THW,Uttar Pradesh,NR,25.5392188568,81.91469331479999,False,0,1205.0
TOVALAI,THX,Tamil Nadu,SR,8.2282578413,77.5062158319,False,0,557.0
THADI,THY,Andhra Pradesh,,17.686438000000003,83.06429200000001,True,2,574.0
Takazhi,THZI,Kerala,SR,,,False,0,183.0
TIRUNINRAVUR,TI,Tamil Nadu,,13.123744,80.026949,False,0,557.0
TILAYA,TIA,Bihar,ECR,24.821998,85.401101,True,2,711.0
Tibi,TIBI,Rajasthan,NWR,29.54286582323833,74.50160639360547,False,0,645.0
TIMMACHIPURAM,TIC,Tamil Nadu,SR,10.952368,78.37531,False,0,557.0
TAGDI,TID,Gujarat,WR,22.296445,71.948621,False,0,633.0
TITLAGARH,TIG,Odisha,,20.284399,83.154382,True,58,235.0
TIHU,TIHU,Assam,,26.471321,91.267699,True,2,278.0
Tingrai,TII,Assam,NFR,27.464468,95.535143,False,0,278.0
Tik,TIK,Haryana,NR,29.8508008993,76.52731516850001,False,0,201.0
TILRATH,TIL,Bihar,ECR,25.441179,86.06853100000001,False,0,711.0
TIMMANACHERLA,TIM,Andhra Pradesh,,15.163466,77.394077,True,5,574.0
TATTAPPARAI,TIP,Tamil Nadu,SR,8.828581,78.022486,False,0,557.0
TIRUR,TIR,Kerala,SR,10.917757,75.92186500000001,True,70,183.0
TATISILWAI,TIS,Jharkhand,,23.369845,85.435706,True,6,270.0
TISI,TISI,Maharashtra,,21.382994,74.364777,True,4,754.0
TALIT,TIT,West Bengal,,23.29331,87.819122,True,2,713.0
TILARU,TIU,Andhra Pradesh,,18.4704858205,84.0726809924,True,6,574.0
TIVARI,TIW,Rajasthan,NWR,26.554730000000003,72.889577,True,7,645.0
THANJAVUR,TJ,Tamil Nadu,SR,10.778085,79.138296,True,30,557.0
TAJPUR DEHMA,TJD,Uttar Pradesh,NER,25.728138,83.92969,False,0,1205.0
Tajgadh,TJH,Gujarat,WR,22.350958,73.90478800000001,False,0,633.0
TURINJAPURAM,TJM,Tamil Nadu,,12.336963,79.090728,False,0,557.0
Taj Nagar,TJNR,Haryana,NR,17.7378978,83.2604533,False,0,201.0
TAJPUR,TJP,Madhya Pradesh,,23.2169677672,75.9235679364,True,3,614.0
Tejpurwa Halt,TJW,Bihar,,25.940085,84.819703,False,0,711.0
TUMKUR,TK,Karnataka,SWR,13.333033,77.10243899999999,True,55,416.0
TEHARKA,TKA,Uttar Pradesh,NCR,25.300234,78.917318,False,0,1205.0
TUPKADIH,TKB,Jharkhand,,23.7136175901,86.0638904572,True,2,270.0
TEKA BIGHA HALT,TKBG,Bihar,,25.465009,85.485186,True,3,711.0
TSAKIBANDA,TKBN,Andhra Pradesh,SWR,15.163457,77.178109,True,2,574.0
THAKURKUCHI,TKC,Assam,NFR,26.234006114,91.9222836917,True,2,278.0
TUGLAKABAD,TKD,Uttar Pradesh,,28.511963,77.294046,True,18,1205.0
TUGLAKABAD CABIN,TKDC,Haryana,,28.458853,77.303032,False,0,201.0
Tarikere Junction,TKE,Karnataka,SWR,13.710886,75.812209,True,10,416.0
TUGLAKABAD EAST CABIN,TKEC,Uttar Pradesh,,28.547701,77.276461,False,0,1205.0
Taki Road,TKF,West Bengal,ER,22.587179,88.915553,False,0,713.0
Thakurganj,TKG,Bihar,,26.426933,88.129704,True,4,711.0
Thakurtola,TKH,Orissa,SER,21.651992,86.97071700000001,True,2,65.0
TAKHA,TKHA,Uttar Pradesh,NCR,27.135743,78.76725900000001,False,0,1205.0
TAKARKHEDE,TKHE,Maharashtra,,21.03491,75.167017,True,4,754.0
TAKLI,TKI,Maharashtra,,20.833253,77.65695,False,0,754.0
TILAK BRIDGE,TKJ,NCT,,28.627633,77.237995,True,30,18.0
Takli Bhansali,TKLB,Maharashtra,SECR,21.361133,78.983053,True,2,754.0
Tikani,TKLE,Bihar,ER,25.108394454899997,86.9932459985,False,0,711.0
Tarrakalan,TKLN,Madhya Pradesh,NCR,25.971659,76.901807,False,0,614.0
Tikamgarh,TKMG,Madhya Pradesh,,24.7672962666,78.8406655457,False,0,614.0
TAKLIMIYA,TKMY,Maharashtra,,19.453844,74.679765,True,5,754.0
TANKUPPA,TKN,Bihar,,24.704046,85.119402,True,7,711.0
Trivikramdeo Nagar,TKND,Bihar,,26.3019109091,84.7089663623,False,0,711.0
TAKKOLAM,TKO,Tamil Nadu,SR,13.023783,79.677055,False,0,557.0
TOKKOTTU,TKOT,Karnataka,SR,12.818211,74.858222,False,0,416.0
Takipur,TKP,West Bengal,ER,24.303242,87.92059400000001,False,0,713.0
TIKIRAPAL HALT,TKPL,Odisha,,21.535575,86.944638,False,0,235.0
TURAKAPALLI,TKPY,Andhra Pradesh,,15.0927135285,77.6285053778,True,2,574.0
TRIKARPUR,TKQ,Kerala,SR,12.142185,75.176143,True,4,183.0
TAKARI,TKR,Maharashtra,CR,17.129756,74.36337599999999,True,11,754.0
Tikra Ph,TKRA,West Bengal,?,21.66408,87.531081,False,0,713.0
TIKIRI,TKRI,Andhra Pradesh,,19.177667000000003,83.09910500000001,True,6,574.0
Tikauli Rawatpur,TKRP,Uttar Pradesh,NR,26.399047,80.613163,False,0,1205.0
TAKHRAU,TKRU,Uttar Pradesh,NCR,27.274196,79.212452,False,0,1205.0
TOKISUD,TKS,Jharkhand,,23.678639,85.239282,False,0,270.0
TIKKOTTI,TKT,Kerala,SR,11.490426,75.626246,False,0,183.0
THAKURBARI,TKTB,Assam,,26.797642000000003,92.699488,False,0,278.0
Tanakallu,TKU,Andhra Pradesh,SCR,13.922427,78.201224,True,2,574.0
TAPPA KHAJURIA,TKUR,Uttar Pradesh,,27.579425,80.761641,False,0,1205.0
TAPPA KHAJURIAY,TKVR,Bihar,,25.807401,84.688889,False,0,711.0
THAKURVADI,TKW,Maharashtra,,18.852865,73.353331,False,0,754.0
TIKEKARWADI,TKWD,Maharashtra,,17.614967,75.933458,True,3,754.0
TIKARIA,TKYR,Madhya Pradesh,WCR,24.99538,80.86436,False,0,614.0
TILONIYA,TL,Rajasthan,NWR,26.652675,74.93419399999999,True,6,645.0
TITVALA,TLA,Maharashtra,,19.296504,73.202714,False,0,754.0
TULSI ASHRAM,TLAM,Uttar Pradesh,,25.3422743391,83.35123571720001,False,0,1205.0
TALWA BAZAR,TLB,Bihar,,24.694736735,86.55630277830001,False,0,711.0
Talchhapar,TLC,Rajasthan,NWR,27.824805,74.487037,True,2,645.0
TILDA,TLD,Chhattisgarh,,21.550734,81.794586,True,31,162.0
Talgaria,TLE,Jharkhand,SER,23.681626,86.335511,True,2,270.0
TOLLY GANJ,TLG,West Bengal,,22.507909,88.346908,False,0,713.0
Talguppa,TLGP,Karnataka,SWR,14.214011,74.914093,True,6,416.0
TULSI NAGAR,TLGR,Uttar Pradesh,,26.215063,82.651701,False,0,1205.0
TILHAR,TLH,Uttar Pradesh,,27.972984,79.741776,True,18,1205.0
TALCHER ROAD,TLHD,Odisha,,20.886651,85.207934,True,34,235.0
TALCHER,TLHR,Odisha,,20.932262,85.200385,True,11,235.0
Tulwara Jhil,TLI,Rajasthan,NWR,,,False,0,645.0
TALJHARI,TLJ,West Bengal,,25.0823504143,87.7416879089,True,4,713.0
TALAKHAJURI,TLKH,Uttar Pradesh,,26.1769257746,81.7361317209,True,4,1205.0
TRISULAM,TLM,Tamil Nadu,,12.98064,80.166111,True,2,557.0
TRILOCHAN MAHDO,TLMD,Uttar Pradesh,,25.564702,82.804378,False,0,1205.0
TALMADUGU,TLMG,Andhra Pradesh,?,19.6417758258,78.3963542407,False,0,574.0
Teliamura,TLMR,Tripura,NFR,23.861247,91.617734,False,0,17.0
TALNI,TLN,Maharashtra,,20.754248,78.230026,False,0,754.0
TILAUNCHI,TLNH,Uttar Pradesh,,26.3381999708,80.02677233760001,False,0,1205.0
TALANALLUR,TLNR,Tamil Nadu,,11.436374,79.24125000000001,False,0,557.0
TALANDU,TLO,West Bengal,,23.009788,88.345088,False,1,713.0
Tulsipur,TLR,Uttar Pradesh,NER,27.5317699289,82.4114096783,False,0,1205.0
TALARA,TLRA,Himachal Pradesh,NR,32.239023,75.903937,False,0,55.0
Bettahalsoor,TLS,Karnataka,SWR,13.166875999999998,77.60618600000001,False,0,416.0
TILATI,TLT,Maharashtra,,17.503553,76.069348,True,2,754.0
TALCHER THERMAL,TLTM,Odisha,,20.91053519,85.21416081,False,0,235.0
TARLUPADU,TLU,Andhra Pradesh,,15.660536,79.21946200000001,True,8,574.0
TALVADYA,TLV,Madhya Pradesh,WCR,21.9272990641,76.4437843848,True,6,614.0
THALWARA,TLWA,Bihar,,26.072735,85.89750699999999,True,2,711.0
Taldi,TLX,West Bengal,ER,22.343647,88.60875899999999,False,0,713.0
THALASSERY,TLY,Kerala,SR,11.75314,75.492987,True,60,183.0
TALAVLI,TLZ,Madhya Pradesh,,23.903499,75.596821,False,0,614.0
Tamuria,TMA,Bihar,ECR,26.245715,86.352761,False,0,711.0
Temburu,TMB,Andhra Pradesh,ECoR,18.633565,84.12696299999999,False,0,574.0
TALAMANCHI,TMC,Andhra Pradesh,,14.607124,79.998171,False,1,574.0
TALMADLA,TMD,Andhra Pradesh,SCR,18.239215,78.356638,False,0,574.0
TUTI MELUR,TME,Tamil Nadu,SR,8.808373999999999,78.145808,True,6,557.0
Thamla Mogana,TMGN,Rajasthan,,24.875571,73.93477800000001,True,2,645.0
TIN MILE HAT,TMH,Bihar,,26.436601,88.279995,False,0,711.0
Tomka,TMKA,Orissa,ECoR,21.107333,85.975352,True,2,65.0
TIRUMALPUR,TMLP,Tamil Nadu,SR,12.956333,79.67348799999999,False,0,557.0
TUMMALACHERUVU,TMLU,Andhra Pradesh,,16.527651000000002,79.80296299999999,True,2,574.0
TAMARAIPADI,TMP,Tamil Nadu,,10.4023417558,78.0445917407,False,0,557.0
TIMMAPURAM,TMPM,Andhra Pradesh,,17.288936392500002,82.4504126416,False,0,574.0
TUMBOLI,TMPY,Kerala,,9.51917,76.321857,False,0,183.0
TIRUMANGALAM,TMQ,Tamil Nadu,,9.824778,77.99090199999999,True,8,557.0
TUMSAR ROAD,TMR,Maharashtra,,21.342437,79.75141900000001,True,29,754.0
Tumsar Town,TMS,Maharashtra,SECR,21.383833000000003,79.741784,False,0,754.0
TIMTALA,TMT,Maharashtra,,20.812496,77.79476000000001,True,2,754.0
TIRUMANTHIKUNAM,TMU,Tamil Nadu,SR,10.767734,79.534339,False,0,557.0
TINDIVANAM,TMV,Tamil Nadu,,12.229411,79.65133499999999,True,32,557.0
TIRUMULLAIVAYIL,TMVL,Tamil Nadu,,13.1155489623,80.13704246809999,False,0,557.0
TIMMAPUR,TMX,Telangana,,17.169347000000002,78.288344,True,4,150.0
Tamluk,TMZ,West Bengal,SER,22.275813,87.91914399999999,True,18,713.0
Tmzj,TMZJ,West Bengal,,22.246668,87.933497,False,0,713.0
TUTICORIN,TN,Tamil Nadu,SR,8.806109000000001,78.15535899999999,True,10,557.0
THANE,TNA,Maharashtra,,19.185757,72.97541700000001,True,146,754.0
Thanesar City,TNDE,Haryana,NR,29.966374,76.824336,False,0,201.0
THANDONI,TNDN,Tamil Nadu,,10.93648,78.108515,False,0,557.0
Tungi Halt,TNGI,Bihar,?,25.171993,85.52720500000001,False,0,711.0
TORANAGALLU,TNGL,Karnataka,SWR,15.203137,76.66392400000001,True,19,416.0
TONDALAGOPAVARAM,TNGM,Andhra Pradesh,SCR,16.86827,80.43078299999999,False,0,574.0
THONGANUR,TNGR,Tamil Nadu,,12.08227,78.358665,False,0,557.0
TINKHEDA,TNH,Maharashtra,,21.407727,78.523446,False,0,754.0
TANDARAI,TNI,Tamil Nadu,,12.1180073562,79.1470127649,False,0,557.0
TENTULLA,TNJE,Jharkhand,,23.790335,86.277173,False,0,270.0
TAJ NAGAR,TNJR,Haryana,,28.3853476007,76.82424935060001,False,0,201.0
Tirunellikaval,TNK,Tamil Nadu,SR,10.6530667,79.6365418,False,0,557.0
TANUKU,TNKU,Andhra Pradesh,SCR,16.752035,81.674075,True,19,574.0
TANGLA,TNL,Assam,,26.658355,91.912274,True,4,278.0
Thondaimanallur,TNLR,Tamil Nadu,SR,10.623543,78.746072,False,0,557.0
TIRUVANNAMALAI,TNM,Tamil Nadu,SR,12.238103,79.077782,True,11,557.0
TAPASWINARAYAN NAGAR HALT,TNNH,Bihar,,26.631615,85.445955,False,0,711.0
TUNDU,TNO,Jharkhand,,23.788733,86.252293,False,0,270.0
TONDIARPETTAI,TNP,Tamil Nadu,,13.1262400028,80.28092114379999,False,0,557.0
Tejnarayanpur,TNPR,Bihar,,25.3395623313,87.71098052250001,False,0,711.0
TANGUTURU,TNR,Andhra Pradesh,,15.337535,80.033546,True,8,574.0
Teneri Halt,TNRI,Bihar,?,25.3146062619,85.02551828,False,0,711.0
TENNERU,TNRU,Andhra Pradesh,SCR,16.488886,80.813991,False,0,574.0
TINNAPPATTI,TNT,Tamil Nadu,,11.812422,78.09880299999999,False,0,557.0
TIRUNETTUR,TNU,Kerala,,9.933729,76.30765699999999,False,0,183.0
TINDAULI,TNUE,Uttar Pradesh,NCR,27.183053,78.92129,False,0,1205.0
THAPAR NAGAR,TNW,Jharkhand,,23.769198,86.70137,False,0,270.0
Tarak Nagar,TNX,West Bengal,ER,23.38018,88.680184,False,0,713.0
TIRUVALANGADU,TO,Tamil Nadu,,13.090096,79.763145,False,0,557.0
TALOD,TOD,Gujarat,WR,23.351348,72.94796099999999,False,0,633.0
Tamkuhi Road,TOI,Bihar,,26.721824,84.228415,True,4,711.0
THOKUR,TOK,Karnataka,KR,12.963579,74.829167,True,24,416.0
TONDAMANPATTI,TOM,Tamil Nadu,SR,10.786552,78.823761,False,0,557.0
Titur,TOR,Maharashtra,,21.059452,79.288957,False,0,754.0
Torniya,TORA,Gujarat,WR,21.450802,70.497006,False,0,633.0
TORI,TORI,Jharkhand,,23.680808,84.739774,True,21,270.0
TOLASAMPATTI,TOS,Tamil Nadu,,11.761619,77.979547,False,0,557.0
TELAPROLU,TOU,Andhra Pradesh,,16.598822000000002,80.890556,True,4,574.0
TIRUCHIRAPPALLI FORT,TP,Tamil Nadu,SR,10.825594,78.688891,True,6,557.0
Trilokpur,TPB,Uttar Pradesh,NER,27.508190000000003,82.701077,False,0,1205.0
TIRUPPACHETTI,TPC,Tamil Nadu,SR,9.773153933800002,78.344217489,False,0,557.0
TIRUCHIRAPPALLI PALAKKARAI,TPE,Tamil Nadu,SR,10.80725953,78.69366422,False,1,557.0
TARAPITH ROAD,TPF,West Bengal,,24.1265252897,87.7522050836,True,4,713.0
TINPAHAR JN,TPH,West Bengal,,24.996925864,87.7438070306,True,14,713.0
TIRUCHIRAPPALLI,TPJ,Tamil Nadu,,10.794067,78.685355,True,85,557.0
TIPKAI,TPK,Assam,NFR,26.295354,90.047264,True,2,278.0
TIKIAPARA,TPKR,West Bengal,,22.599036,88.324322,False,0,713.0
TOTIYAPALAYAM,TPM,Tamil Nadu,,11.292723,77.681926,False,0,557.0
Tapona,TPN,Maharashtra,CR,20.3420054,77.8644588,False,0,754.0
TALOJA PANCHAND,TPND,Maharashtra,CR,19.078901,73.087316,True,4,754.0
Tuiya Pani,TPNI,Madhya Pradesh,SECR,22.560295999999997,80.010141,True,4,614.0
Tantpur,TPO,Rajasthan,NCR,26.83193514,77.47803025,False,0,645.0
Toppur,TPP,Tamil Nadu,SWR,11.931538000000002,78.070201,False,0,557.0
TIPPARTHI,TPPI,Telangana,,17.006536999999998,79.42309800000001,True,2,150.0
Topokal,TPQ,Chhattisgarh,ECoR,19.00708,81.878645,True,2,162.0
TIRUPATTUR JN,TPT,Tamil Nadu,,12.497951,78.561419,True,26,557.0
TIRUCHIRAPALI TOWN,TPTN,Tamil Nadu,,10.829084,78.702834,True,2,557.0
TIRUPATI MAIN,TPTY,Andhra Pradesh,,13.62763,79.418968,True,111,574.0
Tanakpur,TPU,Uttarakhand,NER,29.067103,80.10904500000001,True,2,46.0
Tinpheria,TPV,Bihar,,26.618891,84.292251,False,0,711.0
TIRUPATI WEST HALT,TPW,Andhra Pradesh,,13.624534,79.404624,False,0,574.0
Tadakalpudi,TPY,Andhra Pradesh,SCR,17.530163,80.532205,True,4,574.0
TAPRI JN,TPZ,Uttar Pradesh,NR,29.915728,77.58327200000001,True,15,1205.0
Takia,TQA,Uttar Pradesh,NR,26.311679,80.782017,True,2,1205.0
Theh Qalandar,TQL,Punjab,NR,30.463401,74.086947,False,0,297.0
TIKUNIA,TQN,Uttar Pradesh,NER,28.378823,80.981217,True,2,1205.0
TEKTAR,TQR,Bihar,,26.275833,85.846291,False,0,711.0
TARU,TR,Maharashtra,SCR,20.06888,74.590775,True,6,754.0
TANGRA,TRA,Punjab,,31.576426,75.107232,True,3,297.0
TORANG,TRAN,West Bengal,,23.26814,85.858638,True,2,713.0
TIRUVERUMBUR,TRB,Tamil Nadu,SR,10.787167,78.776419,True,2,557.0
Tarabari,TRBE,Assam,NFR,26.436293,92.683367,False,0,278.0
Tirodi,TRDI,Madhya Pradesh,SECR,21.688066,79.724564,False,0,614.0
TIKRI,TRE,Uttar Pradesh,,27.116135,82.070639,False,0,1205.0
Tarighat,TRG,Uttar Pradesh,ECR,25.571721452321867,83.60210496000946,False,0,1205.0
Tariasujan,TRJ,Bihar,,26.653609000000003,84.270833,False,0,711.0
TIRUKOILUR,TRK,Tamil Nadu,,11.976052306,79.22381373900001,True,6,557.0
TUREKALA ROAD,TRKR,Odisha,,20.563094809,82.8147164221,True,2,235.0
TIRUVALLUR,TRL,Tamil Nadu,,13.115764,79.913105,True,35,557.0
TIRUNAGESVARAM,TRM,Tamil Nadu,SR,10.975208,79.428212,False,0,557.0
Taramani,TRMN,Tamil Nadu,SR,12.978438,80.24008199999999,False,0,557.0
TARAON,TRN,Uttar Pradesh,NER,25.526193,83.311179,False,0,1205.0
TIRORA,TRO,Maharashtra,,21.415039,79.91803499999999,True,15,754.0
TRIPAL HALT,TRPL,Himachal Pradesh,NR,32.00601,76.204696,False,0,55.0
TARAORI,TRR,Haryana,,29.797906,76.93858,True,6,201.0
TARSARAI,TRS,Bihar,,26.194365,86.013311,True,4,711.0
TARSAI,TRSR,Gujarat,,21.764673,69.84803099999999,False,0,633.0
TIRUTTANI,TRT,Tamil Nadu,,13.179217,79.611386,True,19,557.0
TRIUPUNITTURA,TRTR,Kerala,,9.9501,76.352761,True,14,183.0
TIRUVALLA,TRVL,Kerala,,9.392148,76.580267,True,63,183.0
TIRUVIZHA,TRVZ,Kerala,,9.641848,76.32628100000001,False,0,183.0
TARSOD,TRW,Maharashtra,,21.025557000000003,75.63321499999999,False,0,754.0
TARAVATA,TRWT,Madhya Pradesh,WCR,24.74613,77.381391,False,0,614.0
TIRUMANI,TRX,Tamil Nadu,,12.670639,79.988514,False,0,557.0
TOLRA,TRZ,Jharkhand,,24.18584,83.923324,False,0,270.0
TISUA,TSA,Uttar Pradesh,,28.136577,79.58628900000001,True,3,1205.0
Tata Sijua Halt,TSAH,Jharkhand,SER,23.7745106829,86.3316696973,False,0,270.0
Tahsil Bhadra,TSD,Rajasthan,NWR,29.101436164956112,75.16145411878824,False,0,645.0
TAHSIL FATEHPUR,TSF,Uttar Pradesh,,27.168445,81.203969,True,2,1205.0
SITAPUR CITY (THOMASGANJ),TSG,Uttar Pradesh,,27.569887,80.69025900000001,False,0,1205.0
TENKASI JN,TSI,Tamil Nadu,,8.963993,77.30733799999999,True,2,557.0
Tinsukia Junction,TSK,Assam,NFR,27.4864,95.356367,True,2,278.0
TINSUKIA GOODS,TSKG,,,,,False,0,
Taksal,TSL,Himachal Pradesh,NR,30.845271,76.954267,True,2,55.0
TSUNDURU,TSR,Andhra Pradesh,,16.157497,80.58648699999999,True,5,574.0
TALLI SAIDASAHU,TSS,Punjab,NR,31.03264,74.748404,False,0,297.0
TITTE,TT,Tamil Nadu,SR,10.844904,79.1834,False,0,557.0
TITABAR,TTB,Assam,NFR,26.602048,94.199758,True,6,278.0
TURTIPAR,TTI,Uttar Pradesh,NER,26.16121,83.89084100000001,True,2,1205.0
TIRUTTANGAL,TTL,Tamil Nadu,,9.4772991528,77.8108864374,True,2,557.0
TETELIA,TTLA,Assam,NFR,26.135912,92.00541,True,2,278.0
TULSITANR,TTN,Jharkhand,,24.5689956797,86.6144068317,False,0,270.0
Tiruturaipudi Junction,TTP,Tamil Nadu,SR,,,False,0,557.0
TALCHER THERMAL,TTPT,Odisha,,20.905032,85.21712600000001,False,0,235.0
Thathankulam,TTQ,Tamil Nadu,SR,8.627298,77.875152,False,0,557.0
TIPTUR,TTR,Karnataka,SWR,13.256152,76.475987,True,34,416.0
TETTU,TTU,Andhra Pradesh,,15.042824,80.00582100000001,True,2,574.0
Titwa,TTW,Madhya Pradesh,SECR,21.9959060669,80.13844220089999,True,4,614.0
Tukaithad,TTZ,Maharashtra,SCR,21.427444,76.670581,True,4,754.0
TADIPATRI,TU,Andhra Pradesh,,14.907558000000002,77.978985,True,36,574.0
TIRUNNAVAYA,TUA,Kerala,SR,10.874721,75.985675,True,4,183.0
Talodhi Road,TUD,Maharashtra,SECR,20.454247,79.736073,False,0,754.0
THALANGAI,TUG,Tamil Nadu,,13.003678,79.42612799999999,False,0,557.0
TIRALDIH,TUL,Jharkhand,,23.132246,85.930834,True,2,270.0
TOHANA,TUN,Haryana,NR,29.7266,75.904581,True,23,201.0
Tung,TUNG,West Bengal,NFR,26.921803,88.294811,True,6,713.0
TUNI,TUNI,Andhra Pradesh,,17.361079999999998,82.542462,True,57,574.0
TIRUPPUR,TUP,Tamil Nadu,,11.108906,77.341247,True,125,557.0
TURKI,TUR,Bihar,,26.034431,85.354709,False,0,711.0
Tuvvur,TUV,Kerala,SR,11.120495,76.282913,True,2,183.0
TURAVUR,TUVR,Kerala,,9.772809,76.309979,True,13,183.0
Tuwa,TUWA,Gujarat,WR,22.800702,73.463163,False,0,633.0
TUNIA,TUX,Jharkhand,,22.540308999999997,85.426059,True,4,270.0
THIRUTHURAIYUR,TUY,Tamil Nadu,SR,11.823788,79.534813,False,0,557.0
TRIVANDRUM CENTRAL,TVC,Kerala,,8.486679,76.95120999999999,True,86,183.0
TAVARGATTI,TVG,Karnataka,SWR,15.414853644,74.6628751227,False,0,416.0
Taradevi,TVI,Himachal Pradesh,NR,31.0758,77.139253,True,6,55.0
TADWAL,TVL,Maharashtra,SWR,17.393190999999998,75.975729,True,8,754.0
TIRUPPUVANAM,TVN,Tamil Nadu,SR,9.821457,78.258693,False,0,557.0
TIRVNLNLUR ROAD,TVNL,Tamil Nadu,,11.798583,79.380205,False,0,557.0
TRIVANDRUM PETTAI,TVP,Kerala,,8.494524,76.931673,True,18,183.0
THIRUVARUR JN,TVR,Tamil Nadu,SR,10.764347,79.63389799999999,True,14,557.0
TALAIVASAL,TVS,Tamil Nadu,,11.596392,78.75084,False,0,557.0
TIRUVOTTIYUR,TVT,Tamil Nadu,,13.160025,80.296454,False,0,557.0
Thambawati Nagri,TVTN,Rajasthan,,24.958315,74.68691899999999,False,0,645.0
Talwandi,TWB,Punjab,NR,30.861364,74.92363399999999,True,2,297.0
TWINING GANJ,TWG,Bihar,,25.568766,84.218022,True,8,711.0
Totewahi Halt,TWI,Maharashtra,,20.014659,79.600455,False,0,754.0
TILWARA,TWL,Rajasthan,NWR,25.893262,72.078131,False,0,645.0
Thuwavi,TWV,Gujarat,WR,22.153761,73.381517,False,0,633.0
Tyada,TXD,Andhra Pradesh,ECoR,18.217967,83.04218999999999,True,2,574.0
TANDAVAPURA,TXM,Karnataka,SWR,12.168831,76.678489,False,0,416.0
TULUKAPATI,TY,Tamil Nadu,SR,9.467439,77.936903,False,0,557.0
TENYA,TYAE,West Bengal,ER,23.822157,88.148864,False,0,713.0
Tirumayam,TYM,Tamil Nadu,SR,10.246016,78.759423,False,0,557.0
Tiruvanmiyur,TYMR,Tamil Nadu,SR,12.989302,80.25119000000001,False,0,557.0
TOZHUPPEDU,TZD,Tamil Nadu,,12.367081,79.783575,False,0,557.0
TAKAZHI,TZH,Kerala,,9.3702,76.408316,False,0,183.0
TURKI ROAD,TZR,Madhya Pradesh,WCR,24.548879000000003,81.11757300000001,True,6,614.0
Tezpore,TZTB,Assam,NFR,26.617781357717547,92.7877465635538,False,0,278.0
UPLETA,UA,Gujarat,WR,21.746916,70.282434,True,2,633.0
UPPALA,UAA,Kerala,SR,12.6698,74.906488,True,2,183.0
Udagamandalam,UAM,Tamil Nadu,SR,11.404585,76.694727,True,4,557.0
UNAWA AITHOR,UAR,Gujarat,,23.759404,72.38511899999999,True,2,633.0
Uska Bazar,UB,Uttar Pradesh,NER,27.189993,83.12594999999999,False,0,1205.0
AMBALA CITY,UBC,Haryana,,30.378497,76.763996,True,41,201.0
ULHAS BRIDGE CABIN,UBCN,Maharashtra,,19.246247,73.069462,False,0,754.0
HUBLI JN,UBL,Karnataka,SWR,15.350302,75.148104,True,83,416.0
Ubarni,UBN,Uttar Pradesh,NR,26.118214,81.163629,False,0,1205.0
UMBARGAM ROAD,UBR,Gujarat,WR,20.153499,72.79082100000001,True,11,633.0
UCHANA,UCA,Haryana,NR,29.466064000000003,76.178544,True,7,201.0
UNCHI BASSI,UCB,Punjab,NR,31.860857,75.643654,False,1,297.0
UNCHAULIA,UCH,Uttar Pradesh,,27.80926,80.068986,True,2,1205.0
UCHIPPULI,UCP,Tamil Nadu,SR,9.30813,79.01509300000001,False,0,557.0
Unchahar Junction,UCR,Uttar Pradesh,NR,25.902315,81.30014299999999,True,14,1205.0
UDUPI,UD,Karnataka,KR,13.336341,74.771733,True,60,416.0
Udgir,UDGR,Maharashtra,SCR,18.3906018255,77.1099430353,True,16,754.0
UDYAN KHERI,UDK,Madhya Pradesh,,23.680052,76.639447,False,0,614.0
UDAYPUR KHURD,UDKN,Uttar Pradesh,,28.486234,80.178413,False,0,1205.0
ANDAL JN,UDL,West Bengal,,23.579012,87.181194,True,41,713.0
ANDAL-EAST/CABIN,UDLE,West Bengal,,23.57172,87.199696,False,0,713.0
ANDAL WEST CABIN,UDLW,West Bengal,,23.584024,87.168796,False,0,713.0
UNDASA MADHAWPU,UDM,Madhya Pradesh,WR,23.087044,75.97927499999999,True,4,614.0
UDHNA JN,UDN,Gujarat,,21.171156,72.851461,True,38,633.0
Udaipura,UDPR,Madhya Pradesh,,24.7756889117,78.65148636960001,False,0,614.0
AMDARA ROAD,UDR,Madhya Pradesh,WCR,24.099500875799997,80.5779045111,True,8,614.0
URDAULI,UDX,Uttar Pradesh,,27.632871,80.514006,False,0,1205.0
UDAIPUR CITY,UDZ,Rajasthan,NWR,24.566862,73.699632,True,27,645.0
UPPUGUNDURU,UGD,Andhra Pradesh,,15.650668,80.194463,True,2,574.0
UGAON,UGN,Maharashtra,,20.122591999999997,74.136829,False,0,754.0
UGNA HALT,UGNA,Bihar,,26.2506466399,86.0925137378,False,0,711.0
UGARPUR,UGP,Uttar Pradesh,NCR,27.351481,79.511652,False,0,1205.0
UGAR KHURD,UGR,Karnataka,SWR,16.669705,74.822126,True,4,416.0
Ugu,UGU,Uttar Pradesh,NR,26.804338,80.299391,False,0,1205.0
Ugwe,UGWE,Maharashtra,SCR,20.806249,77.009265,True,4,754.0
Una Himachal,UHL,Himachal Pradesh,NR,31.478782,76.27566,True,8,55.0
UDHAMPUR,UHP,Jammu and Kashmir,NR,32.92664,75.154881,True,26,16.0
UNCHHERA,UHR,Madhya Pradesh,WCR,24.38137,80.79457,True,19,614.0
Umaria Ispa Halt,UIH,Madhya Pradesh,SECR,22.0553051502,79.08496134640001,True,2,614.0
UJALVAV,UJ,Gujarat,WR,21.905096,71.705115,True,6,633.0
UNJHA,UJA,Gujarat,WR,23.796456,72.381669,True,26,633.0
Ujhani,UJH,Uttar Pradesh,NER,27.995236,79.01491,False,0,1205.0
Ujjain Jn,UJJN,Madhya Pradesh,,23.178194,75.781443,False,0,614.0
UJJAIN JN,UJN,Madhya Pradesh,,23.178154,75.781403,True,106,614.0
UJN C CABIN,UJNC,Madhya Pradesh,,23.184543,75.801153,False,0,614.0
UJIARPUR,UJP,Bihar,,25.780378,85.799605,True,5,711.0
UKHRA,UKA,West Bengal,ER,23.653692,87.232537,True,2,713.0
UKSHI,UKC,Maharashtra,KR,17.1297597205,73.4559422882,True,4,754.0
ULINDAKONDA,UKD,Andhra Pradesh,,15.652934,77.968687,False,0,574.0
UKHALI,UKH,Maharashtra,SCR,18.912675,76.60581400000001,True,4,754.0
UTTUKULI,UKL,Tamil Nadu,,11.156494,77.448615,True,3,557.0
Ukilerhat Halt,UKLR,West Bengal,ER,21.824712,88.230351,False,0,713.0
Uklana,UKN,Haryana,NR,29.498980000000003,75.883133,True,2,201.0
UDALKACHAR,UKR,Madhya Pradesh,SECR,23.287243,82.291923,True,4,614.0
UTTAMARKOVIL,UKV,Tamil Nadu,,10.877948,78.702346,False,0,557.0
Umra Nala,ULA,Madhya Pradesh,SECR,21.874783,78.879298,True,6,614.0
ULUBARIA,ULB,West Bengal,,22.472428,88.093209,True,14,713.0
ACHALDA,ULD,Uttar Pradesh,,26.701949,79.404392,True,5,1205.0
UDALGURI,ULG,Assam,,26.744291,92.094329,True,4,278.0
ULLAL,ULL,Karnataka,SR,12.79132,74.85477900000001,True,2,416.0
URLAM,ULM,Andhra Pradesh,,18.435566,83.989515,False,0,574.0
ULNA BHARI,ULN,Uttar Pradesh,,26.632175,82.319243,False,0,1205.0
ULHASNAGAR,ULNR,Maharashtra,,19.218215,73.163466,True,6,754.0
ULTADANGA ROAD,ULR,,,,,False,0,
KULTI,ULT,West Bengal,,23.737816,86.84886999999999,True,13,713.0
Kulti Link Cabin,ULTL,West Bengal,,23.734566,86.865534,False,0,713.0
ULUNDURPET,ULU,Tamil Nadu,,11.702177,79.317787,False,0,557.0
UMARDASHI,UM,Gujarat,WR,24.1003209724,72.4205625555,True,2,633.0
AMBALA CANT JN,UMB,Haryana,,30.338918,76.826966,True,204,201.0
USMANABAD,UMD,Maharashtra,CR,18.248154,76.022663,True,20,754.0
UMED,UMED,Rajasthan,,26.549322,73.605896,True,4,645.0
Uttangal Mangalam,UMG,Tamil Nadu,SR,11.535044,79.419161,False,0,557.0
Umreth,UMH,Gujarat,WR,22.693375999999997,73.119782,False,0,633.0
UMRAM,UMM,Andhra Pradesh,SCR,19.6615861791,78.4373421246,False,0,574.0
AMBLIYASAN,UMN,Gujarat,WR,23.447386,72.423181,True,2,633.0
Ambliyasan Jn,UMNF,Gujarat,,23.446636,72.422431,False,0,633.0
UMESHNAGAR,UMNR,Bihar,ECR,25.461085,86.431195,False,0,711.0
Umarpada,UMPD,Gujarat,WR,21.4583979,73.4750771,False,0,633.0
UMARIA,UMR,Madhya Pradesh,,23.52273,80.823244,True,38,614.0
UMRA,UMRA,Rajasthan,NWR,24.522588,73.771734,False,0,645.0
UMRI,UMRI,Maharashtra,SCR,19.0418,77.642682,True,18,754.0
UDRAMSAR,UMS,Rajasthan,,27.9229738675,73.3438365942,True,2,645.0
Una,UNA,Gujarat,WR,20.819025,71.036053,False,0,633.0
UNCHDIH,UND,Uttar Pradesh,,25.1924197817,82.1633748193,False,1,1205.0
UNDI,UNDI,Andhra Pradesh,SCR,16.580375476,81.46418718439999,True,2,574.0
Unai Vansada Road,UNI,Gujarat,WR,,,False,0,633.0
UNKAL,UNK,Karnataka,SWR,15.377159,75.12425499999999,True,2,416.0
UNHEL,UNL,Madhya Pradesh,,23.316776,75.472209,True,5,614.0
UNAULA,UNLA,Uttar Pradesh,NER,26.788432,83.471435,False,0,1205.0
UMROLI,UOI,Maharashtra,WR,19.754447000000003,72.76033699999999,False,0,754.0
UTTARPARA,UPA,West Bengal,,22.667652,88.34131699999999,False,0,713.0
ULAVAPADU,UPD,Andhra Pradesh,,15.167112,80.01336400000001,True,2,574.0
UPLAI,UPI,Maharashtra,CR,18.184369,75.642724,False,0,754.0
UPPALUR,UPL,Andhra Pradesh,SCR,16.492803000000002,80.780125,False,0,574.0
URAPPAKKAM,UPM,Tamil Nadu,,12.867247,80.07175099999999,False,0,557.0
USMANPUR,UPR,Maharashtra,SCR,19.532217,76.27447,True,6,754.0
UPPALAVAI,UPW,Andhra Pradesh,SCR,18.424892,78.316108,False,0,574.0
UMDANAGAR,UR,Telangana,,17.262932000000003,78.393143,True,6,150.0
UNTARE ROAD,URD,Jharkhand,,24.34094,83.834497,True,10,270.0
UREN,UREN,Bihar,,25.1712379405,86.2142016541,True,6,711.0
USARGAON,URG,Uttar Pradesh,,26.080449,79.680325,False,0,1205.0
Urga,URGA,Chhattisgarh,SECR,22.265792,82.736062,False,1,162.0
URULI,URI,Maharashtra,,18.494237,74.13682,True,37,754.0
URKURA,URK,Chhattisgarh,,21.289034,81.644569,False,1,162.0
UNJALUR,URL,Tamil Nadu,SR,11.127976,77.875839,True,18,557.0
URMA,URMA,West Bengal,,23.157777,86.253775,True,2,713.0
Upramal,URML,Rajasthan,,25.247947,75.276627,True,2,645.0
UTRAN,URN,Gujarat,,21.232602,72.85479600000001,True,4,633.0
Udairampur,URP,West Bengal,ER,22.100085,88.273732,False,0,713.0
UGRASENPUR,URPR,Uttar Pradesh,NR,25.568212,82.189171,True,7,1205.0
Umred,URR,Maharashtra,SECR,20.850672,79.330741,False,0,754.0
UKAI SONGADH,USD,Gujarat,,21.147743,73.55554,True,7,633.0
USIA KHAS,USK,Uttar Pradesh,,25.434324,83.706967,False,0,1205.0
USALAPUR,USL,Chhattisgarh,,22.102548,82.111546,True,23,162.0
USRA,USRA,Gujarat,,22.842055,74.102942,False,0,633.0
UMAR TALI,UTA,Uttar Pradesh,,27.086986,80.473465,True,2,1205.0
UTARSANDA,UTD,Gujarat,,22.654716,72.88880999999999,True,4,633.0
UTARLAI,UTL,Rajasthan,NWR,25.788344,71.44363799999999,True,4,645.0
Uttar Radhanagar Halt,UTN,West Bengal,ER,22.269458,88.383365,False,0,713.0
UTRIPURA,UTP,Uttar Pradesh,,26.73974,80.095478,False,0,1205.0
UTRAHTIA,UTR,Uttar Pradesh,,26.763061,80.974031,True,4,1205.0
UDVADA,UVD,Gujarat,WR,20.461236,72.918698,True,11,633.0
Udwant Nagar Halt,UWNR,Bihar,ECR,25.496532,84.61131300000001,False,0,711.0
Bhaga Junction,VAA,Jharkhand,SER,23.723331,86.405555,True,2,270.0
WARUD,VADR,Maharashtra,,20.7471655405,78.65067138549999,False,0,754.0
Vadali,VAE,Gujarat,WR,23.948406,73.04360399999999,False,0,633.0
VAH,VAH,,,,,False,0,
VARKALA,VAK,Kerala,,8.740732,76.722872,True,53,183.0
VADAL,VAL,Gujarat,WR,21.611243,70.492663,False,0,633.0
Vadhvana,VAN,Gujarat,WR,22.152185,73.487264,False,0,633.0
VAPI,VAPI,Gujarat,WR,20.374338,72.90912700000001,True,132,633.0
VALAPATTANAM,VAPM,Kerala,SR,11.927728,75.346365,True,4,183.0
VIDYANAGAR,VAR,Telangana,,17.402485,78.511657,False,0,150.0
VAIKAM ROAD,VARD,Kerala,,9.777648,76.47461100000001,True,10,183.0
Vaso,VASO,Gujarat,WR,,,False,0,633.0
VATLUR,VAT,Andhra Pradesh,,16.69451,81.044473,True,4,574.0
VAYALAR,VAY,Kerala,,9.741742,76.311408,False,0,183.0
VILLIYAMBAKKAM,VB,Tamil Nadu,SR,12.754406,79.929175,False,0,557.0
VISHNUPUR BATHUA HALT,VBH,Bihar,,25.9310202567,85.64428754389999,False,0,711.0
BOBBILI,VBL,Andhra Pradesh,,18.576763999999997,83.34572200000001,True,32,574.0
VALLABHNAGAR,VBN,Rajasthan,NWR,24.690424,74.018709,False,0,645.0
VAMBORI,VBR,Maharashtra,,19.29858,74.684974,True,6,754.0
VEMBUR,VBU,Tamil Nadu,,10.5893388627,78.0723825452,False,0,557.0
VAIBHAVWADI RD,VBW,Maharashtra,KR,16.512013,73.707645,True,8,754.0
VIROCHANNAGAR,VCN,Gujarat,,23.0784842293,72.1961836121,True,2,633.0
VAGDIYA,VD,Gujarat,WR,22.6141762638,71.2916898169,True,4,633.0
VASAD JN,VDA,Gujarat,,22.452351,73.05999100000001,True,8,633.0
VENDODU,VDD,Andhra Pradesh,,14.026947000000002,79.72840000000001,True,13,574.0
VEDAYAPALEM,VDE,Andhra Pradesh,,14.404478,79.957106,True,6,574.0
VADGAON NILA,VDGN,Maharashtra,SCR,18.929473,76.64117200000001,False,0,754.0
VEDCHHA,VDH,Gujarat,WR,20.874651,72.93641500000001,True,5,633.0
VELDURTI,VDI,Andhra Pradesh,,15.553699,77.927621,True,2,574.0
VADAKANNIKAPURM,VDK,Kerala,,10.641667,76.686919,False,0,183.0
Vadanam Kurussi Halt,VDKS,Kerala,SR,10.788139,76.252871,False,0,183.0
VITHISVARANKOL,VDL,Tamil Nadu,SR,11.195825,79.703785,True,6,557.0
VADAMADURA,VDM,Tamil Nadu,,10.4363355768,78.1021599634,False,0,557.0
VADGAON,VDN,Maharashtra,,18.742927,73.636925,True,3,754.0
Baijnath Andoli,VDNP,Bihar,ECR,,,False,0,711.0
VADIPPATTI,VDP,Tamil Nadu,,10.086114,77.945674,False,0,557.0
VANDALUR,VDR,Tamil Nadu,,12.89128,80.08439299999999,False,0,557.0
VIDYASAGAR,VDS,Jharkhand,,24.10382,86.69841500000001,True,22,270.0
Vadiya Devli,VDV,Gujarat,WR,21.689791,70.853196,False,0,633.0
VEER,VEER,Maharashtra,KR,18.113401793300003,73.3300770068,True,8,754.0
VELLIYANI,VEI,Tamil Nadu,SR,10.841,78.114795,False,0,557.0
VELLARAKKAD,VEK,Kerala,SR,11.4723,75.653412,False,0,183.0
Vellanur,VEL,Tamil Nadu,SR,10.46709,78.796975,False,0,557.0
VELI,VELI,Kerala,,8.5225364873,76.8829192029,True,2,183.0
VEMPALLI,VEM,Telangana,,19.414389,79.53458400000001,False,0,150.0
VERNA,VEN,Goa,KR,15.353587,73.912519,True,2,21.0
Velpuru Road,VEP,Andhra Pradesh,SCR,,,False,0,574.0
VELLUR HALT,VER,Tamil Nadu,,11.242453,79.13844999999999,False,0,557.0
VEPPAMPATTU,VEU,Tamil Nadu,,13.123937,79.998727,False,0,557.0
VIRAMGAM JN,VG,Gujarat,,23.129098,72.052968,True,102,633.0
VEPAGUNTA,VGA,Andhra Pradesh,,13.395013,79.559433,False,0,574.0
Viramgam D Cabin,VGDC,Gujarat,,23.137395,72.042828,False,0,633.0
VALAPPADI G HLT,VGE,Tamil Nadu,,11.654623999999998,78.400452,True,3,557.0
VANGANI,VGI,Maharashtra,,19.094299,73.300967,False,0,754.0
VAGHLI,VGL,Maharashtra,,20.522649,75.074337,False,0,754.0
VINNAMANGALAM,VGM,Tamil Nadu,,12.728899,78.67871600000001,False,0,557.0
VANGAON,VGN,Maharashtra,WR,19.882845,72.76318500000001,True,7,754.0
UNGUTURU,VGT,Andhra Pradesh,,16.824498,81.42356000000001,True,4,574.0
BLOCK CABIN CHAKKI,VHCH,Bihar,,25.559662,84.806277,False,0,711.0
WIHIRGAON,VHGN,Maharashtra,,19.725052,79.44081899999999,True,2,754.0
Villianur,VI,Puducherry,SR,11.919269000000002,79.757506,True,2,3.0
VILAVADE,VID,Maharashtra,KR,16.785593,73.619321,True,6,754.0
Vina,VINA,Gujarat,,22.764138999999997,72.903227,False,0,633.0
VINHERE,VINH,Maharashtra,KR,17.907649,73.38400999999999,True,4,754.0
VIRINCHIPURAM,VJ,Tamil Nadu,,12.961297,79.024717,False,0,557.0
VEJANDLA,VJA,Andhra Pradesh,SCR,16.237226,80.519729,True,4,574.0
VIJPADI ROAD,VJD,Gujarat,WR,21.17981,71.449442,False,0,633.0
VEJALKA,VJK,Gujarat,WR,22.416769,71.719118,False,0,633.0
VYASARPADI JEEVA,VJM,Tamil Nadu,,13.108338,80.256873,False,0,557.0
VIJAY PUR,VJP,Madhya Pradesh,,24.493169148,77.1624114166,True,4,614.0
VIJAYPUR JAMMU,VJPJ,Jammu and Kashmir,NR,32.57197,75.020996,True,18,16.0
VIJAYANAGAR,VJR,Maharashtra,SWR,16.7778119655,74.696289906,False,0,754.0
VAJIRABAD,VJRD,Telangana,,16.686823777,79.6451940808,False,0,150.0
VIKHROLI,VK,Maharashtra,,19.11196,72.928312,False,0,754.0
Verka Junction,VKA,Punjab,NR,31.665699,74.931669,True,2,297.0
VIKARABAD JN,VKB,Telangana,,17.337132,77.90940900000001,True,44,150.0
BAKHRABAD,VKD,West Bengal,,22.118541,87.36345,False,0,713.0
VEER KUNWAR HALT,VKDH,Bihar,,25.567585,84.254875,False,0,711.0
Vavadi Khurd,VKG,Gujarat,WR,22.79511,73.502962,False,0,633.0
VIKHRAN ROAD,VKH,Maharashtra,,21.302739000000003,74.617881,True,4,754.0
VENKATAGIRI,VKI,Andhra Pradesh,,13.943864,79.60398699999999,True,18,574.0
Vankal,VKL,Gujarat,WR,21.43967393177265,73.23136643506587,False,0,633.0
VENKATESAPURAM,VKM,Tamil Nadu,,11.9307785279,79.442293656,False,0,557.0
VINUKONDA,VKN,Andhra Pradesh,,16.050748,79.748004,True,14,574.0
VALMIKINAGAR RD,VKNR,Bihar,ECR,27.195058000000003,84.034555,False,0,711.0
VARAKALPATTU,VKP,Tamil Nadu,SR,11.765793,79.704026,False,0,557.0
VENKATNAGRA,VKR,Madhya Pradesh,,22.923269,81.872187,True,8,614.0
VENKATACHALAM,VKT,Andhra Pradesh,,14.327256,79.92732000000001,True,2,574.0
VENKATA NARASIMHA RAJU VARI PETA,VKZ,Andhra Pradesh,,13.270775,79.58186500000001,False,0,574.0
VILAD,VL,Maharashtra,,19.198579,74.675069,True,6,754.0
BAVLA,VLA,Gujarat,WR,22.833389,72.36512300000001,False,0,633.0
Velachha,VLC,Gujarat,WR,21.4331608,73.012366,False,0,633.0
VELLALCHERUVU H,VLCA,Andhra Pradesh,,16.132576,79.891216,False,0,574.0
Velachery,VLCY,Tamil Nadu,SR,12.967092,80.21921699999999,False,0,557.0
Vayalpad,VLD,Andhra Pradesh,SCR,13.634506,78.624967,True,2,574.0
VALADI,VLDE,Tamil Nadu,,10.872869,78.757917,False,0,557.0
VITHALWADI,VLDI,Maharashtra,,19.229234,73.149051,False,0,754.0
Valadar,VLDR,Gujarat,WR,20.967861000000003,70.724646,False,0,633.0
VELLALCHERUVU H,VLE,Andhra Pradesh,,16.1317836869,79.8886640826,True,4,574.0
VANIGONDA,VLG,Telangana,,17.366663,79.008505,True,2,150.0
VALLIKUNNU,VLI,Kerala,SR,11.09046,75.85165099999999,True,7,183.0
VILLIVAKKAM,VLK,Tamil Nadu,,13.110062,80.209621,False,0,557.0
Velankanni,VLKN,Tamil Nadu,?,10.686877168293025,79.84618068672717,False,0,557.0
VELLAYIL,VLL,Kerala,SR,11.264509,75.77461,False,0,183.0
Vilegaon,VLN,Maharashtra,CR,20.5920366,77.4361752,False,0,754.0
VELANKANNI,VLNK,Tamil Nadu,,10.687499,79.846763,True,4,557.0
VILE PARLE,VLP,Maharashtra,WR,19.099274,72.84363,False,0,754.0
VELLORE CANT,VLR,Tamil Nadu,SR,12.910718,79.127493,True,12,557.0
VALATHOOR,VLT,Tamil Nadu,,12.889517,78.839324,True,2,557.0
Vadali Luter Road,VLTR,Gujarat,WR,23.078738,73.135398,False,0,633.0
Vadalur,VLU,Tamil Nadu,SR,11.557655,79.547974,False,0,557.0
Vallivedu,VLV,Andhra Pradesh,SCR,13.528576,79.068221,False,0,574.0
VALLIYUR,VLY,Tamil Nadu,SR,8.376159999999999,77.61399,True,23,557.0
VILLUPURAM JN,VM,Tamil Nadu,,11.942971,79.500101,True,94,557.0
VIKRAMGARH ALOT,VMA,Madhya Pradesh,,23.765121,75.53837899999999,True,23,614.0
VMC,VMC,,,,,False,0,
Vadlamannadu,VMD,Andhra Pradesh,SCR,16.300176,81.098875,True,6,574.0
VEMULAPADU,VML,Andhra Pradesh,,15.022098,77.85137900000001,True,2,574.0
VEMULURIPADU,VMLD,Andhra Pradesh,,16.309801,80.294121,False,0,574.0
Valaramanikkam,VMM,Tamil Nadu,SR,,,False,0,557.0
VALLAMPADUGAI,VMP,Tamil Nadu,SR,11.350091,79.708219,False,0,557.0
Vemuru,VMU,Andhra Pradesh,SCR,16.178119,80.743187,True,4,574.0
VANIYAMBADI,VN,Tamil Nadu,,12.678487,78.621651,True,22,557.0
VARANGAON,VNA,Maharashtra,,21.0097131944,75.9006577881,True,7,754.0
Vaniyambalam,VNB,Kerala,SR,11.188459,76.260513,True,2,183.0
VENDRA,VND,Andhra Pradesh,SCR,16.578434,81.56909499999999,True,4,574.0
Vijayawada North East,VNEC,Andhra Pradesh,,16.532028,80.630413,False,0,574.0
TIRUPPUR VANJIPALAYAM,VNJ,Tamil Nadu,,11.117791,77.26580200000001,False,0,557.0
Binaiki,VNK,Madhya Pradesh,SECR,22.72003,79.902424,True,7,614.0
ONTIMITTA,VNM,Andhra Pradesh,,14.392459,79.016272,True,2,574.0
BHANAUR,VNN,Uttar Pradesh,NR,25.57316,82.530022,False,0,1205.0
DEVANUR,VNR,Karnataka,SWR,13.439282,76.08846,False,0,416.0
VANI ROAD,VNRD,Gujarat,WR,23.0950624331,72.0035287323,True,2,633.0
VISHNUPURAM,VNUP,Telangana,,16.7045104904,79.6387859326,True,14,150.0
VELLODU,VO,Tamil Nadu,,10.317776,77.951415,False,0,557.0
V.O.C. NAGAR,VOC,Tamil Nadu,,13.1403016273,80.28745678409999,False,0,557.0
Virol,VOL,Gujarat,WR,,,False,0,633.0
VONDH,VONB,Gujarat,,23.303951,70.399876,False,0,633.0
VIRAPUR,VP,Andhra Pradesh,SCR,15.158976,77.131692,True,4,574.0
VIDYAPATIDHAM,VPDA,Bihar,,25.6020648574,85.80243268800001,True,3,711.0
VENTRAPRAGADA,VPG,Andhra Pradesh,SCR,16.473819,80.914447,False,0,574.0
Vachaspati Nagar,VPH,Bihar,ECR,26.400204,86.325158,False,0,711.0
VALYAMPATTI,VPJ,Tamil Nadu,,10.544055019,78.3098143988,False,0,557.0
VENKATAMPALLE,VPL,Andhra Pradesh,,15.0448535871,77.44160447690001,True,2,574.0
VIDYAPATINAGAR,VPN,Bihar,ECR,25.6019748574,85.80234268800001,False,0,711.0
BHUPIA MAU,VPO,Uttar Pradesh,NR,25.875223,81.970286,True,4,1205.0
VISAPUR,VPR,Maharashtra,,18.82295,74.598861,True,8,754.0
VIRUDUNAGAR JN,VPT,Tamil Nadu,,9.596405,77.95773700000001,True,58,557.0
VELPURU,VPU,Andhra Pradesh,SCR,16.725963999999998,81.662635,False,0,574.0
VYASARPADI,VPY,Tamil Nadu,,13.108535,80.256817,False,0,557.0
Vailapuzha,VPZ,Kerala,SR,10.842076,76.252495,True,2,183.0
VIRAMDAD,VQD,Gujarat,WR,22.197917,69.575526,True,2,633.0
VIRAR,VR,Maharashtra,WR,19.454407,72.811737,True,13,754.0
Valavanur,VRA,Tamil Nadu,SR,11.917402,79.573803,False,0,557.0
VISHRAMBAG,VRB,Maharashtra,CR,16.850569999999998,74.602231,False,1,754.0
VRINDABAN ROAD,VRBD,Uttar Pradesh,,27.555461,77.622835,False,0,1205.0
VARADAPUR,VRDP,Karnataka,,12.9226601895,78.1915680487,False,0,416.0
VAREDIYA,VRE,Gujarat,,21.85838,73.048979,True,4,633.0
VIKRAMNAGAR,VRG,Madhya Pradesh,WR,23.162187,75.817754,True,4,614.0
VIRBHADRA,VRH,Uttarakhand,NR,30.074509,78.251864,True,2,46.0
VRIDHACHALAM JN,VRI,Tamil Nadu,,11.534965,79.316073,True,53,557.0
Vadaj,VRJ,Gujarat,WR,23.0676672,72.5657588,False,0,633.0
Virkudi,VRK,Tamil Nadu,,10.817963,79.648304,False,0,557.0
Varkhedi,VRKD,Maharashtra,CR,20.6575236,75.443917,False,0,754.0
VERAVAL,VRL,Gujarat,WR,20.913351,70.370689,True,14,633.0
Veraval Mg,VRLF,Gujarat,,20.913261,70.370599,False,0,633.0
VIRANI ALUR,VRLR,Tamil Nadu,SR,8.1946448621,77.3686992383,True,3,557.0
VARNAMA,VRM,Gujarat,,22.184274,73.16928300000001,True,2,633.0
VANGANUR,VRN,Andhra Pradesh,,14.847442,78.080906,True,2,574.0
VIRAPANDY ROAD,VRPD,Tamil Nadu,,11.59699,78.07458100000001,False,0,557.0
VIRARAKKIYAM,VRQ,Tamil Nadu,SR,10.939107,78.165859,False,0,557.0
VIRPUR,VRR,Gujarat,WR,21.848343,70.707212,True,10,633.0
VRIDDHACHALM TN,VRT,Tamil Nadu,,11.482273,79.279462,False,0,557.0
VALIVERU,VRU,Andhra Pradesh,,16.188934,80.605456,False,0,574.0
VIRAVADA,VRV,Gujarat,NWR,23.612331,73.07902999999999,False,0,633.0
VIRAVALLI,VRVL,Andhra Pradesh,,16.615947,80.912201,True,3,574.0
VARAHI,VRX,Gujarat,WR,23.800674,71.43129599999999,False,0,633.0
VISHVAMITRI,VS,Gujarat,,22.283933,73.178656,True,7,633.0
VASIND,VSD,Maharashtra,,19.406422,73.26768899999999,False,0,754.0
VASCO DA GAMA,VSG,Goa,SWR,15.397241,73.813425,True,15,21.0
Vishvamitri,VSI,Gujarat,WR,22.2840125,73.1794959,False,0,633.0
VISHAKAPATNAM,VSKP,Andhra Pradesh,,17.72159,83.289514,True,198,574.0
WASANAPURA,VSP,Maharashtra,,19.884978,79.327833,False,0,754.0
BISHNUPRIYA,VSPR,West Bengal,ER,23.413186,88.3552,False,0,713.0
BIJAYSOTA,VST,Madhya Pradesh,WCR,23.978724,81.11095900000001,True,2,614.0
BISHNUPUR,VSU,West Bengal,SER,23.065499000000003,87.30107100000001,True,28,713.0
VASADVA,VSV,Gujarat,,23.0351625148,71.5952838086,False,0,633.0
Visavadar,VSW,Gujarat,WR,21.341738000000003,70.755622,False,0,633.0
VELLORE TOWN,VT,Tamil Nadu,SR,12.923647,79.125213,False,1,557.0
VATVA,VTA,Gujarat,,22.9597285492,72.6294363164,True,4,633.0
Venkatagiri Kote Halt,VTE,Karnataka,SWR,13.32831,77.73159,False,0,416.0
Bhetaguri,VTG,West Bengal,NFR,26.3029681,89.6653098,False,0,713.0
VARTEJ,VTJ,Gujarat,WR,21.746198,72.05519899999999,True,6,633.0
VALLATHOL NAGAR,VTK,Kerala,,10.731563,76.280933,False,0,183.0
Vadtal Swaminarayan,VTL,Gujarat,WR,22.591636,72.876748,False,0,633.0
VETAPALEMU,VTM,Andhra Pradesh,,15.783376,80.30065,True,10,574.0
VAITARNA,VTN,Maharashtra,WR,19.517672,72.849578,True,2,754.0
VASTRAPUR,VTP,Gujarat,WR,23.00802,72.517982,False,0,633.0
VALANTARAVAL,VTV,Tamil Nadu,SR,9.337064,78.911814,False,0,557.0
VAGHPURA,VU,Gujarat,,23.781878,71.34996600000001,False,0,633.0
Virul,VUL,Maharashtra,CR,20.8035599,78.3387161,False,0,754.0
VALIVADE,VV,Maharashtra,CR,16.703574,74.298965,True,9,754.0
VARVALA,VVA,Gujarat,WR,22.2995032641,68.9678414502,True,5,633.0
VIVEKA VIHAR,VVB,Delhi NCT,NR,28.673319000000003,77.31951000000001,True,4,28.0
Vavdi,VVD,Gujarat,WR,21.714204,70.793468,False,0,633.0
VIDYAVIHAR,VVH,Maharashtra,,19.079258,72.897181,False,0,754.0
VIVEKANANDA NAGAR,VVKN,Maharashtra,,19.997086,79.259191,False,0,754.0
VIVEKANAND PURI HALT,VVKP,Delhi NCT,NR,28.664098,77.183702,False,0,28.0
Viravasaram,VVM,Andhra Pradesh,SCR,16.542123999999998,81.63254,True,8,574.0
VIKRAVANDI,VVN,Tamil Nadu,,12.037928,79.538038,False,0,557.0
VAVERA,VVV,Gujarat,WR,21.062395,71.441677,False,0,633.0
VIDURASWATTHA,VWA,Karnataka,,13.665712999999998,77.509785,True,2,416.0
VADOD,VXD,Gujarat,,22.515278,73.00645,True,4,633.0
Vellipalayam,VXM,Tamil Nadu,SR,10.775837,79.843856,False,0,557.0
VYARA,VYA,Gujarat,,21.118142,73.383847,True,19,633.0
VILAYATKALAN RD,VYK,Madhya Pradesh,,23.708924,80.610102,True,3,614.0
VYASNAGAR,VYN,Uttar Pradesh,,25.29701,83.071351,True,4,1205.0
VIJAYAMANGALAM,VZ,Tamil Nadu,,11.195525,77.522231,False,0,557.0
VIZIANAGRAM JN,VZM,Andhra Pradesh,,18.111374,83.39558600000001,True,148,574.0
Vazeerpur Halt,VZPH,Uttar Pradesh,NER,28.148542000000003,79.86398899999999,False,0,1205.0
Bhanjpur,VZR,Odisha,,21.95074,86.73407,False,0,235.0
BALWA,WAB,Gujarat,WR,21.895867000000003,69.961069,False,0,633.0
WADI,WADI,Karnataka,,17.054312,76.99154999999999,True,68,416.0
WADODA,WADO,Maharashtra,,20.8885446711,76.279846955,False,0,754.0
WAIR,WAIR,Uttar Pradesh,,28.347255,77.69926699999999,False,1,1205.0
WANI,WANI,Maharashtra,CR,20.06638,78.962635,True,2,754.0
Warud,WARUD,Maharashtra,CR,20.74690547756532,78.65141943097115,False,0,754.0
WALTAIR,WAT,Andhra Pradesh,,17.7223773,83.29008089999999,False,0,574.0
WADHWAN CITY,WC,Gujarat,WR,22.702931,71.67236,True,7,633.0
WEST CABIN GAYA,WCB,Bihar,,24.798676,84.971299,False,0,711.0
WIMCO NAGAR,WCN,Tamil Nadu,,13.180491,80.305807,False,0,557.0
WADRENGDISA,WDA,Assam,NFR,25.263973,93.177527,False,0,278.0
WDC,WDC,,,,,False,0,
Wadegaon,WDG,Maharashtra,SECR,20.76451,79.981617,False,0,754.0
WADHARVA,WDHR,Gujarat,,23.07645,70.828521,False,0,633.0
Wanderjatana,WDJ,Punjab,NR,30.564802,74.740729,False,0,297.0
WANDAL,WDL,Karnataka,SWR,16.416601,75.86371000000001,False,0,416.0
WADWAL NAGNATH,WDLN,Maharashtra,SCR,18.538466,76.80741,True,4,754.0
WYNDHAMGANJ,WDM,Uttar Pradesh,ECR,24.264112,83.401605,True,10,1205.0
VADGAON NILA,WDN,Maharashtra,,18.929059,76.643889,True,4,754.0
WADIARAM,WDR,Andhra Pradesh,SCR,17.972607,78.455417,True,4,574.0
WADSINGE,WDS,Maharashtra,,18.0661323043,75.4887746527,True,2,754.0
Wellington,WEL,Tamil Nadu,SR,11.3559,76.786078,True,4,557.0
Wena,WENA,Bihar,ECR,25.3266239799,85.5319560193,True,4,711.0
WHITEFIELD,WFD,Karnataka,,12.995253,77.76130500000001,True,11,416.0
WAGHOLI,WG,Maharashtra,,20.585085,78.767038,False,0,754.0
WAGHODA,WGA,Madhya Pradesh,CR,21.255951999999997,76.08875499999999,False,0,614.0
Waghai,WGI,Gujarat,WR,20.77263815588545,73.50047372281551,False,0,633.0
WARIS GANJ HALT,WGJ,Uttar Pradesh,,26.4345040815,81.6954767206,False,0,1205.0
WEST HILL,WH,Kerala,SR,11.28603,75.765232,False,0,183.0
WASHIM,WHM,Maharashtra,SCR,20.103101,77.147986,True,26,754.0
WAIR,WIR,Uttar Pradesh,,28.347316,77.699434,False,0,1205.0
WIRUR,WIRR,Maharashtra,,19.641288000000003,79.430571,True,2,754.0
WALAJABAD,WJ,Tamil Nadu,SR,12.797321,79.81836999999999,False,0,557.0
WALAJAH ROAD JN,WJR,Tamil Nadu,,12.970676,79.360511,True,18,557.0
VAKAV,WKA,Maharashtra,,17.988187,75.579724,True,2,754.0
WADAKANCHERI,WKI,Kerala,,10.648956,76.237041,True,31,183.0
WANKANER JN,WKR,Gujarat,WR,22.622552,70.96561700000001,True,51,633.0
WANKANER CITY,WKRC,Gujarat,WR,22.61181,70.956182,True,2,633.0
WARANGAL,WL,Andhra Pradesh,SCR,17.972477,79.604929,True,135,574.0
Walgaon,WLGN,Maharashtra,,21.020729000000003,77.71074,False,0,754.0
VALHA,WLH,Maharashtra,CR,18.1836347437,74.1605539337,False,0,754.0
Wan Road,WND,Maharashtra,SCR,21.21501,76.82043300000001,True,4,754.0
WANEGAON,WNG,Maharashtra,SCR,19.1668082025,77.2501103802,True,5,754.0
Warud Orange City,WOC,Maharashtra,,21.458720999999997,78.276164,False,0,754.0
WANGAPALLI,WP,Telangana,,17.580557000000002,78.983664,True,2,150.0
WANPARTI ROAD,WPR,Telangana,,16.3820535896,77.88514998289999,True,6,150.0
WARDHA JN,WR,Maharashtra,,20.732777,78.594157,True,71,754.0
WALAYAR,WRA,Tamil Nadu,,10.8471810329,76.8376135147,False,0,557.0
W R S COLONY PH,WRC,Chhattisgarh,,21.277968,81.639183,True,2,162.0
Warudkhed,WRD,Maharashtra,CR,20.3883851,77.6196656,False,0,754.0
WARIGAON NEWADA,WRGN,Uttar Pradesh,NR,25.586146,82.56831600000001,False,0,1205.0
WARORA,WRR,Maharashtra,,20.244263,79.00994399999999,True,15,754.0
WARIS ALEGANJ,WRS,Bihar,ECR,25.015425,85.642177,True,4,711.0
Wadsa,WSA,Maharashtra,SECR,20.624198,79.96351299999999,True,4,754.0
WASHIMBE,WSB,Maharashtra,,18.284021,75.003799,True,2,754.0
SHIVARAMPUR,WSC,Uttar Pradesh,,27.244947755,78.2071583875,False,0,1205.0
WASUD,WSD,Maharashtra,CR,17.377406,75.14765299999999,False,0,754.0
VASAN IYAWA,WSE,Gujarat,,23.0265576118,72.3131250098,True,2,633.0
WANSJALIYA,WSJ,Gujarat,WR,21.799383,69.873569,True,10,633.0
WASHERMANPET,WST,Tamil Nadu,,13.1092227,80.28302000000001,True,2,557.0
JAM WANTHALI,WTJ,Gujarat,WR,22.429409,70.321802,True,6,633.0
Water Pipe,WTP,Maharashtra,,19.009064,73.290406,False,0,754.0
WATHAR,WTR,Maharashtra,CR,17.89054,74.135767,True,7,754.0
Wanabar,WW,Bihar,?,25.006278,84.97751000000001,False,0,711.0
VAVANIYA,WWA,Gujarat,,23.0072062075,70.61468985409999,False,0,633.0
WAZERGANJ,WZJ,Bihar,ECR,24.813122,85.225637,True,2,711.0
Aman Lodge,X108,Maharashtra,,18.997761,73.27608000000001,False,0,754.0
Bachharpur Halt,XBAC,Bihar,ECR,,,False,0,711.0
Bikramganj,XBKJ,Bihar,ECR,25.218914,84.27373100000001,False,0,711.0
Xcbn,XCBN,Uttar Pradesh,,25.303843,83.16958199999999,False,0,1205.0
Gokulnagar,XGN,Bihar,,25.4879748709,85.30219143549999,False,0,711.0
Kamta,XKA,Bihar,,25.336573948,85.27774552000001,False,0,711.0
SADIPUR HALT,XSAD,Bihar,?,24.932654,85.596052,False,0,711.0
SARVODAYA HALT,XSAN,Bihar,,25.554117487,84.5006828052,False,0,711.0
SOKALI,XSK,Gujarat,,23.1031879212,72.09033854249999,False,0,633.0
XX-ANK,XX-ANK,,,,,False,0,
XX-BDXO,XX-BDXO,,,,,False,0,
XX-BECE,XX-BECE,,,,,False,0,
XX-BSBC,XX-BSBC,,,,,False,0,
XX-BSPY,XX-BSPY,,,,,False,0,
XX-CLDO,XX-CLDO,,,,,False,0,
XX-CPHO,XX-CPHO,,,,,False,0,
XX-GTLB,XX-GTLB,,,,,False,0,
XX-HPTB,XX-HPTB,,,,,False,0,
XX-JSGB,XX-JSGB,,,,,False,0,
XX-KJMB,XX-KJMB,,,,,False,0,
XX-MEJB,XX-MEJB,,,,,False,0,
XX-SUNB,XX-SUNB,,,,,False,0,
XX-TNAB,XX-TNAB,,,,,False,0,
XX-TNGC,XX-TNGC,,,,,False,0,
YELIYUR,Y,Karnataka,SWR,12.5106209267,76.82957502260001,True,4,416.0
YERRAGUNTLA,YA,Andhra Pradesh,,14.642328,78.534003,True,42,574.0
YEULKHED,YAD,Maharashtra,,20.724559000000003,77.07497000000001,False,0,754.0
YADA,YADA,Andhra Pradesh,,15.4081185,78.9903521,False,0,574.0
YAQUTGANJ,YAG,Uttar Pradesh,,27.32595,79.618493,False,0,1205.0
YAKUT PUR(YKA,YAKUT PUR(YKA,,,,,False,0,
YATALURU,YAL,Andhra Pradesh,,13.893494,79.626238,False,0,574.0
YADUDIH,YDD,Jharkhand,,24.329875,85.70089899999999,False,0,270.0
Yedekumeri,YDK,Karnataka,SWR,12.823403,75.622206,False,0,416.0
YADALAPUR,YDLP,Karnataka,,16.384372,77.326596,False,0,416.0
Yedamangala,YDM,Karnataka,SWR,12.714668,75.44308500000001,True,3,416.0
Yedapalli,YDP,Andhra Pradesh,SCR,18.678662,77.952866,False,0,574.0
Yadvendranagar,YDV,Uttar Pradesh,NER,25.756558,82.75140999999999,False,0,1205.0
Yogendra Dham Halt,YEAM,Uttar Pradesh,NER,27.454598,81.728543,False,0,1205.0
YUSUFPUR,YFP,Uttar Pradesh,NER,25.639006,83.74868400000001,True,18,1205.0
YADGIR,YG,Karnataka,,16.744396,77.13036600000001,True,48,416.0
Yerra Goppa Halt,YGA,Karnataka,SWR,15.905354,75.64807800000001,False,0,416.0
YERRAGUDIPAD,YGD,Andhra Pradesh,,14.618673,78.606374,True,2,574.0
YELGUR,YGL,Andhra Pradesh,SCR,17.860901,79.74703099999999,True,2,574.0
YADUGRAM BH,YGM,Jharkhand,,24.543289,85.32401399999999,False,0,270.0
YAMUNANAGAR JAGADHARI,YJUD,Haryana,,30.1174255334,77.28757996649999,False,0,201.0
YAKUTPURA KACHEGUDA,YKA,Telangana,,17.359554,78.49171100000001,True,2,150.0
YEOLA,YL,Maharashtra,,20.043189,74.503246,True,10,754.0
YALVIGI,YLG,Karnataka,SWR,15.0342535867,75.4094012659,True,4,416.0
YELLAKARU,YLK,Andhra Pradesh,,13.84646,79.65057200000001,True,2,574.0
ELLAMANCHILI,YLM,Andhra Pradesh,,17.553652000000003,82.85262,True,29,574.0
YENOR,YNA,Maharashtra,,20.508138,78.837091,False,0,754.0
YENUGONDA,YNG,Telangana,,16.758073,78.036337,False,1,150.0
YELHANKA JN,YNK,Karnataka,,13.102795,77.593069,True,43,416.0
ERRUPALEM,YP,Andhra Pradesh,SCR,16.825374,80.471049,True,4,574.0
YERPEDU,YPD,Andhra Pradesh,,13.689108,79.578514,True,6,574.0
YESVANTPUR JN,YPR,Karnataka,,13.022839,77.55117399999999,True,143,416.0
YERMARAS,YS,Karnataka,,16.272482,77.34747,False,0,416.0
YEDESHI,YSI,Maharashtra,CR,18.317378,75.97657,True,2,754.0
YASANTAPUR,YSPM,Telangana,,17.736740181200002,79.20499763309999,False,0,150.0
YEVAT,YT,Maharashtra,,18.4889359723,74.2563176276,True,8,754.0
Yavatmal,YTL,Maharashtra,CR,20.387302241829445,78.11973326839507,False,0,754.0
YY-BINP,YY-BINP,,,,,False,0,
YY-BJUC,YY-BJUC,,,,,False,0,
YY-BPLC,YY-BPLC,,,,,False,0,
YY-DKJC,YY-DKJC,,,,,False,0,
YY-IDHW,YY-IDHW,,,,,False,0,
YY-MLYB,YY-MLYB,,,,,False,0,
YY-MMRX,YY-MMRX,,,,,False,0,
YY-WADB,YY-WADB,,,,,False,0,
ZARAP,ZARP,Maharashtra,KR,15.94768,73.734105,True,2,754.0
Zahirabad,ZB,Andhra Pradesh,SCR,17.674958,77.61021299999999,True,16,574.0
ZAFARABAD JN,ZBD,Uttar Pradesh,,25.708436,82.719014,True,20,1205.0
Zankhvav,ZKV,Gujarat,WR,21.45148506222334,73.31783892586827,False,0,633.0
JANGAON,ZN,Telangana,,17.725115,79.15473399999999,True,31,150.0
ZAMANIA,ZNA,Uttar Pradesh,,25.373856,83.54365,True,24,1205.0
Zindpura,ZNP,Uttar Pradesh,NER,28.191347,79.849699,False,0,1205.0
Zarpur Pali,ZP,Haryana,NWR,28.281073000000003,76.14827000000001,False,0,201.0
Zampini,ZPI,Andhra Pradesh,SCR,16.199033,80.71400799999999,True,3,574.0
ZANGALAPALLE,ZPL,Andhra Pradesh,,14.591854,77.640854,True,6,574.0
Zorawar Pura Halt,ZPR,Rajasthan,,29.762905,73.44881699999999,False,0,645.0
JIRADEI,ZRDE,Bihar,,26.220819,84.256142,True,6,711.0
ZAWAR,ZW,Rajasthan,NWR,24.358621,73.731959,True,2,645.0
